t,qdot,p_tip,d,d_des,rcm_error,rcm_error_norm_mm,length,depth_target
0.00000,-0.004874 -0.023180 0.005197 0.086694 0.010269 0.115879 -0.005932,0.420000 -0.000000 0.270000,0.000000 -0.000000 -1.000000,0.004364 0.004363 -0.999981,-0.000000 -0.000000 -0.000000,0.000105,0.150000,0.150400
0.01000,-0.006810 -0.016004 0.002403 0.094059 0.020441 0.129751 -0.013356,0.420067 0.000028 0.269664,0.000190 0.000134 -1.000000,0.008726 0.008726 -0.999924,0.000038 0.000007 0.000000,0.039081,0.150336,0.150800
0.02000,-0.008692 -0.009025 -0.000243 0.101404 0.030261 0.143921 -0.020535,0.420078 0.000068 0.269249,0.000306 0.000384 -1.000000,0.013089 0.013089 -0.999829,0.000032 0.000010 0.000000,0.033138,0.150751,0.151200
0.03000,-0.010489 -0.002314 -0.002811 0.108453 0.039840 0.157547 -0.027524,0.420125 0.000127 0.268853,0.000587 0.000750 -1.000000,0.017450 0.017452 -0.999695,0.000036 0.000014 0.000000,0.038727,0.151147,0.151600
0.04000,-0.012208 0.004155 -0.005288 0.115287 0.049161 0.170854 -0.034318,0.420184 0.000204 0.268452,0.000967 0.001231 -0.999999,0.021810 0.021815 -0.999524,0.000038 0.000017 0.000000,0.041510,0.151548,0.152000
0.05000,-0.013849 0.010381 -0.007683 0.121890 0.058243 0.183794 -0.040930,0.420262 0.000297 0.268053,0.001458 0.001821 -0.999997,0.026168 0.026177 -0.999315,0.000040 0.000020 0.000000,0.045183,0.151947,0.152400
0.06000,-0.015410 0.016368 -0.009999 0.128272 0.067094 0.196387 -0.047368,0.420356 0.000407 0.267654,0.002055 0.002519 -0.999995,0.030525 0.030538 -0.999067,0.000043 0.000023 0.000000,0.048738,0.152347,0.152800
0.07000,-0.016892 0.022122 -0.012241 0.134438 0.075726 0.208638 -0.053639,0.420466 0.000534 0.267255,0.002754 0.003321 -0.999991,0.034879 0.034899 -0.998782,0.000045 0.000026 0.000000,0.052394,0.152747,0.153200
0.08000,-0.018295 0.027646 -0.014411 0.140393 0.084147 0.220555 -0.059751,0.420592 0.000676 0.266856,0.003554 0.004224 -0.999985,0.039230 0.039260 -0.998459,0.000048 0.000029 0.000000,0.056065,0.153147,0.153600
0.09000,-0.019619 0.032946 -0.016513 0.146141 0.092366 0.232145 -0.065712,0.420734 0.000835 0.266457,0.004451 0.005225 -0.999976,0.043578 0.043619 -0.998097,0.000050 0.000032 0.000000,0.059751,0.153547,0.154000
0.10000,-0.020864 0.038025 -0.018551 0.151687 0.100394 0.243415 -0.071527,0.420891 0.001008 0.266060,0.005443 0.006321 -0.999965,0.047923 0.047978 -0.997698,0.000053 0.000035 0.000001,0.063428,0.153946,0.154400
0.11000,-0.022032 0.042888 -0.020527 0.157035 0.108237 0.254372 -0.077205,0.421063 0.001197 0.265663,0.006526 0.007510 -0.999951,0.052265 0.052336 -0.997261,0.000055 0.000038 0.000001,0.067108,0.154346,0.154800
0.12000,-0.023122 0.047540 -0.022445 0.162190 0.115904 0.265023 -0.082751,0.421250 0.001401 0.265266,0.007700 0.008789 -0.999932,0.056602 0.056693 -0.996786,0.000058 0.000040 0.000001,0.070767,0.154745,0.155200
0.13000,-0.024135 0.051984 -0.024307 0.167157 0.123404 0.275374 -0.088171,0.421451 0.001619 0.264870,0.008960 0.010155 -0.999908,0.060935 0.061048 -0.996273,0.000061 0.000043 0.000001,0.074373,0.155145,0.155600
0.14000,-0.025072 0.056226 -0.026116 0.171939 0.130743 0.285434 -0.093471,0.421666 0.001851 0.264476,0.010304 0.011606 -0.999880,0.065263 0.065403 -0.995722,0.000063 0.000045 0.000001,0.077949,0.155544,0.156000
0.15000,-0.025933 0.060269 -0.027874 0.176540 0.137929 0.295207 -0.098657,0.421895 0.002097 0.264082,0.011731 0.013140 -0.999845,0.069587 0.069756 -0.995134,0.000066 0.000048 0.000001,0.081480,0.155943,0.156400
0.16000,-0.026120 0.063431 -0.024749 0.182484 0.133484 0.304411 -0.095383,0.422138 0.002357 0.263690,0.013238 0.014753 -0.999804,0.073928 0.069756 -0.994821,0.000069 0.000050 0.000002,0.084966,0.156343,0.156800
0.17000,-0.026290 0.066450 -0.021694 0.188235 0.129168 0.313404 -0.092172,0.422395 0.002607 0.263299,0.014823 0.016326 -0.999757,0.078268 0.069756 -0.994489,0.000072 0.000048 0.000002,0.086695,0.156741,0.157200
0.18000,-0.026454 0.069330 -0.018725 0.193802 0.124979 0.322201 -0.089050,0.422665 0.002853 0.262908,0.016482 0.017856 -0.999705,0.082607 0.069756 -0.994138,0.000075 0.000047 0.000002,0.088955,0.157140,0.157600
0.19000,-0.026611 0.072073 -0.015834 0.199188 0.120913 0.330805 -0.086007,0.422948 0.003093 0.262519,0.018213 0.019343 -0.999647,0.086944 0.069756 -0.993768,0.000079 0.000046 0.000002,0.091202,0.157539,0.158000
0.20000,-0.026760 0.074682 -0.013020 0.204399 0.116967 0.339221 -0.083041,0.423243 0.003328 0.262131,0.020015 0.020789 -0.999584,0.091279 0.069756 -0.993379,0.000082 0.000045 0.000003,0.093551,0.157937,0.158400
0.21000,-0.026903 0.077161 -0.010282 0.209441 0.113136 0.347455 -0.080150,0.423551 0.003558 0.261744,0.021886 0.022196 -0.999514,0.095613 0.069756 -0.992971,0.000085 0.000044 0.000003,0.095961,0.158336,0.158800
0.22000,-0.027040 0.079510 -0.007616 0.214316 0.109415 0.355512 -0.077330,0.423870 0.003784 0.261358,0.023824 0.023565 -0.999438,0.099944 0.069756 -0.992545,0.000089 0.000043 0.000003,0.098436,0.158734,0.159200
0.23000,-0.027172 0.081734 -0.005020 0.219030 0.105802 0.363396 -0.074578,0.424202 0.004004 0.260974,0.025826 0.024896 -0.999356,0.104274 0.069756 -0.992099,0.000092 0.000042 0.000003,0.100959,0.159132,0.159600
0.24000,-0.026121 0.077719 -0.004481 0.214807 0.103021 0.356897 -0.072486,0.424545 0.004219 0.260590,0.027892 0.026191 -0.999268,0.104274 0.069756 -0.992099,0.000095 0.000041 0.000004,0.103532,0.159530,0.160000
0.25000,-0.024162 0.111449 -0.013144 0.136604 0.100474 0.246934 -0.072831,0.424878 0.004430 0.260206,0.029902 0.027448 -0.999176,0.104274 0.069756 -0.992099,0.000096 0.000040 0.000004,0.104247,0.159929,0.160000
0.26000,-0.023342 0.108343 -0.012771 0.132781 0.097803 0.240460 -0.070913,0.425150 0.004623 0.260160,0.031791 0.028657 -0.999084,0.104274 0.069756 -0.992099,0.000064 0.000038 0.000003,0.074684,0.159990,0.160000
0.27000,-0.022537 0.105184 -0.012425 0.129183 0.095275 0.233910 -0.069077,0.425483 0.004812 0.260193,0.033808 0.029834 -0.998983,0.104274 0.069756 -0.992099,0.000074 0.000039 0.000004,0.083967,0.159974,0.160000
0.28000,-0.021767 0.102158 -0.012081 0.125656 0.092784 0.227608 -0.067273,0.425788 0.004994 0.260205,0.035722 0.030977 -0.998882,0.104274 0.069756 -0.992099,0.000073 0.000039 0.000004,0.082874,0.159977,0.160000
0.29000,-0.021025 0.099213 -0.011746 0.122232 0.090357 0.221454 -0.065515,0.426089 0.005172 0.260224,0.037597 0.032088 -0.998778,0.104274 0.069756 -0.992099,0.000075 0.000039 0.000004,0.084457,0.159976,0.160000
0.30000,-0.020311 0.096359 -0.011418 0.118900 0.087987 0.215470 -0.063797,0.426381 0.005345 0.260241,0.039417 0.033166 -0.998672,0.104274 0.069756 -0.992099,0.000076 0.000039 0.000004,0.085230,0.159976,0.160000
0.31000,-0.019624 0.093590 -0.011099 0.115659 0.085674 0.209645 -0.062120,0.426666 0.005512 0.260259,0.041188 0.034214 -0.998565,0.104274 0.069756 -0.992099,0.000077 0.000039 0.000004,0.086105,0.159975,0.160000
0.32000,-0.018962 0.090905 -0.010787 0.112507 0.083416 0.203976 -0.060484,0.426942 0.005675 0.260276,0.042910 0.035231 -0.998458,0.104274 0.069756 -0.992099,0.000078 0.000039 0.000005,0.086857,0.159975,0.160000
0.33000,-0.018325 0.088299 -0.010482 0.109442 0.081212 0.198460 -0.058886,0.427211 0.005833 0.260294,0.044586 0.036220 -0.998349,0.104274 0.069756 -0.992099,0.000078 0.000039 0.000005,0.087539,0.159975,0.160000
0.34000,-0.017712 0.085771 -0.010184 0.106460 0.079063 0.193091 -0.057328,0.427472 0.005986 0.260312,0.046216 0.037180 -0.998239,0.104274 0.069756 -0.992099,0.000079 0.000039 0.000005,0.088150,0.159975,0.160000
0.35000,-0.017122 0.083319 -0.009894 0.103560 0.076965 0.187866 -0.055807,0.427727 0.006136 0.260330,0.047801 0.038112 -0.998130,0.104274 0.069756 -0.992099,0.000080 0.000039 0.000005,0.088684,0.159975,0.160000
0.36000,-0.016553 0.080939 -0.009611 0.100739 0.074919 0.182782 -0.054323,0.427974 0.006280 0.260348,0.049343 0.039018 -0.998019,0.104274 0.069756 -0.992099,0.000080 0.000038 0.000005,0.089155,0.159975,0.160000
0.37000,-0.016006 0.078630 -0.009335 0.097996 0.072924 0.177835 -0.052876,0.428214 0.006421 0.260366,0.050843 0.039898 -0.997909,0.104274 0.069756 -0.992099,0.000081 0.000038 0.000006,0.089555,0.159974,0.160000
0.38000,-0.015478 0.076389 -0.009066 0.095328 0.070978 0.173020 -0.051465,0.428448 0.006558 0.260383,0.052302 0.040752 -0.997799,0.104274 0.069756 -0.992099,0.000081 0.000038 0.000006,0.089896,0.159974,0.160000
0.39000,-0.014970 0.074215 -0.008804 0.092733 0.069080 0.168335 -0.050088,0.428675 0.006690 0.260401,0.053721 0.041582 -0.997690,0.104274 0.069756 -0.992099,0.000082 0.000038 0.000006,0.090171,0.159974,0.160000
0.40000,-0.014480 0.072105 -0.008549 0.090209 0.067230 0.163776 -0.048746,0.428896 0.006819 0.260419,0.055101 0.042388 -0.997581,0.104274 0.069756 -0.992099,0.000082 0.000038 0.000006,0.090393,0.159974,0.160000
0.41000,-0.014008 0.070057 -0.008300 0.087754 0.065426 0.159340 -0.047437,0.429111 0.006944 0.260436,0.056443 0.043171 -0.997472,0.104274 0.069756 -0.992099,0.000082 0.000038 0.000006,0.090553,0.159974,0.160000
0.42000,-0.013553 0.068070 -0.008057 0.085366 0.063667 0.155023 -0.046161,0.429321 0.007066 0.260454,0.057749 0.043932 -0.997364,0.104274 0.069756 -0.992099,0.000082 0.000038 0.000006,0.090664,0.159974,0.160000
0.43000,-0.013114 0.066141 -0.007821 0.083044 0.061953 0.150823 -0.044918,0.429524 0.007184 0.260471,0.059019 0.044671 -0.997257,0.104274 0.069756 -0.992099,0.000082 0.000038 0.000007,0.090720,0.159974,0.160000
0.44000,-0.012692 0.064269 -0.007591 0.080785 0.060282 0.146736 -0.043706,0.429722 0.007298 0.260488,0.060254 0.045388 -0.997151,0.104274 0.069756 -0.992099,0.000082 0.000037 0.000007,0.090729,0.159974,0.160000
0.45000,-0.012284 0.062451 -0.007368 0.078588 0.058654 0.142759 -0.042524,0.429914 0.007410 0.260505,0.061456 0.046085 -0.997045,0.104274 0.069756 -0.992099,0.000082 0.000037 0.000007,0.090688,0.159975,0.160000
0.46000,-0.011890 0.060687 -0.007150 0.076452 0.057067 0.138889 -0.041373,0.430101 0.007518 0.260522,0.062625 0.046762 -0.996941,0.104274 0.069756 -0.992099,0.000082 0.000037 0.000007,0.090604,0.159975,0.160000
0.47000,-0.011511 0.058974 -0.006938 0.074374 0.055521 0.135124 -0.040251,0.430283 0.007623 0.260538,0.063762 0.047420 -0.996838,0.104274 0.069756 -0.992099,0.000082 0.000037 0.000007,0.090475,0.159975,0.160000
0.48000,-0.011145 0.057311 -0.006732 0.072352 0.054015 0.131460 -0.039158,0.430459 0.007725 0.260554,0.064867 0.048059 -0.996736,0.104274 0.069756 -0.992099,0.000082 0.000037 0.000007,0.090305,0.159975,0.160000
0.49000,-0.010792 0.055697 -0.006531 0.070386 0.052547 0.127896 -0.038094,0.430631 0.007824 0.260570,0.065943 0.048679 -0.996635,0.104274 0.069756 -0.992099,0.000082 0.000036 0.000007,0.090097,0.159975,0.160000
0.50000,-0.010451 0.054130 -0.006336 0.068474 0.051117 0.124427 -0.037056,0.430798 0.007920 0.260586,0.066989 0.049282 -0.996536,0.104274 0.069756 -0.992099,0.000082 0.000036 0.000007,0.089850,0.159975,0.160000
0.51000,-0.010122 0.052608 -0.006146 0.066614 0.049725 0.121053 -0.036046,0.430961 0.008014 0.260602,0.068007 0.049867 -0.996438,0.104274 0.069756 -0.992099,0.000082 0.000036 0.000007,0.089569,0.159975,0.160000
0.52000,-0.009805 0.051130 -0.005961 0.064805 0.048369 0.117769 -0.035062,0.431119 0.008104 0.260617,0.068996 0.050436 -0.996341,0.104274 0.069756 -0.992099,0.000081 0.000036 0.000007,0.089252,0.159975,0.160000
0.53000,-0.009498 0.049695 -0.005782 0.063046 0.047048 0.114574 -0.034103,0.431273 0.008192 0.260632,0.069959 0.050988 -0.996246,0.104274 0.069756 -0.992099,0.000081 0.000036 0.000008,0.088904,0.159976,0.160000
0.54000,-0.009202 0.048302 -0.005607 0.061334 0.045761 0.111466 -0.033170,0.431422 0.008278 0.260647,0.070895 0.051525 -0.996152,0.104274 0.069756 -0.992099,0.000081 0.000035 0.000008,0.088522,0.159976,0.160000
0.55000,-0.008917 0.046949 -0.005438 0.059670 0.044509 0.108442 -0.032261,0.431568 0.008361 0.260662,0.071806 0.052046 -0.996060,0.104274 0.069756 -0.992099,0.000080 0.000035 0.000008,0.088116,0.159976,0.160000
0.56000,-0.008641 0.045635 -0.005273 0.058051 0.043289 0.105499 -0.031376,0.431709 0.008442 0.260676,0.072692 0.052552 -0.995969,0.104274 0.069756 -0.992099,0.000080 0.000035 0.000008,0.087677,0.159976,0.160000
0.57000,-0.008374 0.044358 -0.005112 0.056476 0.042101 0.102637 -0.030514,0.431847 0.008520 0.260691,0.073554 0.053044 -0.995880,0.104274 0.069756 -0.992099,0.000080 0.000035 0.000008,0.087218,0.159976,0.160000
0.58000,-0.008116 0.043119 -0.004957 0.054944 0.040945 0.099851 -0.029675,0.431980 0.008597 0.260704,0.074392 0.053522 -0.995792,0.104274 0.069756 -0.992099,0.000079 0.000034 0.000008,0.086728,0.159977,0.160000
0.59000,-0.007868 0.041915 -0.004805 0.053454 0.039819 0.097141 -0.028858,0.432110 0.008670 0.260718,0.075207 0.053986 -0.995706,0.104274 0.069756 -0.992099,0.000079 0.000034 0.000008,0.086220,0.159977,0.160000
0.60000,-0.007627 0.040745 -0.004658 0.052005 0.038723 0.094505 -0.028063,0.432237 0.008742 0.260731,0.076000 0.054436 -0.995621,0.104274 0.069756 -0.992099,0.000078 0.000034 0.000008,0.085682,0.159977,0.160000
0.61000,-0.007395 0.039610 -0.004516 0.050595 0.037656 0.091939 -0.027289,0.432359 0.008812 0.260745,0.076771 0.054874 -0.995538,0.104274 0.069756 -0.992099,0.000078 0.000034 0.000008,0.085133,0.159977,0.160000
0.62000,-0.007170 0.038506 -0.004377 0.049224 0.036618 0.089444 -0.026536,0.432479 0.008880 0.260757,0.077521 0.055299 -0.995456,0.104274 0.069756 -0.992099,0.000077 0.000033 0.000008,0.084555,0.159977,0.160000
0.63000,-0.006953 0.037434 -0.004242 0.047890 0.035607 0.087015 -0.025802,0.432595 0.008946 0.260770,0.078251 0.055712 -0.995376,0.104274 0.069756 -0.992099,0.000077 0.000033 0.000008,0.083968,0.159978,0.160000
0.64000,-0.006743 0.036393 -0.004111 0.046592 0.034623 0.084653 -0.025089,0.432708 0.009010 0.260782,0.078961 0.056114 -0.995297,0.104274 0.069756 -0.992099,0.000076 0.000033 0.000008,0.083354,0.159978,0.160000
0.65000,-0.006540 0.035382 -0.003984 0.045330 0.033666 0.082355 -0.024394,0.432818 0.009072 0.260794,0.079651 0.056503 -0.995220,0.104274 0.069756 -0.992099,0.000076 0.000032 0.000008,0.082734,0.159978,0.160000
0.66000,-0.006343 0.034399 -0.003861 0.044103 0.032734 0.080119 -0.023718,0.432925 0.009132 0.260806,0.080323 0.056882 -0.995145,0.104274 0.069756 -0.992099,0.000075 0.000032 0.000008,0.082086,0.159978,0.160000
0.67000,-0.006153 0.033444 -0.003741 0.042908 0.031828 0.077943 -0.023060,0.433029 0.009191 0.260818,0.080976 0.057250 -0.995071,0.104274 0.069756 -0.992099,0.000075 0.000032 0.000008,0.081440,0.159979,0.160000
0.68000,-0.005969 0.032516 -0.003625 0.041747 0.030946 0.075827 -0.022420,0.433130 0.009247 0.260829,0.081611 0.057607 -0.994998,0.104274 0.069756 -0.992099,0.000074 0.000032 0.000008,0.080764,0.159979,0.160000
0.69000,-0.005792 0.031615 -0.003512 0.040617 0.030087 0.073767 -0.021797,0.433228 0.009303 0.260840,0.082229 0.057954 -0.994927,0.104274 0.069756 -0.992099,0.000073 0.000031 0.000008,0.080093,0.159979,0.160000
0.70000,-0.005619 0.030739 -0.003403 0.039518 0.029252 0.071764 -0.021192,0.433324 0.009356 0.260851,0.082830 0.058291 -0.994857,0.104274 0.069756 -0.992099,0.000073 0.000031 0.000008,0.079394,0.159979,0.160000
0.71000,-0.005453 0.029888 -0.003296 0.038448 0.028439 0.069815 -0.020602,0.433417 0.009408 0.260862,0.083415 0.058619 -0.994789,0.104274 0.069756 -0.992099,0.000072 0.000031 0.000008,0.078700,0.159980,0.160000
0.72000,-0.005292 0.029061 -0.003193 0.037408 0.027648 0.067919 -0.020028,0.433507 0.009459 0.260872,0.083984 0.058937 -0.994723,0.104274 0.069756 -0.992099,0.000071 0.000030 0.000008,0.077980,0.159980,0.160000
0.73000,-0.005136 0.028258 -0.003093 0.036396 0.026879 0.066074 -0.019470,0.433595 0.009508 0.260883,0.084537 0.059246 -0.994657,0.104274 0.069756 -0.992099,0.000071 0.000030 0.000008,0.077272,0.159980,0.160000
0.74000,-0.004985 0.027477 -0.002996 0.035412 0.026131 0.064280 -0.018928,0.433680 0.009556 0.260892,0.085075 0.059546 -0.994594,0.104274 0.069756 -0.992099,0.000070 0.000030 0.000008,0.076535,0.159980,0.160000
0.75000,-0.004838 0.026718 -0.002902 0.034455 0.025403 0.062534 -0.018400,0.433763 0.009602 0.260902,0.085598 0.059838 -0.994531,0.104274 0.069756 -0.992099,0.000069 0.000029 0.000008,0.075812,0.159980,0.160000
0.76000,-0.004697 0.025981 -0.002811 0.033523 0.024695 0.060835 -0.017886,0.433844 0.009647 0.260912,0.086107 0.060121 -0.994470,0.104274 0.069756 -0.992099,0.000069 0.000029 0.000008,0.075060,0.159981,0.160000
0.77000,-0.004560 0.025264 -0.002722 0.032617 0.024006 0.059182 -0.017386,0.433923 0.009691 0.260921,0.086603 0.060396 -0.994411,0.104274 0.069756 -0.992099,0.000068 0.000029 0.000008,0.074325,0.159981,0.160000
0.78000,-0.004427 0.024568 -0.002636 0.031735 0.023336 0.057575 -0.016900,0.433999 0.009734 0.260930,0.087084 0.060664 -0.994352,0.104274 0.069756 -0.992099,0.000067 0.000029 0.000008,0.073563,0.159981,0.160000
0.79000,-0.004298 0.023891 -0.002552 0.030878 0.022684 0.056011 -0.016428,0.434074 0.009775 0.260939,0.087553 0.060923 -0.994295,0.104274 0.069756 -0.992099,0.000067 0.000028 0.000008,0.072822,0.159981,0.160000
0.80000,-0.004174 0.023233 -0.002471 0.030044 0.022050 0.054489 -0.015968,0.434146 0.009815 0.260947,0.088008 0.061175 -0.994239,0.104274 0.069756 -0.992099,0.000066 0.000028 0.000008,0.072052,0.159982,0.160000
0.81000,-0.004053 0.022593 -0.002393 0.029232 0.021433 0.053009 -0.015521,0.434216 0.009854 0.260956,0.088452 0.061421 -0.994185,0.104274 0.069756 -0.992099,0.000065 0.000028 0.000008,0.071304,0.159982,0.160000
0.82000,-0.003936 0.021972 -0.002317 0.028443 0.020834 0.051568 -0.015086,0.434284 0.009892 0.260964,0.088883 0.061659 -0.994132,0.104274 0.069756 -0.992099,0.000065 0.000027 0.000007,0.070527,0.159982,0.160000
0.83000,-0.003822 0.021368 -0.002243 0.027675 0.020251 0.050167 -0.014663,0.434351 0.009928 0.260972,0.089302 0.061890 -0.994080,0.104274 0.069756 -0.992099,0.000064 0.000027 0.000007,0.069773,0.159982,0.160000
0.84000,-0.003712 0.020780 -0.002172 0.026928 0.019683 0.048804 -0.014252,0.434415 0.009964 0.260980,0.089710 0.062114 -0.994029,0.104274 0.069756 -0.992099,0.000063 0.000027 0.000007,0.068997,0.159983,0.160000
0.85000,-0.003606 0.020210 -0.002102 0.026201 0.019132 0.047478 -0.013852,0.434478 0.009999 0.260988,0.090107 0.062333 -0.993980,0.104274 0.069756 -0.992099,0.000063 0.000026 0.000007,0.068229,0.159983,0.160000
0.86000,-0.003503 0.019655 -0.002035 0.025493 0.018596 0.046188 -0.013463,0.434539 0.010032 0.260995,0.090493 0.062545 -0.993931,0.104274 0.069756 -0.992099,0.000062 0.000026 0.000007,0.067451,0.159983,0.160000
0.87000,-0.003402 0.019115 -0.001970 0.024806 0.018074 0.044933 -0.013085,0.434599 0.010065 0.261002,0.090869 0.062751 -0.993884,0.104274 0.069756 -0.992099,0.000061 0.000026 0.000007,0.066681,0.159983,0.160000
0.88000,-0.003305 0.018591 -0.001906 0.024136 0.017567 0.043712 -0.012718,0.434656 0.010096 0.261009,0.091234 0.062951 -0.993838,0.104274 0.069756 -0.992099,0.000060 0.000025 0.000007,0.065902,0.159984,0.160000
0.89000,-0.003211 0.018081 -0.001845 0.023485 0.017074 0.042525 -0.012360,0.434712 0.010127 0.261016,0.091589 0.063145 -0.993793,0.104274 0.069756 -0.992099,0.000060 0.000025 0.000007,0.065133,0.159984,0.160000
0.90000,-0.003120 0.017586 -0.001786 0.022852 0.016594 0.041369 -0.012013,0.434767 0.010157 0.261023,0.091935 0.063334 -0.993749,0.104274 0.069756 -0.992099,0.000059 0.000025 0.000007,0.064355,0.159984,0.160000
0.91000,-0.003031 0.017104 -0.001728 0.022235 0.016128 0.040245 -0.011675,0.434820 0.010186 0.261030,0.092271 0.063517 -0.993706,0.104274 0.069756 -0.992099,0.000058 0.000025 0.000007,0.063587,0.159984,0.160000
0.92000,-0.002946 0.016636 -0.001672 0.021636 0.015675 0.039151 -0.011346,0.434872 0.010214 0.261036,0.092598 0.063695 -0.993664,0.104274 0.069756 -0.992099,0.000058 0.000024 0.000007,0.062813,0.159984,0.160000
0.93000,-0.002862 0.016180 -0.001618 0.021052 0.015234 0.038088 -0.011027,0.434922 0.010242 0.261042,0.092916 0.063868 -0.993623,0.104274 0.069756 -0.992099,0.000057 0.000024 0.000007,0.062048,0.159985,0.160000
0.94000,-0.002781 0.015737 -0.001566 0.020485 0.014805 0.037053 -0.010716,0.434971 0.010268 0.261048,0.093226 0.064036 -0.993584,0.104274 0.069756 -0.992099,0.000056 0.000024 0.000007,0.061278,0.159985,0.160000
0.95000,-0.002703 0.015307 -0.001515 0.019933 0.014389 0.036046 -0.010414,0.435018 0.010294 0.261054,0.093526 0.064200 -0.993545,0.104274 0.069756 -0.992099,0.000055 0.000023 0.000007,0.060518,0.159985,0.160000
0.96000,-0.002627 0.014889 -0.001466 0.019396 0.013984 0.035066 -0.010121,0.435064 0.010319 0.261060,0.093819 0.064358 -0.993507,0.104274 0.069756 -0.992099,0.000055 0.000023 0.000007,0.059753,0.159985,0.160000
0.97000,-0.002553 0.014482 -0.001418 0.018873 0.013590 0.034113 -0.009835,0.435109 0.010344 0.261066,0.094104 0.064512 -0.993470,0.104274 0.069756 -0.992099,0.000054 0.000023 0.000007,0.058998,0.159985,0.160000
0.98000,-0.002482 0.014086 -0.001372 0.018364 0.013207 0.033186 -0.009558,0.435153 0.010367 0.261071,0.094381 0.064662 -0.993434,0.104274 0.069756 -0.992099,0.000053 0.000022 0.000007,0.058241,0.159986,0.160000
0.99000,-0.002412 0.013701 -0.001327 0.017870 0.012835 0.032284 -0.009288,0.435195 0.010390 0.261077,0.094650 0.064808 -0.993399,0.104274 0.069756 -0.992099,0.000053 0.000022 0.000006,0.057492,0.159986,0.160000
1.00000,-0.002345 0.013327 -0.001284 0.017388 0.012473 0.031407 -0.009026,0.435237 0.010413 0.261082,0.094912 0.064949 -0.993365,0.104274 0.069756 -0.992099,0.000052 0.000022 0.000006,0.056742,0.159986,0.160000
1.01000,-0.002279 0.012964 -0.001242 0.016920 0.012121 0.030554 -0.008771,0.435277 0.010434 0.261087,0.095167 0.065086 -0.993331,0.104274 0.069756 -0.992099,0.000051 0.000022 0.000006,0.056001,0.159986,0.160000
1.02000,-0.002216 0.012610 -0.001201 0.016464 0.011779 0.029723 -0.008523,0.435316 0.010455 0.261092,0.095415 0.065219 -0.993299,0.104274 0.069756 -0.992099,0.000051 0.000021 0.000006,0.055259,0.159987,0.160000
1.03000,-0.002154 0.012266 -0.001162 0.016021 0.011447 0.028916 -0.008283,0.435354 0.010476 0.261097,0.095657 0.065349 -0.993267,0.104274 0.069756 -0.992099,0.000050 0.000021 0.000006,0.054526,0.159987,0.160000
1.04000,-0.002094 0.011932 -0.001124 0.015590 0.011124 0.028130 -0.008048,0.435391 0.010496 0.261101,0.095891 0.065475 -0.993236,0.104274 0.069756 -0.992099,0.000049 0.000021 0.000006,0.053795,0.159987,0.160000
1.05000,-0.002036 0.011607 -0.001087 0.015170 0.010810 0.027365 -0.007821,0.435426 0.010515 0.261106,0.096120 0.065597 -0.993206,0.104274 0.069756 -0.992099,0.000049 0.000020 0.000006,0.053070,0.159987,0.160000
1.06000,-0.001979 0.011290 -0.001051 0.014762 0.010504 0.026622 -0.007600,0.435461 0.010534 0.261110,0.096342 0.065716 -0.993177,0.104274 0.069756 -0.992099,0.000048 0.000020 0.000006,0.052349,0.159987,0.160000
1.07000,-0.001925 0.010983 -0.001016 0.014365 0.010208 0.025898 -0.007385,0.435495 0.010552 0.261115,0.096558 0.065831 -0.993148,0.104274 0.069756 -0.992099,0.000047 0.000020 0.000006,0.051635,0.159987,0.160000
1.08000,-0.001871 0.010684 -0.000983 0.013978 0.009919 0.025194 -0.007176,0.435528 0.010570 0.261119,0.096768 0.065943 -0.993120,0.104274 0.069756 -0.992099,0.000047 0.000020 0.000006,0.050923,0.159988,0.160000
1.09000,-0.001820 0.010393 -0.000950 0.013602 0.009639 0.024510 -0.006973,0.435560 0.010587 0.261123,0.096972 0.066052 -0.993093,0.104274 0.069756 -0.992099,0.000046 0.000019 0.000006,0.050218,0.159988,0.160000
1.10000,-0.001769 0.010110 -0.000919 0.013236 0.009366 0.023844 -0.006776,0.435592 0.010603 0.261127,0.097171 0.066158 -0.993066,0.104274 0.069756 -0.992099,0.000045 0.000019 0.000006,0.049520,0.159988,0.160000
1.11000,-0.001721 0.009835 -0.000888 0.012880 0.009101 0.023196 -0.006584,0.435622 0.010620 0.261131,0.097364 0.066261 -0.993041,0.104274 0.069756 -0.992099,0.000045 0.000019 0.000006,0.048825,0.159988,0.160000
1.12000,-0.001673 0.009568 -0.000859 0.012534 0.008844 0.022565 -0.006397,0.435651 0.010635 0.261135,0.097552 0.066360 -0.993016,0.104274 0.069756 -0.992099,0.000044 0.000019 0.000006,0.048138,0.159988,0.160000
1.13000,-0.001627 0.009308 -0.000830 0.012197 0.008594 0.021952 -0.006216,0.435680 0.010651 0.261138,0.097735 0.066457 -0.992991,0.104274 0.069756 -0.992099,0.000043 0.000018 0.000005,0.047456,0.159989,0.160000
1.14000,-0.001583 0.009055 -0.000802 0.011869 0.008350 0.021356 -0.006040,0.435708 0.010665 0.261142,0.097913 0.066552 -0.992967,0.104274 0.069756 -0.992099,0.000043 0.000018 0.000005,0.046780,0.159989,0.160000
1.15000,-0.001539 0.008809 -0.000775 0.011550 0.008114 0.020775 -0.005869,0.435735 0.010680 0.261145,0.098086 0.066643 -0.992944,0.104274 0.069756 -0.992099,0.000042 0.000018 0.000005,0.046108,0.159989,0.160000
1.16000,-0.001497 0.008570 -0.000750 0.011239 0.007884 0.020211 -0.005703,0.435761 0.010694 0.261149,0.098255 0.066732 -0.992921,0.104274 0.069756 -0.992099,0.000042 0.000017 0.000005,0.045447,0.159989,0.160000
1.17000,-0.001456 0.008337 -0.000724 0.010937 0.007661 0.019662 -0.005541,0.435787 0.010707 0.261152,0.098419 0.066818 -0.992899,0.104274 0.069756 -0.992099,0.000041 0.000017 0.000005,0.044787,0.159989,0.160000
1.18000,-0.001416 0.008111 -0.000700 0.010643 0.007444 0.019127 -0.005384,0.435812 0.010721 0.261155,0.098578 0.066902 -0.992878,0.104274 0.069756 -0.992099,0.000040 0.000017 0.000005,0.044138,0.159989,0.160000
1.19000,-0.001377 0.007890 -0.000677 0.010357 0.007233 0.018607 -0.005231,0.435836 0.010733 0.261158,0.098733 0.066984 -0.992857,0.104274 0.069756 -0.992099,0.000040 0.000017 0.000005,0.043490,0.159990,0.160000
1.20000,-0.001340 0.007676 -0.000654 0.010079 0.007028 0.018102 -0.005083,0.435860 0.010746 0.261161,0.098884 0.067063 -0.992837,0.104274 0.069756 -0.992099,0.000039 0.000016 0.000005,0.042854,0.159990,0.160000
1.21000,-0.001303 0.007468 -0.000632 0.009808 0.006829 0.017610 -0.004939,0.435883 0.010758 0.261164,0.099030 0.067140 -0.992817,0.104274 0.069756 -0.992099,0.000039 0.000016 0.000005,0.042217,0.159990,0.160000
1.22000,-0.001268 0.007266 -0.000610 0.009545 0.006635 0.017131 -0.004798,0.435905 0.010770 0.261167,0.099173 0.067214 -0.992798,0.104274 0.069756 -0.992099,0.000038 0.000016 0.000005,0.041597,0.159990,0.160000
1.23000,-0.001233 0.007069 -0.000590 0.009289 0.006447 0.016666 -0.004662,0.435926 0.010781 0.261170,0.099312 0.067287 -0.992779,0.104274 0.069756 -0.992099,0.000038 0.000016 0.000005,0.040973,0.159990,0.160000
1.24000,-0.001200 0.006877 -0.000570 0.009039 0.006265 0.016213 -0.004530,0.435948 0.010792 0.261173,0.099447 0.067358 -0.992760,0.104274 0.069756 -0.992099,0.000037 0.000016 0.000005,0.040366,0.159990,0.160000
1.25000,-0.001167 0.006691 -0.000550 0.008797 0.006087 0.015772 -0.004401,0.435968 0.010803 0.261175,0.099578 0.067426 -0.992743,0.104274 0.069756 -0.992099,0.000036 0.000015 0.000005,0.039755,0.159991,0.160000
1.26000,-0.001135 0.006509 -0.000532 0.008560 0.005914 0.015344 -0.004276,0.435988 0.010813 0.261178,0.099706 0.067493 -0.992725,0.104274 0.069756 -0.992099,0.000036 0.000015 0.000005,0.039161,0.159991,0.160000
1.27000,-0.001104 0.006333 -0.000514 0.008331 0.005746 0.014927 -0.004155,0.436007 0.010823 0.261180,0.099830 0.067557 -0.992708,0.104274 0.069756 -0.992099,0.000035 0.000015 0.000005,0.038561,0.159991,0.160000
1.28000,-0.001075 0.006162 -0.000496 0.008107 0.005583 0.014521 -0.004037,0.436026 0.010833 0.261183,0.099951 0.067620 -0.992692,0.104274 0.069756 -0.992099,0.000035 0.000015 0.000004,0.037984,0.159991,0.160000
1.29000,-0.001045 0.005995 -0.000479 0.007889 0.005425 0.014127 -0.003922,0.436044 0.010843 0.261185,0.100069 0.067681 -0.992676,0.104274 0.069756 -0.992099,0.000034 0.000014 0.000004,0.037397,0.159991,0.160000
1.30000,-0.001017 0.005833 -0.000463 0.007678 0.005271 0.013743 -0.003811,0.436062 0.010852 0.261187,0.100183 0.067740 -0.992660,0.104274 0.069756 -0.992099,0.000034 0.000014 0.000004,0.036833,0.159991,0.160000
1.31000,-0.000990 0.005675 -0.000447 0.007472 0.005121 0.013370 -0.003703,0.436079 0.010861 0.261190,0.100295 0.067798 -0.992645,0.104274 0.069756 -0.992099,0.000033 0.000014 0.000004,0.036259,0.159991,0.160000
1.32000,-0.000963 0.005521 -0.000432 0.007271 0.004976 0.013006 -0.003597,0.436096 0.010870 0.261192,0.100403 0.067854 -0.992630,0.104274 0.069756 -0.992099,0.000033 0.000014 0.000004,0.035708,0.159992,0.160000
1.33000,-0.000937 0.005372 -0.000417 0.007076 0.004835 0.012653 -0.003495,0.436113 0.010878 0.261194,0.100508 0.067908 -0.992616,0.104274 0.069756 -0.992099,0.000032 0.000014 0.000004,0.035146,0.159992,0.160000
1.34000,-0.000912 0.005227 -0.000402 0.006886 0.004697 0.012309 -0.003396,0.436129 0.010886 0.261196,0.100611 0.067961 -0.992602,0.104274 0.069756 -0.992099,0.000032 0.000013 0.000004,0.034613,0.159992,0.160000
1.35000,-0.000887 0.005085 -0.000389 0.006702 0.004564 0.011975 -0.003299,0.436144 0.010894 0.261198,0.100710 0.068012 -0.992588,0.104274 0.069756 -0.992099,0.000031 0.000013 0.000004,0.034065,0.159992,0.160000
1.36000,-0.000863 0.004948 -0.000375 0.006522 0.004434 0.011649 -0.003206,0.436159 0.010902 0.261200,0.100807 0.068062 -0.992575,0.104274 0.069756 -0.992099,0.000031 0.000013 0.000004,0.033545,0.159992,0.160000
1.37000,-0.000840 0.004814 -0.000362 0.006347 0.004308 0.011333 -0.003114,0.436174 0.010910 0.261202,0.100902 0.068110 -0.992562,0.104274 0.069756 -0.992099,0.000030 0.000013 0.000004,0.033009,0.159992,0.160000
1.38000,-0.000817 0.004684 -0.000350 0.006177 0.004186 0.011025 -0.003026,0.436188 0.010917 0.261204,0.100993 0.068157 -0.992550,0.104274 0.069756 -0.992099,0.000030 0.000012 0.000004,0.032502,0.159992,0.160000
1.39000,-0.000795 0.004558 -0.000337 0.006011 0.004067 0.010725 -0.002940,0.436202 0.010924 0.261205,0.101083 0.068203 -0.992537,0.104274 0.069756 -0.992099,0.000029 0.000012 0.000004,0.031981,0.159992,0.160000
1.40000,-0.000774 0.004434 -0.000326 0.005850 0.003951 0.010434 -0.002856,0.436215 0.010931 0.261207,0.101169 0.068247 -0.992526,0.104274 0.069756 -0.992099,0.000029 0.000012 0.000004,0.031491,0.159993,0.160000
1.41000,-0.000753 0.004315 -0.000314 0.005694 0.003839 0.010150 -0.002775,0.436228 0.010938 0.261209,0.101254 0.068291 -0.992514,0.104274 0.069756 -0.992099,0.000028 0.000012 0.000004,0.030983,0.159993,0.160000
1.42000,-0.000733 0.004198 -0.000303 0.005541 0.003730 0.009874 -0.002696,0.436241 0.010944 0.261210,0.101336 0.068332 -0.992503,0.104274 0.069756 -0.992099,0.000028 0.000012 0.000004,0.030506,0.159993,0.160000
1.43000,-0.000713 0.004085 -0.000293 0.005393 0.003624 0.009606 -0.002619,0.436253 0.010951 0.261212,0.101416 0.068373 -0.992492,0.104274 0.069756 -0.992099,0.000027 0.000012 0.000004,0.030010,0.159993,0.160000
1.44000,-0.000694 0.003975 -0.000282 0.005248 0.003521 0.009345 -0.002545,0.436265 0.010957 0.261213,0.101494 0.068413 -0.992481,0.104274 0.069756 -0.992099,0.000027 0.000011 0.000004,0.029546,0.159993,0.160000
1.45000,-0.000675 0.003867 -0.000272 0.005107 0.003421 0.009091 -0.002473,0.436277 0.010963 0.261215,0.101569 0.068451 -0.992471,0.104274 0.069756 -0.992099,0.000027 0.000011 0.000003,0.029068,0.159993,0.160000
1.46000,-0.000657 0.003763 -0.000263 0.004971 0.003323 0.008844 -0.002402,0.436288 0.010969 0.261216,0.101643 0.068488 -0.992461,0.104274 0.069756 -0.992099,0.000026 0.000011 0.000003,0.028605,0.159993,0.160000
1.47000,-0.000640 0.003662 -0.000254 0.004838 0.003229 0.008604 -0.002334,0.436299 0.010974 0.261218,0.101714 0.068525 -0.992451,0.104274 0.069756 -0.992099,0.000026 0.000011 0.000003,0.028139,0.159993,0.160000
1.48000,-0.000623 0.003563 -0.000245 0.004708 0.003137 0.008370 -0.002267,0.436310 0.010980 0.261219,0.101784 0.068560 -0.992441,0.104274 0.069756 -0.992099,0.000025 0.000011 0.000003,0.027688,0.159994,0.160000
1.49000,-0.000606 0.003467 -0.000236 0.004582 0.003048 0.008143 -0.002203,0.436321 0.010985 0.261221,0.101852 0.068594 -0.992432,0.104274 0.069756 -0.992099,0.000025 0.000010 0.000003,0.027235,0.159994,0.160000
1.50000,0.001824 -0.051163 0.014223 0.064578 -0.008440 0.101270 0.009564,0.436331 0.010990 0.261222,0.101918 0.068627 -0.992423,0.099974 0.065403 -0.992838,0.000025 0.000010 0.000003,0.026796,0.159994,0.160400
1.51000,0.002644 -0.057351 0.017416 0.057514 -0.019886 0.086848 0.018178,0.436401 0.010999 0.260885,0.101931 0.068553 -0.992427,0.095667 0.061048 -0.993540,0.000058 0.000007 0.000006,0.059100,0.160336,0.160800
1.52000,0.003400 -0.063310 0.020534 0.050861 -0.031077 0.073448 0.026561,0.436388 0.010993 0.260464,0.101647 0.068358 -0.992469,0.091355 0.056693 -0.994203,0.000048 0.000005 0.000005,0.048584,0.160751,0.161200
1.53000,0.004136 -0.069071 0.023520 0.044365 -0.041936 0.060204 0.034691,0.436375 0.010968 0.260062,0.101302 0.068046 -0.992526,0.087037 0.052336 -0.994829,0.000050 0.000002 0.000005,0.050339,0.161148,0.161600
1.54000,0.004845 -0.074637 0.026393 0.038087 -0.052489 0.047340 0.042578,0.436338 0.010924 0.259651,0.100835 0.067620 -0.992603,0.082713 0.047978 -0.995418,0.000049 -0.000000 0.000005,0.048866,0.161549,0.162000
1.55000,0.005533 -0.080016 0.029150 0.032002 -0.062734 0.034783 0.050222,0.436286 0.010861 0.259238,0.100266 0.067085 -0.992697,0.078385 0.043619 -0.995968,0.000048 -0.000003 0.000005,0.048331,0.161949,0.162400
1.56000,0.006205 -0.085216 0.031795 0.026109 -0.072678 0.022541 0.057629,0.436216 0.010781 0.258822,0.099593 0.066442 -0.992807,0.074052 0.039260 -0.996481,0.000047 -0.000005 0.000004,0.047648,0.162350,0.162800
1.57000,0.006862 -0.090245 0.034330 0.020400 -0.082326 0.010599 0.064802,0.436129 0.010684 0.258404,0.098821 0.065695 -0.992934,0.069714 0.034899 -0.996956,0.000046 -0.000008 0.000004,0.047092,0.162750,0.163200
1.58000,0.007509 -0.095108 0.036757 0.014869 -0.091681 -0.001050 0.071744,0.436026 0.010570 0.257983,0.097952 0.064846 -0.993076,0.065373 0.030538 -0.997394,0.000045 -0.000010 0.000004,0.046628,0.163150,0.163600
1.59000,0.008148 -0.099813 0.039078 0.009512 -0.100748 -0.012415 0.078458,0.435907 0.010438 0.257560,0.096987 0.063899 -0.993232,0.061028 0.026177 -0.997793,0.000044 -0.000013 0.000004,0.046243,0.163551,0.164000
1.60000,0.008781 -0.104366 0.041295 0.004321 -0.109533 -0.023505 0.084950,0.435771 0.010290 0.257134,0.095931 0.062857 -0.993401,0.056680 0.021815 -0.998154,0.000043 -0.000015 0.000003,0.045968,0.163951,0.164400
1.61000,0.009410 -0.108773 0.043412 -0.000707 -0.118041 -0.034326 0.091223,0.435620 0.010127 0.256706,0.094785 0.061721 -0.993583,0.052328 0.017452 -0.998477,0.000042 -0.000017 0.000003,0.045792,0.164352,0.164800
1.62000,0.010038 -0.113039 0.045430 -0.005579 -0.126276 -0.044888 0.097281,0.435454 0.009947 0.256276,0.093552 0.060494 -0.993775,0.047974 0.013089 -0.998763,0.000041 -0.000020 0.000003,0.045740,0.164752,0.165200
1.63000,0.010667 -0.117171 0.047351 -0.010298 -0.134243 -0.055197 0.103127,0.435273 0.009752 0.255845,0.092234 0.059180 -0.993977,0.043618 0.008726 -0.999010,0.000040 -0.000022 0.000002,0.045799,0.165152,0.165600
1.64000,0.011297 -0.121172 0.049179 -0.014871 -0.141948 -0.065260 0.108767,0.435076 0.009541 0.255412,0.090833 0.057779 -0.994189,0.039260 0.004363 -0.999220,0.000039 -0.000024 0.000002,0.045991,0.165553,0.166000
1.65000,0.011931 -0.125049 0.050916 -0.019301 -0.149396 -0.075085 0.114204,0.434866 0.009316 0.254977,0.089351 0.056296 -0.994408,0.034900 -0.000000 -0.999391,0.000038 -0.000027 0.000002,0.046306,0.165953,0.166400
1.66000,0.012570 -0.128805 0.052563 -0.023592 -0.156592 -0.084677 0.119443,0.434641 0.009075 0.254541,0.087792 0.054731 -0.994634,0.030538 -0.004364 -0.999524,0.000036 -0.000029 0.000002,0.046760,0.166353,0.166800
1.67000,0.013214 -0.132446 0.054124 -0.027750 -0.163541 -0.094044 0.124486,0.434402 0.008821 0.254104,0.086156 0.053088 -0.994866,0.026176 -0.008727 -0.999619,0.000035 -0.000032 0.000001,0.047341,0.166753,0.167200
1.68000,0.013864 -0.135975 0.055600 -0.031778 -0.170249 -0.103191 0.129340,0.434149 0.008552 0.253666,0.084446 0.051368 -0.995103,0.021813 -0.013090 -0.999676,0.000034 -0.000034 0.000001,0.048063,0.167154,0.167600
1.69000,0.014522 -0.139397 0.056995 -0.035679 -0.176719 -0.112123 0.134008,0.433883 0.008270 0.253227,0.082664 0.049573 -0.995344,0.017450 -0.017453 -0.999695,0.000033 -0.000036 0.000001,0.048911,0.167554,0.168000
1.70000,0.015188 -0.142715 0.058311 -0.039458 -0.182959 -0.120847 0.138493,0.433604 0.007973 0.252788,0.080811 0.047705 -0.995587,0.013087 -0.021815 -0.999676,0.000031 -0.000039 0.000001,0.049897,0.167954,0.168400
1.71000,0.015863 -0.145934 0.059549 -0.043118 -0.188972 -0.129369 0.142801,0.433311 0.007664 0.252348,0.078890 0.045767 -0.995832,0.008724 -0.026177 -0.999619,0.000030 -0.000041 0.000000,0.051004,0.168354,0.168800
1.72000,0.016546 -0.149056 0.060712 -0.046663 -0.194764 -0.137692 0.146935,0.433006 0.007341 0.251908,0.076903 0.043761 -0.996078,0.004362 -0.030539 -0.999524,0.000029 -0.000044 0.000000,0.052241,0.168754,0.169200
1.73000,0.017239 -0.152085 0.061803 -0.050095 -0.200340 -0.145822 0.150900,0.432689 0.007005 0.251467,0.074851 0.041687 -0.996323,0.000000 -0.034900 -0.999391,0.000027 -0.000046 0.000000,0.053591,0.169155,0.169600
1.74000,0.017941 -0.155025 0.062824 -0.053419 -0.205705 -0.153765 0.154699,0.432359 0.006657 0.251027,0.072737 0.039549 -0.996567,-0.004360 -0.039260 -0.999220,0.000026 -0.000049 -0.000000,0.055060,0.169555,0.170000
1.75000,0.018653 -0.157878 0.063776 -0.056637 -0.210863 -0.161524 0.158337,0.432017 0.006296 0.250587,0.070561 0.037347 -0.996808,-0.008718 -0.043620 -0.999010,0.000024 -0.000051 -0.000000,0.056633,0.169955,0.170400
1.76000,0.019375 -0.160647 0.064663 -0.059752 -0.215821 -0.169103 0.161818,0.431663 0.005923 0.250148,0.068325 0.035083 -0.997046,-0.013074 -0.047978 -0.998763,0.000023 -0.000054 -0.000000,0.058311,0.170355,0.170800
1.77000,0.020106 -0.163335 0.065485 -0.062766 -0.220582 -0.176509 0.165145,0.431297 0.005538 0.249709,0.066032 0.032760 -0.997280,-0.017428 -0.052336 -0.998477,0.000022 -0.000056 -0.000000,0.060082,0.170755,0.171200
1.78000,0.020847 -0.165945 0.066247 -0.065683 -0.225152 -0.183743 0.168323,0.430920 0.005141 0.249271,0.063682 0.030378 -0.997508,-0.021780 -0.056693 -0.998154,0.000020 -0.000059 -0.000000,0.061945,0.171155,0.171600
1.79000,0.021598 -0.168479 0.066948 -0.068505 -0.229535 -0.190811 0.171355,0.430531 0.004732 0.248834,0.061278 0.027940 -0.997730,-0.026128 -0.061049 -0.997793,0.000019 -0.000061 -0.000001,0.063890,0.171555,0.172000
1.80000,0.022358 -0.170939 0.067593 -0.071235 -0.233737 -0.197716 0.174246,0.430132 0.004312 0.248398,0.058820 0.025447 -0.997944,-0.030473 -0.065403 -0.997394,0.000017 -0.000064 -0.000001,0.065916,0.171955,0.172400
1.81000,0.023127 -0.173329 0.068181 -0.073875 -0.237761 -0.204462 0.176999,0.429721 0.003881 0.247963,0.056311 0.022899 -0.998151,-0.034814 -0.069757 -0.996956,0.000016 -0.000066 -0.000001,0.068011,0.172355,0.172800
1.82000,0.023904 -0.175650 0.068716 -0.076427 -0.241613 -0.211052 0.179617,0.429300 0.003438 0.247529,0.053752 0.020300 -0.998348,-0.039152 -0.074109 -0.996481,0.000014 -0.000069 -0.000001,0.070175,0.172755,0.173200
1.83000,0.024691 -0.177904 0.069200 -0.078893 -0.245297 -0.217491 0.182106,0.428869 0.002985 0.247098,0.051143 0.017650 -0.998535,-0.043485 -0.078459 -0.995968,0.000013 -0.000071 -0.000001,0.072399,0.173155,0.173600
1.84000,0.025485 -0.180093 0.069633 -0.081276 -0.248817 -0.223780 0.184467,0.428427 0.002521 0.246668,0.048488 0.014950 -0.998712,-0.047813 -0.082808 -0.995418,0.000011 -0.000074 -0.000001,0.074682,0.173555,0.174000
1.85000,0.026287 -0.182219 0.070019 -0.083577 -0.252179 -0.229924 0.186705,0.427975 0.002046 0.246240,0.045786 0.012202 -0.998877,-0.052137 -0.087156 -0.994829,0.000010 -0.000076 -0.000000,0.077014,0.173955,0.174400
1.86000,0.026998 -0.183650 0.065787 -0.087457 -0.243463 -0.235632 0.180088,0.427513 0.001561 0.245814,0.043040 0.009407 -0.999029,-0.056477 -0.087156 -0.994592,0.000008 -0.000079 -0.000000,0.079396,0.174355,0.174800
1.87000,0.027666 -0.185023 0.061694 -0.091211 -0.234951 -0.241133 0.173637,0.427040 0.001090 0.245389,0.040249 0.006685 -0.999167,-0.060816 -0.087156 -0.994337,0.000006 -0.000078 -0.000000,0.078234,0.174756,0.175200
1.88000,0.028301 -0.186340 0.057751 -0.094843 -0.226650 -0.246437 0.167378,0.426558 0.000629 0.244967,0.037416 0.004037 -0.999292,-0.065154 -0.087156 -0.994062,0.000004 -0.000078 -0.000000,0.078089,0.175156,0.175600
1.89000,0.028901 -0.187603 0.053950 -0.098356 -0.218555 -0.251552 0.161299,0.426066 0.000179 0.244548,0.034542 0.001461 -0.999402,-0.069491 -0.087156 -0.993768,0.000002 -0.000078 -0.000000,0.077811,0.175557,0.176000
1.90000,0.029468 -0.188815 0.050287 -0.101752 -0.210663 -0.256483 0.155399,0.425565 -0.000262 0.244130,0.031628 -0.001045 -0.999499,-0.073826 -0.087156 -0.993455,-0.000001 -0.000078 0.000000,0.077686,0.175958,0.176400
1.91000,0.030002 -0.189977 0.046757 -0.105036 -0.202969 -0.261239 0.149674,0.425054 -0.000692 0.243715,0.028675 -0.003484 -0.999583,-0.078160 -0.087156 -0.993124,-0.000003 -0.000078 0.000000,0.077642,0.176359,0.176800
1.92000,0.030503 -0.191092 0.043355 -0.108210 -0.195471 -0.265825 0.144119,0.424535 -0.001113 0.243302,0.025684 -0.005855 -0.999653,-0.082493 -0.087156 -0.992773,-0.000005 -0.000078 0.000000,0.077699,0.176760,0.177200
1.93000,0.030974 -0.192161 0.040077 -0.111277 -0.188164 -0.270247 0.138730,0.424006 -0.001524 0.242891,0.022657 -0.008163 -0.999710,-0.086824 -0.087156 -0.992404,-0.000008 -0.000077 0.000000,0.077848,0.177161,0.177600
1.94000,0.031413 -0.193186 0.036918 -0.114239 -0.181045 -0.274512 0.133504,0.423469 -0.001925 0.242483,0.019594 -0.010407 -0.999754,-0.091153 -0.087156 -0.992016,-0.000010 -0.000077 0.000001,0.078094,0.177562,0.178000
1.95000,0.031824 -0.194169 0.033875 -0.117101 -0.174111 -0.278626 0.128437,0.422923 -0.002318 0.242076,0.016495 -0.012591 -0.999785,-0.095481 -0.087156 -0.991608,-0.000013 -0.000077 0.000001,0.078426,0.177963,0.178400
1.96000,0.032205 -0.195112 0.030943 -0.119864 -0.167357 -0.282594 0.123525,0.422368 -0.002702 0.241672,0.013364 -0.014715 -0.999802,-0.099807 -0.087156 -0.991182,-0.000015 -0.000077 0.000001,0.078853,0.178364,0.178800
1.97000,0.032558 -0.196015 0.028119 -0.122532 -0.160780 -0.286421 0.118765,0.421805 -0.003077 0.241271,0.010199 -0.016781 -0.999807,-0.104130 -0.087156 -0.990737,-0.000018 -0.000077 0.000001,0.079362,0.178765,0.179200
1.98000,0.031816 -0.191442 0.027146 -0.116734 -0.155667 -0.275729 0.114945,0.421234 -0.003444 0.240871,0.007002 -0.018790 -0.999799,-0.104130 -0.087156 -0.990737,-0.000020 -0.000077 0.000001,0.079961,0.179166,0.179600
1.99000,0.031071 -0.186967 0.026216 -0.111083 -0.150735 -0.265321 0.111265,0.420678 -0.003802 0.240475,0.003891 -0.020742 -0.999777,-0.104130 -0.087156 -0.990737,-0.000021 -0.000077 0.000002,0.080214,0.179567,0.180000
2.00000,0.032968 -0.143403 0.019353 -0.179835 -0.142467 -0.360074 0.103902,0.420134 -0.004152 0.240081,0.000864 -0.022639 -0.999743,-0.104130 -0.087156 -0.990737,-0.000022 -0.000077 0.000002,0.080429,0.179967,0.180000
2.01000,0.032407 -0.139785 0.018629 -0.175144 -0.137875 -0.349995 0.100531,0.419559 -0.004492 0.240029,-0.002145 -0.024495 -0.999698,-0.104130 -0.087156 -0.990737,-0.000055 -0.000082 0.000002,0.099046,0.180027,0.180000
2.02000,0.031861 -0.136456 0.017931 -0.170538 -0.133375 -0.340448 0.097279,0.419070 -0.004816 0.240055,-0.004893 -0.026295 -0.999642,-0.104130 -0.087156 -0.990737,-0.000050 -0.000083 0.000002,0.096610,0.180012,0.180000
2.03000,0.031303 -0.133136 0.017260 -0.166053 -0.129053 -0.331084 0.094140,0.418574 -0.005133 0.240063,-0.007616 -0.028044 -0.999578,-0.104130 -0.087156 -0.990737,-0.000055 -0.000084 0.000003,0.100491,0.180016,0.180000
2.04000,0.030741 -0.129896 0.016616 -0.161679 -0.124876 -0.321996 0.091112,0.418098 -0.005440 0.240078,-0.010252 -0.029744 -0.999505,-0.104130 -0.087156 -0.990737,-0.000057 -0.000085 0.000003,0.102491,0.180015,0.180000
2.05000,0.030177 -0.126717 0.015996 -0.157415 -0.120845 -0.313150 0.088188,0.417633 -0.005738 0.240092,-0.012819 -0.031395 -0.999425,-0.104130 -0.087156 -0.990737,-0.000059 -0.000086 0.000003,0.104775,0.180015,0.180000
2.06000,0.029610 -0.123604 0.015400 -0.153258 -0.116953 -0.304547 0.085366,0.417181 -0.006027 0.240108,-0.015316 -0.032998 -0.999338,-0.104130 -0.087156 -0.990737,-0.000062 -0.000087 0.000004,0.106776,0.180015,0.180000
2.07000,0.029043 -0.120556 0.014827 -0.149207 -0.113196 -0.296178 0.082641,0.416742 -0.006309 0.240125,-0.017745 -0.034557 -0.999245,-0.104130 -0.087156 -0.990737,-0.000064 -0.000088 0.000004,0.108650,0.180015,0.180000
2.08000,0.028476 -0.117571 0.014277 -0.145258 -0.109567 -0.288037 0.080009,0.416315 -0.006582 0.240143,-0.020108 -0.036070 -0.999147,-0.104130 -0.087156 -0.990737,-0.000066 -0.000089 0.000005,0.110364,0.180015,0.180000
2.09000,0.027910 -0.114650 0.013747 -0.141410 -0.106063 -0.280120 0.077468,0.415899 -0.006847 0.240162,-0.022407 -0.037540 -0.999044,-0.104130 -0.087156 -0.990737,-0.000068 -0.000089 0.000005,0.111931,0.180015,0.180000
2.10000,0.027347 -0.111791 0.013238 -0.137661 -0.102678 -0.272418 0.075013,0.415495 -0.007104 0.240181,-0.024642 -0.038969 -0.998937,-0.104130 -0.087156 -0.990737,-0.000069 -0.000089 0.000005,0.113358,0.180016,0.180000
2.11000,0.026786 -0.108995 0.012748 -0.134007 -0.099408 -0.264928 0.072642,0.415101 -0.007355 0.240201,-0.026817 -0.040356 -0.998825,-0.104130 -0.087156 -0.990737,-0.000071 -0.000090 0.000006,0.114647,0.180016,0.180000
2.12000,0.026229 -0.106260 0.012277 -0.130447 -0.096249 -0.257643 0.070350,0.414719 -0.007597 0.240222,-0.028933 -0.041704 -0.998711,-0.104130 -0.087156 -0.990737,-0.000073 -0.000090 0.000006,0.115809,0.180016,0.180000
2.13000,0.025676 -0.103585 0.011824 -0.126980 -0.093196 -0.250557 0.068136,0.414347 -0.007833 0.240243,-0.030991 -0.043013 -0.998594,-0.104130 -0.087156 -0.990737,-0.000074 -0.000090 0.000006,0.116845,0.180016,0.180000
2.14000,0.025129 -0.100971 0.011388 -0.123601 -0.090246 -0.243666 0.065996,0.413986 -0.008062 0.240265,-0.032992 -0.044284 -0.998474,-0.104130 -0.087156 -0.990737,-0.000075 -0.000090 0.000006,0.117765,0.180016,0.180000
2.15000,0.024586 -0.098415 0.010968 -0.120311 -0.087395 -0.236964 0.063928,0.413634 -0.008285 0.240287,-0.034939 -0.045519 -0.998352,-0.104130 -0.087156 -0.990737,-0.000077 -0.000090 0.000007,0.118567,0.180016,0.180000
2.16000,0.024049 -0.095917 0.010565 -0.117106 -0.084639 -0.230445 0.061929,0.413292 -0.008500 0.240309,-0.036833 -0.046719 -0.998229,-0.104130 -0.087156 -0.990737,-0.000078 -0.000090 0.000007,0.119265,0.180017,0.180000
2.17000,0.023519 -0.093477 0.010177 -0.113984 -0.081975 -0.224106 0.059996,0.412959 -0.008710 0.240332,-0.038675 -0.047884 -0.998104,-0.104130 -0.087156 -0.990737,-0.000079 -0.000090 0.000007,0.119854,0.180017,0.180000
2.18000,0.022995 -0.091093 0.009803 -0.110943 -0.079399 -0.217941 0.058128,0.412636 -0.008914 0.240355,-0.040467 -0.049016 -0.997978,-0.104130 -0.087156 -0.990737,-0.000080 -0.000090 0.000008,0.120350,0.180017,0.180000
2.19000,0.022478 -0.088764 0.009444 -0.107982 -0.076909 -0.211945 0.056321,0.412321 -0.009111 0.240378,-0.042210 -0.050115 -0.997851,-0.104130 -0.087156 -0.990737,-0.000080 -0.000090 0.000008,0.120747,0.180017,0.180000
2.20000,0.021969 -0.086490 0.009098 -0.105098 -0.074500 -0.206114 0.054573,0.412015 -0.009303 0.240401,-0.043905 -0.051183 -0.997724,-0.104130 -0.087156 -0.990737,-0.000081 -0.000090 0.000008,0.121061,0.180017,0.180000
2.21000,0.021466 -0.084269 0.008766 -0.102290 -0.072172 -0.200444 0.052883,0.411718 -0.009490 0.240424,-0.045553 -0.052220 -0.997596,-0.104130 -0.087156 -0.990737,-0.000082 -0.000089 0.000008,0.121279,0.180017,0.180000
2.22000,0.020972 -0.082101 0.008445 -0.099556 -0.069919 -0.194929 0.051248,0.411429 -0.009671 0.240447,-0.047157 -0.053227 -0.997468,-0.104130 -0.087156 -0.990737,-0.000082 -0.000089 0.000009,0.121426,0.180018,0.180000
2.23000,0.020485 -0.079985 0.008137 -0.096894 -0.067741 -0.189566 0.049666,0.411147 -0.009846 0.240470,-0.048717 -0.054205 -0.997341,-0.104130 -0.087156 -0.990737,-0.000083 -0.000088 0.000009,0.121486,0.180018,0.180000
2.24000,0.020006 -0.077919 0.007840 -0.094301 -0.065633 -0.184351 0.048136,0.410874 -0.010017 0.240493,-0.050234 -0.055155 -0.997213,-0.104130 -0.087156 -0.990737,-0.000083 -0.000088 0.000009,0.121481,0.180018,0.180000
2.25000,0.019535 -0.075903 0.007555 -0.091777 -0.063594 -0.179279 0.046656,0.410608 -0.010183 0.240516,-0.051709 -0.056078 -0.997086,-0.104130 -0.087156 -0.990737,-0.000084 -0.000087 0.000009,0.121398,0.180018,0.180000
2.26000,0.019072 -0.073936 0.007280 -0.089320 -0.061621 -0.174346 0.045223,0.410349 -0.010343 0.240539,-0.053144 -0.056974 -0.996960,-0.104130 -0.087156 -0.990737,-0.000084 -0.000087 0.000009,0.121259,0.180018,0.180000
2.27000,0.018618 -0.072016 0.007015 -0.086927 -0.059713 -0.169550 0.043837,0.410098 -0.010499 0.240561,-0.054540 -0.057844 -0.996835,-0.104130 -0.087156 -0.990737,-0.000084 -0.000086 0.000010,0.121042,0.180018,0.180000
2.28000,0.018171 -0.070143 0.006760 -0.084598 -0.057866 -0.164885 0.042495,0.409853 -0.010651 0.240584,-0.055898 -0.058690 -0.996710,-0.104130 -0.087156 -0.990737,-0.000084 -0.000086 0.000010,0.120780,0.180018,0.180000
2.29000,0.017733 -0.068316 0.006515 -0.082330 -0.056078 -0.160349 0.041196,0.409615 -0.010798 0.240606,-0.057218 -0.059511 -0.996586,-0.104130 -0.087156 -0.990737,-0.000085 -0.000085 0.000010,0.120447,0.180018,0.180000
2.30000,0.017304 -0.066535 0.006279 -0.080123 -0.054348 -0.155938 0.039939,0.409384 -0.010941 0.240628,-0.058503 -0.060308 -0.996464,-0.104130 -0.087156 -0.990737,-0.000085 -0.000085 0.000010,0.120075,0.180019,0.180000
2.31000,0.016882 -0.064797 0.006051 -0.077974 -0.052674 -0.151648 0.038722,0.409159 -0.011080 0.240650,-0.059752 -0.061082 -0.996343,-0.104130 -0.087156 -0.990737,-0.000085 -0.000084 0.000010,0.119638,0.180019,0.180000
2.32000,0.016469 -0.063102 0.005832 -0.075882 -0.051053 -0.147477 0.037543,0.408940 -0.011215 0.240672,-0.060967 -0.061835 -0.996223,-0.104130 -0.087156 -0.990737,-0.000085 -0.000083 0.000010,0.119167,0.180019,0.180000
2.33000,0.016064 -0.061449 0.005621 -0.073846 -0.049484 -0.143420 0.036402,0.408728 -0.011345 0.240693,-0.062148 -0.062565 -0.996104,-0.104130 -0.087156 -0.990737,-0.000085 -0.000083 0.000010,0.118633,0.180019,0.180000
2.34000,0.015668 -0.059838 0.005418 -0.071864 -0.047965 -0.139475 0.035298,0.408521 -0.011472 0.240714,-0.063298 -0.063274 -0.995987,-0.104130 -0.087156 -0.990737,-0.000084 -0.000082 0.000011,0.118075,0.180019,0.180000
2.35000,0.015279 -0.058267 0.005223 -0.069934 -0.046494 -0.135639 0.034228,0.408320 -0.011596 0.240735,-0.064415 -0.063963 -0.995871,-0.104130 -0.087156 -0.990737,-0.000084 -0.000081 0.000011,0.117458,0.180019,0.180000
2.36000,0.014899 -0.056735 0.005034 -0.068056 -0.045071 -0.131908 0.033192,0.408124 -0.011715 0.240756,-0.065502 -0.064632 -0.995757,-0.104130 -0.087156 -0.990737,-0.000084 -0.000080 0.000011,0.116820,0.180019,0.180000
2.37000,0.014527 -0.055242 0.004853 -0.066229 -0.043692 -0.128281 0.032188,0.407934 -0.011832 0.240776,-0.066560 -0.065282 -0.995645,-0.104130 -0.087156 -0.990737,-0.000084 -0.000080 0.000011,0.116130,0.180019,0.180000
2.38000,0.014163 -0.053787 0.004678 -0.064449 -0.042357 -0.124753 0.031216,0.407749 -0.011944 0.240796,-0.067588 -0.065913 -0.995534,-0.104130 -0.087156 -0.990737,-0.000084 -0.000079 0.000011,0.115422,0.180019,0.180000
2.39000,0.013806 -0.052369 0.004509 -0.062718 -0.041064 -0.121322 0.030275,0.407569 -0.012054 0.240816,-0.068588 -0.066526 -0.995425,-0.104130 -0.087156 -0.990737,-0.000083 -0.000078 0.000011,0.114662,0.180019,0.180000
2.40000,0.013458 -0.050986 0.004347 -0.061032 -0.039811 -0.117986 0.029363,0.407395 -0.012160 0.240835,-0.069561 -0.067121 -0.995317,-0.104130 -0.087156 -0.990737,-0.000083 -0.000077 0.000011,0.113894,0.180019,0.180000
2.41000,0.013117 -0.049639 0.004190 -0.059392 -0.038598 -0.114742 0.028479,0.407225 -0.012264 0.240854,-0.070507 -0.067699 -0.995211,-0.104130 -0.087156 -0.990737,-0.000083 -0.000076 0.000011,0.113077,0.180019,0.180000
2.42000,0.012784 -0.048326 0.004040 -0.057795 -0.037424 -0.111587 0.027623,0.407059 -0.012364 0.240873,-0.071428 -0.068260 -0.995107,-0.104130 -0.087156 -0.990737,-0.000082 -0.000076 0.000011,0.112255,0.180019,0.180000
2.43000,0.012458 -0.047047 0.003895 -0.056242 -0.036286 -0.108519 0.026794,0.406899 -0.012461 0.240891,-0.072323 -0.068805 -0.995005,-0.104130 -0.087156 -0.990737,-0.000082 -0.000075 0.000011,0.111388,0.180019,0.180000
2.44000,0.012140 -0.045801 0.003755 -0.054729 -0.035183 -0.105536 0.025990,0.406742 -0.012556 0.240910,-0.073193 -0.069335 -0.994905,-0.104130 -0.087156 -0.990737,-0.000081 -0.000074 0.000011,0.110515,0.180019,0.180000
2.45000,0.011829 -0.044586 0.003620 -0.053258 -0.034115 -0.102635 0.025211,0.406591 -0.012647 0.240927,-0.074040 -0.069849 -0.994806,-0.104130 -0.087156 -0.990737,-0.000081 -0.000073 0.000011,0.109615,0.180019,0.180000
2.46000,0.011525 -0.043403 0.003490 -0.051825 -0.033081 -0.099813 0.024457,0.406443 -0.012736 0.240945,-0.074863 -0.070348 -0.994709,-0.104130 -0.087156 -0.990737,-0.000080 -0.000072 0.000011,0.108702,0.180019,0.180000
2.47000,0.011228 -0.042250 0.003365 -0.050431 -0.032078 -0.097070 0.023725,0.406299 -0.012823 0.240962,-0.075664 -0.070833 -0.994614,-0.104130 -0.087156 -0.990737,-0.000080 -0.000071 0.000011,0.107765,0.180019,0.180000
2.48000,0.010938 -0.041128 0.003244 -0.049075 -0.031107 -0.094401 0.023017,0.406159 -0.012907 0.240979,-0.076443 -0.071304 -0.994521,-0.104130 -0.087156 -0.990737,-0.000079 -0.000071 0.000011,0.106818,0.180019,0.180000
2.49000,0.010655 -0.040034 0.003128 -0.047754 -0.030166 -0.091807 0.022330,0.406024 -0.012988 0.240995,-0.077201 -0.071762 -0.994430,-0.104130 -0.087156 -0.990737,-0.000079 -0.000070 0.000011,0.105850,0.180019,0.180000
2.50000,0.010379 -0.038968 0.003016 -0.046470 -0.029254 -0.089284 0.021664,0.405892 -0.013067 0.241011,-0.077938 -0.072206 -0.994340,-0.104130 -0.087156 -0.990737,-0.000078 -0.000069 0.000011,0.104874,0.180019,0.180000
2.51000,0.010109 -0.037931 0.002907 -0.045219 -0.028371 -0.086830 0.021018,0.405763 -0.013144 0.241027,-0.078655 -0.072637 -0.994252,-0.104130 -0.087156 -0.990737,-0.000078 -0.000068 0.000011,0.103880,0.180019,0.180000
2.52000,0.009846 -0.036920 0.002803 -0.044002 -0.027514 -0.084444 0.020392,0.405638 -0.013219 0.241043,-0.079352 -0.073056 -0.994166,-0.104130 -0.087156 -0.990737,-0.000077 -0.000067 0.000011,0.102880,0.180018,0.180000
2.53000,0.009589 -0.035935 0.002703 -0.042818 -0.026684 -0.082124 0.019786,0.405517 -0.013291 0.241058,-0.080030 -0.073463 -0.994082,-0.104130 -0.087156 -0.990737,-0.000076 -0.000066 0.000011,0.101864,0.180018,0.180000
2.54000,0.009338 -0.034977 0.002606 -0.041666 -0.025880 -0.079867 0.019198,0.405399 -0.013361 0.241073,-0.080689 -0.073858 -0.993999,-0.104130 -0.087156 -0.990737,-0.000076 -0.000066 0.000011,0.100845,0.180018,0.180000
2.55000,0.009094 -0.034043 0.002513 -0.040544 -0.025101 -0.077673 0.018628,0.405284 -0.013430 0.241088,-0.081330 -0.074242 -0.993918,-0.104130 -0.087156 -0.990737,-0.000075 -0.000065 0.000011,0.099812,0.180018,0.180000
2.56000,0.008855 -0.033134 0.002423 -0.039453 -0.024345 -0.075539 0.018075,0.405172 -0.013496 0.241102,-0.081954 -0.074614 -0.993839,-0.104130 -0.087156 -0.990737,-0.000075 -0.000064 0.000011,0.098777,0.180018,0.180000
2.57000,0.008623 -0.032248 0.002336 -0.038391 -0.023613 -0.073463 0.017539,0.405064 -0.013560 0.241116,-0.082561 -0.074976 -0.993762,-0.104130 -0.087156 -0.990737,-0.000074 -0.000063 0.000011,0.097732,0.180018,0.180000
2.58000,0.008396 -0.031386 0.002252 -0.037358 -0.022903 -0.071445 0.017019,0.404958 -0.013623 0.241130,-0.083151 -0.075328 -0.993686,-0.104130 -0.087156 -0.990737,-0.000073 -0.000062 0.000011,0.096685,0.180018,0.180000
2.59000,0.008174 -0.030547 0.002172 -0.036352 -0.022215 -0.069483 0.016515,0.404856 -0.013683 0.241143,-0.083725 -0.075669 -0.993612,-0.104130 -0.087156 -0.990737,-0.000072 -0.000061 0.000011,0.095630,0.180018,0.180000
2.60000,0.007958 -0.029729 0.002094 -0.035374 -0.021548 -0.067574 0.016027,0.404756 -0.013742 0.241156,-0.084283 -0.076000 -0.993539,-0.104130 -0.087156 -0.990737,-0.000072 -0.000061 0.000011,0.094575,0.180018,0.180000
2.61000,0.007748 -0.028933 0.002019 -0.034421 -0.020901 -0.065718 0.015553,0.404659 -0.013799 0.241169,-0.084826 -0.076322 -0.993468,-0.104130 -0.087156 -0.990737,-0.000071 -0.000060 0.000011,0.093514,0.180018,0.180000
2.62000,0.007543 -0.028158 0.001947 -0.033495 -0.020274 -0.063913 0.015093,0.404564 -0.013855 0.241181,-0.085354 -0.076635 -0.993399,-0.104130 -0.087156 -0.990737,-0.000070 -0.000059 0.000011,0.092454,0.180017,0.180000
2.63000,0.007343 -0.027404 0.001877 -0.032593 -0.019666 -0.062158 0.014648,0.404473 -0.013908 0.241194,-0.085868 -0.076938 -0.993331,-0.104130 -0.087156 -0.990737,-0.000070 -0.000058 0.000011,0.091390,0.180017,0.180000
2.64000,0.007148 -0.026669 0.001810 -0.031715 -0.019077 -0.060451 0.014216,0.404383 -0.013961 0.241206,-0.086367 -0.077233 -0.993265,-0.104130 -0.087156 -0.990737,-0.000069 -0.000057 0.000010,0.090327,0.180017,0.180000
2.65000,0.006958 -0.025954 0.001745 -0.030861 -0.018506 -0.058791 0.013796,0.404297 -0.014011 0.241217,-0.086853 -0.077520 -0.993201,-0.104130 -0.087156 -0.990737,-0.000068 -0.000057 0.000010,0.089263,0.180017,0.180000
2.66000,0.006773 -0.025258 0.001682 -0.030031 -0.017952 -0.057177 0.013390,0.404212 -0.014061 0.241229,-0.087325 -0.077798 -0.993137,-0.104130 -0.087156 -0.990737,-0.000068 -0.000056 0.000010,0.088201,0.180017,0.180000
2.67000,0.006593 -0.024580 0.001622 -0.029222 -0.017415 -0.055607 0.012995,0.404130 -0.014108 0.241240,-0.087785 -0.078068 -0.993076,-0.104130 -0.087156 -0.990737,-0.000067 -0.000055 0.000010,0.087138,0.180017,0.180000
2.68000,0.006417 -0.023920 0.001564 -0.028435 -0.016894 -0.054080 0.012613,0.404051 -0.014155 0.241251,-0.088232 -0.078330 -0.993015,-0.104130 -0.087156 -0.990737,-0.000066 -0.000054 0.000010,0.086078,0.180017,0.180000
2.69000,0.006245 -0.023278 0.001508 -0.027670 -0.016389 -0.052595 0.012242,0.403973 -0.014200 0.241262,-0.088667 -0.078585 -0.992957,-0.104130 -0.087156 -0.990737,-0.000065 -0.000053 0.000010,0.085021,0.180016,0.180000
2.70000,0.006078 -0.022653 0.001454 -0.026925 -0.015900 -0.051152 0.011882,0.403898 -0.014244 0.241272,-0.089090 -0.078832 -0.992899,-0.104130 -0.087156 -0.990737,-0.000065 -0.000053 0.000010,0.083965,0.180016,0.180000
2.71000,0.005916 -0.022044 0.001401 -0.026200 -0.015425 -0.049747 0.011533,0.403824 -0.014286 0.241282,-0.089501 -0.079072 -0.992843,-0.104130 -0.087156 -0.990737,-0.000064 -0.000052 0.000010,0.082913,0.180016,0.180000
2.72000,0.005757 -0.021451 0.001351 -0.025494 -0.014964 -0.048382 0.011194,0.403753 -0.014327 0.241292,-0.089901 -0.079305 -0.992788,-0.104130 -0.087156 -0.990737,-0.000063 -0.000051 0.000010,0.081864,0.180016,0.180000
2.73000,0.005603 -0.020875 0.001302 -0.024808 -0.014518 -0.047054 0.010865,0.403684 -0.014367 0.241302,-0.090290 -0.079532 -0.992735,-0.104130 -0.087156 -0.990737,-0.000062 -0.000050 0.000010,0.080820,0.180016,0.180000
2.74000,0.005453 -0.020313 0.001256 -0.024140 -0.014085 -0.045762 0.010546,0.403617 -0.014406 0.241311,-0.090669 -0.079752 -0.992683,-0.104130 -0.087156 -0.990737,-0.000062 -0.000050 0.000010,0.079779,0.180016,0.180000
2.75000,0.005306 -0.019767 0.001210 -0.023490 -0.013665 -0.044506 0.010237,0.403551 -0.014444 0.241320,-0.091037 -0.079966 -0.992632,-0.104130 -0.087156 -0.990737,-0.000061 -0.000049 0.000010,0.078747,0.180016,0.180000
2.76000,0.005164 -0.019235 0.001167 -0.022858 -0.013258 -0.043285 0.009937,0.403487 -0.014481 0.241329,-0.091395 -0.080173 -0.992582,-0.104130 -0.087156 -0.990737,-0.000060 -0.000048 0.000009,0.077714,0.180015,0.180000
2.77000,0.005025 -0.018718 0.001125 -0.022242 -0.012863 -0.042097 0.009646,0.403425 -0.014516 0.241338,-0.091743 -0.080375 -0.992534,-0.104130 -0.087156 -0.990737,-0.000060 -0.000047 0.000009,0.076692,0.180015,0.180000
2.78000,0.004890 -0.018214 0.001084 -0.021644 -0.012480 -0.040942 0.009363,0.403365 -0.014551 0.241347,-0.092082 -0.080570 -0.992486,-0.104130 -0.087156 -0.990737,-0.000059 -0.000047 0.000009,0.075670,0.180015,0.180000
2.79000,0.004758 -0.017723 0.001045 -0.021061 -0.012108 -0.039818 0.009089,0.403307 -0.014584 0.241355,-0.092411 -0.080760 -0.992440,-0.104130 -0.087156 -0.990737,-0.000058 -0.000046 0.000009,0.074660,0.180015,0.180000
2.80000,0.004630 -0.017246 0.001008 -0.020494 -0.011748 -0.038726 0.008823,0.403250 -0.014617 0.241363,-0.092732 -0.080945 -0.992395,-0.104130 -0.087156 -0.990737,-0.000057 -0.000045 0.000009,0.073651,0.180015,0.180000
2.81000,0.004505 -0.016782 0.000971 -0.019942 -0.011398 -0.037663 0.008565,0.403194 -0.014648 0.241371,-0.093043 -0.081124 -0.992352,-0.104130 -0.087156 -0.990737,-0.000057 -0.000045 0.000009,0.072655,0.180015,0.180000
2.82000,0.004384 -0.016330 0.000936 -0.019405 -0.011059 -0.036630 0.008315,0.403140 -0.014679 0.241379,-0.093346 -0.081298 -0.992309,-0.104130 -0.087156 -0.990737,-0.000056 -0.000044 0.000009,0.071657,0.180014,0.180000
2.83000,0.004265 -0.015890 0.000902 -0.018883 -0.010730 -0.035625 0.008072,0.403088 -0.014709 0.241386,-0.093641 -0.081467 -0.992267,-0.104130 -0.087156 -0.990737,-0.000055 -0.000043 0.000009,0.070676,0.180014,0.180000
2.84000,0.004150 -0.015461 0.000870 -0.018375 -0.010411 -0.034647 0.007836,0.403037 -0.014737 0.241394,-0.093928 -0.081631 -0.992227,-0.104130 -0.087156 -0.990737,-0.000054 -0.000043 0.000009,0.069693,0.180014,0.180000
2.85000,0.004038 -0.015045 0.000838 -0.017880 -0.010102 -0.033697 0.007607,0.402988 -0.014765 0.241401,-0.094207 -0.081791 -0.992187,-0.104130 -0.087156 -0.990737,-0.000054 -0.000042 0.000009,0.068727,0.180014,0.180000
2.86000,0.003929 -0.014639 0.000808 -0.017399 -0.009802 -0.032773 0.007385,0.402940 -0.014793 0.241408,-0.094478 -0.081946 -0.992149,-0.104130 -0.087156 -0.990737,-0.000053 -0.000041 0.000008,0.067758,0.180014,0.180000
2.87000,0.003822 -0.014245 0.000778 -0.016931 -0.009510 -0.031874 0.007169,0.402893 -0.014819 0.241415,-0.094742 -0.082096 -0.992111,-0.104130 -0.087156 -0.990737,-0.000052 -0.000041 0.000008,0.066810,0.180014,0.180000
2.88000,0.003719 -0.013861 0.000750 -0.016475 -0.009228 -0.030999 0.006960,0.402847 -0.014845 0.241421,-0.094998 -0.082242 -0.992074,-0.104130 -0.087156 -0.990737,-0.000052 -0.000040 0.000008,0.065854,0.180014,0.180000
2.89000,0.003618 -0.013487 0.000723 -0.016032 -0.008954 -0.030149 0.006757,0.402803 -0.014870 0.241428,-0.095248 -0.082384 -0.992039,-0.104130 -0.087156 -0.990737,-0.000051 -0.000039 0.000008,0.064922,0.180013,0.180000
2.90000,0.003520 -0.013123 0.000697 -0.015600 -0.008688 -0.029322 0.006560,0.402760 -0.014894 0.241434,-0.095491 -0.082522 -0.992004,-0.104130 -0.087156 -0.990737,-0.000050 -0.000039 0.000008,0.063983,0.180013,0.180000
2.91000,0.003425 -0.012769 0.000671 -0.015180 -0.008430 -0.028518 0.006369,0.402718 -0.014917 0.241440,-0.095727 -0.082655 -0.991970,-0.104130 -0.087156 -0.990737,-0.000050 -0.000038 0.000008,0.063067,0.180013,0.180000
2.92000,0.003332 -0.012425 0.000647 -0.014772 -0.008180 -0.027736 0.006184,0.402678 -0.014940 0.241446,-0.095957 -0.082785 -0.991937,-0.104130 -0.087156 -0.990737,-0.000049 -0.000038 0.000008,0.062146,0.180013,0.180000
2.93000,0.003241 -0.012089 0.000623 -0.014374 -0.007938 -0.026975 0.006004,0.402638 -0.014962 0.241452,-0.096180 -0.082911 -0.991905,-0.104130 -0.087156 -0.990737,-0.000048 -0.000037 0.000008,0.061249,0.180013,0.180000
2.94000,0.003153 -0.011763 0.000600 -0.013988 -0.007702 -0.026236 0.005829,0.402600 -0.014983 0.241458,-0.096397 -0.083034 -0.991873,-0.104130 -0.087156 -0.990737,-0.000048 -0.000036 0.000008,0.060341,0.180013,0.180000
2.95000,0.003068 -0.011446 0.000578 -0.013611 -0.007474 -0.025516 0.005659,0.402562 -0.015004 0.241464,-0.096609 -0.083153 -0.991843,-0.104130 -0.087156 -0.990737,-0.000047 -0.000036 0.000008,0.059461,0.180012,0.180000
2.96000,0.002984 -0.011137 0.000557 -0.013245 -0.007252 -0.024817 0.005495,0.402526 -0.015025 0.241469,-0.096814 -0.083268 -0.991813,-0.104130 -0.087156 -0.990737,-0.000046 -0.000035 0.000007,0.058572,0.180012,0.180000
2.97000,0.002903 -0.010836 0.000537 -0.012889 -0.007037 -0.024136 0.005335,0.402491 -0.015044 0.241474,-0.097014 -0.083381 -0.991784,-0.104130 -0.087156 -0.990737,-0.000046 -0.000035 0.000007,0.057710,0.180012,0.180000
2.98000,0.002824 -0.010544 0.000517 -0.012542 -0.006829 -0.023474 0.005180,0.402456 -0.015063 0.241479,-0.097209 -0.083490 -0.991756,-0.104130 -0.087156 -0.990737,-0.000045 -0.000034 0.000007,0.056838,0.180012,0.180000
2.99000,0.002747 -0.010259 0.000498 -0.012205 -0.006627 -0.022831 0.005029,0.402423 -0.015082 0.241484,-0.097398 -0.083595 -0.991729,-0.104130 -0.087156 -0.990737,-0.000044 -0.000034 0.000007,0.055994,0.180012,0.180000
3.00000,0.006556 0.022080 -0.005479 -0.088407 0.006063 -0.107265 -0.003867,0.402391 -0.015100 0.241489,-0.097582 -0.083698 -0.991702,-0.099844 -0.082808 -0.991551,-0.000044 -0.000033 0.000007,0.055137,0.180012,0.179600
3.01000,0.004210 0.028830 -0.007465 -0.081409 0.015476 -0.091609 -0.010352,0.402374 -0.015070 0.241831,-0.097708 -0.083687 -0.991690,-0.095550 -0.078459 -0.992328,-0.000071 -0.000034 0.000010,0.079289,0.179672,0.179200
3.02000,0.001934 0.035381 -0.009441 -0.074776 0.024709 -0.077023 -0.016693,0.402454 -0.015006 0.242237,-0.097534 -0.083545 -0.991719,-0.091250 -0.074109 -0.993067,-0.000063 -0.000030 0.000009,0.070085,0.179256,0.178800
3.03000,-0.000298 0.041815 -0.011366 -0.068231 0.033646 -0.062681 -0.022851,0.402534 -0.014923 0.242622,-0.097295 -0.083284 -0.991765,-0.086943 -0.069757 -0.993768,-0.000064 -0.000027 0.000009,0.069955,0.178859,0.178400
3.04000,-0.002478 0.048111 -0.013254 -0.061844 0.042333 -0.048794 -0.028846,0.402639 -0.014818 0.243008,-0.096932 -0.082906 -0.991832,-0.082631 -0.065403 -0.994432,-0.000063 -0.000023 0.000008,0.067237,0.178458,0.178000
3.05000,-0.004607 0.054276 -0.015105 -0.055592 0.050774 -0.035293 -0.034685,0.402762 -0.014694 0.243389,-0.096465 -0.082415 -0.991919,-0.078312 -0.061049 -0.995058,-0.000062 -0.000019 0.000008,0.065126,0.178057,0.177600
3.06000,-0.006683 0.060309 -0.016921 -0.049479 0.058980 -0.022183 -0.040374,0.402904 -0.014550 0.243768,-0.095891 -0.081813 -0.992024,-0.073989 -0.056693 -0.995646,-0.000060 -0.000016 0.000007,0.062791,0.177657,0.177200
3.07000,-0.008706 0.066211 -0.018706 -0.043501 0.066961 -0.009451 -0.045920,0.403064 -0.014388 0.244143,-0.095215 -0.081105 -0.992147,-0.069661 -0.052336 -0.996197,-0.000059 -0.000012 0.000007,0.060505,0.177256,0.176800
3.08000,-0.010676 0.071983 -0.020460 -0.037655 0.074728 0.002909 -0.051331,0.403241 -0.014208 0.244515,-0.094440 -0.080292 -0.992287,-0.065328 -0.047978 -0.996710,-0.000057 -0.000008 0.000006,0.058221,0.176855,0.176400
3.09000,-0.012591 0.077627 -0.022186 -0.031938 0.082290 0.014909 -0.056612,0.403434 -0.014011 0.244885,-0.093567 -0.079378 -0.992444,-0.060990 -0.043620 -0.997185,-0.000056 -0.000004 0.000006,0.056022,0.176454,0.176000
3.10000,-0.014452 0.083143 -0.023885 -0.026349 0.089654 0.026557 -0.061769,0.403644 -0.013797 0.245252,-0.092600 -0.078367 -0.992615,-0.056649 -0.039260 -0.997622,-0.000054 -0.000000 0.000005,0.053920,0.176054,0.175600
3.11000,-0.016258 0.088534 -0.025561 -0.020884 0.096831 0.037861 -0.066808,0.403869 -0.013567 0.245617,-0.091541 -0.077260 -0.992800,-0.052304 -0.034900 -0.998021,-0.000052 0.000004 0.000004,0.051993,0.175653,0.175200
3.12000,-0.018010 0.093800 -0.027213 -0.015540 0.103828 0.048830 -0.071734,0.404109 -0.013322 0.245979,-0.090393 -0.076061 -0.992997,-0.047955 -0.030539 -0.998383,-0.000050 0.000008 0.000004,0.050259,0.175252,0.174800
3.13000,-0.019707 0.098943 -0.028844 -0.010317 0.110652 0.059472 -0.076553,0.404363 -0.013062 0.246340,-0.089157 -0.074772 -0.993207,-0.043604 -0.026177 -0.998706,-0.000047 0.000012 0.000003,0.048808,0.174851,0.174400
3.14000,-0.021350 0.103966 -0.030455 -0.005210 0.117311 0.069795 -0.081269,0.404632 -0.012788 0.246700,-0.087837 -0.073396 -0.993427,-0.039250 -0.021815 -0.998991,-0.000045 0.000016 0.000003,0.047661,0.174450,0.174000
3.15000,-0.022939 0.108869 -0.032048 -0.000218 0.123812 0.079807 -0.085886,0.404914 -0.012500 0.247057,-0.086434 -0.071935 -0.993657,-0.034894 -0.017453 -0.999239,-0.000042 0.000020 0.000002,0.046898,0.174049,0.173600
3.16000,-0.023445 0.107507 -0.035276 -0.003978 0.131742 0.075537 -0.091044,0.405209 -0.012199 0.247414,-0.084951 -0.070392 -0.993896,-0.034896 -0.013090 -0.999305,-0.000040 0.000024 0.000002,0.046537,0.173648,0.173200
3.17000,-0.023932 0.106159 -0.038456 -0.007649 0.139448 0.071348 -0.096081,0.405493 -0.011886 0.247771,-0.083507 -0.068770 -0.994131,-0.034898 -0.008727 -0.999353,-0.000039 0.000029 0.000001,0.048510,0.173247,0.172800
3.18000,-0.024400 0.104837 -0.041584 -0.011222 0.146936 0.067234 -0.100997,0.405771 -0.011560 0.248128,-0.082102 -0.067071 -0.994364,-0.034899 -0.004364 -0.999381,-0.000038 0.000033 0.000001,0.050435,0.172847,0.172400
3.19000,-0.024850 0.103535 -0.044663 -0.014703 0.154211 0.063195 -0.105794,0.406040 -0.011223 0.248486,-0.080735 -0.065298 -0.994594,-0.034899 -0.000000 -0.999391,-0.000037 0.000037 0.000001,0.052855,0.172447,0.172000
3.20000,-0.025284 0.102253 -0.047693 -0.018093 0.161279 0.059225 -0.110475,0.406302 -0.010875 0.248845,-0.079404 -0.063451 -0.994821,-0.034899 0.004363 -0.999381,-0.000037 0.000042 0.000000,0.055557,0.172046,0.171600
3.21000,-0.025703 0.100991 -0.050676 -0.021396 0.168145 0.055324 -0.115041,0.406557 -0.010516 0.249204,-0.078109 -0.061534 -0.995044,-0.034898 0.008726 -0.999353,-0.000036 0.000046 -0.000000,0.058542,0.171646,0.171200
3.22000,-0.026108 0.099748 -0.053614 -0.024612 0.174814 0.051489 -0.119496,0.406805 -0.010147 0.249565,-0.076849 -0.059548 -0.995263,-0.034896 0.013089 -0.999305,-0.000035 0.000051 -0.000000,0.061741,0.171246,0.170800
3.23000,-0.026499 0.098521 -0.056508 -0.027745 0.181290 0.047717 -0.123841,0.407045 -0.009768 0.249926,-0.075622 -0.057495 -0.995478,-0.034894 0.017452 -0.999239,-0.000035 0.000055 -0.000001,0.065133,0.170846,0.170400
3.24000,-0.026877 0.097311 -0.059358 -0.030796 0.187580 0.044005 -0.128078,0.407279 -0.009379 0.250289,-0.074429 -0.055377 -0.995688,-0.034891 0.021815 -0.999153,-0.000035 0.000059 -0.000001,0.068673,0.170446,0.170000
3.25000,-0.027243 0.096117 -0.062166 -0.033768 0.193686 0.040353 -0.132210,0.407507 -0.008982 0.250652,-0.073267 -0.053196 -0.995893,-0.034887 0.026177 -0.999048,-0.000034 0.000064 -0.000001,0.072346,0.170046,0.169600
3.26000,-0.027599 0.094937 -0.064932 -0.036663 0.199615 0.036758 -0.136239,0.407729 -0.008576 0.251016,-0.072136 -0.050954 -0.996092,-0.034883 0.030538 -0.998925,-0.000034 0.000068 -0.000001,0.076121,0.169646,0.169200
3.27000,-0.027944 0.093771 -0.067659 -0.039482 0.205370 0.033217 -0.140167,0.407944 -0.008162 0.251382,-0.071035 -0.048652 -0.996287,-0.034878 0.034899 -0.998782,-0.000034 0.000073 -0.000001,0.079988,0.169246,0.168800
3.28000,-0.028279 0.092619 -0.070347 -0.042229 0.210956 0.029730 -0.143996,0.408153 -0.007739 0.251748,-0.069964 -0.046293 -0.996475,-0.034872 0.039260 -0.998620,-0.000034 0.000077 -0.000001,0.083925,0.168846,0.168400
3.29000,-0.028605 0.091479 -0.072996 -0.044904 0.216378 0.026293 -0.147728,0.408357 -0.007310 0.252116,-0.068921 -0.043877 -0.996657,-0.034866 0.043619 -0.998440,-0.000033 0.000081 -0.000001,0.087926,0.168446,0.168000
3.30000,-0.028923 0.090350 -0.075609 -0.047509 0.221639 0.022906 -0.151365,0.408555 -0.006872 0.252485,-0.067906 -0.041406 -0.996832,-0.034859 0.047978 -0.998240,-0.000033 0.000086 -0.000001,0.091975,0.168046,0.167600
3.31000,-0.029233 0.089233 -0.078185 -0.050047 0.226744 0.019567 -0.154909,0.408748 -0.006428 0.252856,-0.066918 -0.038883 -0.997001,-0.034851 0.052336 -0.998021,-0.000033 0.000090 -0.000001,0.096069,0.167646,0.167200
3.32000,-0.029536 0.088127 -0.080726 -0.052519 0.231697 0.016275 -0.158363,0.408936 -0.005978 0.253227,-0.065956 -0.036308 -0.997162,-0.034843 0.056693 -0.997784,-0.000033 0.000094 -0.000001,0.100196,0.167246,0.166800
3.33000,-0.029833 0.087031 -0.083232 -0.054926 0.236501 0.013027 -0.161727,0.409118 -0.005521 0.253600,-0.065019 -0.033682 -0.997315,-0.034834 0.061048 -0.997527,-0.000034 0.000099 -0.000001,0.104355,0.166846,0.166400
3.34000,-0.030123 0.085944 -0.085704 -0.057271 0.241161 0.009823 -0.165004,0.409296 -0.005058 0.253975,-0.064107 -0.031008 -0.997461,-0.034825 0.065403 -0.997251,-0.000034 0.000103 -0.000001,0.108535,0.166447,0.166000
3.35000,-0.030407 0.084865 -0.088143 -0.059555 0.245680 0.006662 -0.168196,0.409469 -0.004589 0.254351,-0.063219 -0.028287 -0.997599,-0.034814 0.069756 -0.996956,-0.000034 0.000108 -0.000001,0.112737,0.166047,0.165600
3.36000,-0.030686 0.083796 -0.090550 -0.061779 0.250062 0.003541 -0.171305,0.409637 -0.004115 0.254729,-0.062354 -0.025520 -0.997728,-0.034803 0.074108 -0.996643,-0.000034 0.000112 -0.000001,0.116951,0.165647,0.165200
3.37000,-0.032797 0.069708 -0.089391 -0.023983 0.254121 0.049380 -0.173559,0.409801 -0.003636 0.255108,-0.061512 -0.022708 -0.997848,-0.034792 0.078459 -0.996310,-0.000034 0.000116 -0.000001,0.121181,0.165247,0.165000
3.38000,-0.034827 0.054931 -0.087782 0.015745 0.258235 0.097568 -0.175738,0.409970 -0.003154 0.255321,-0.060662 -0.019849 -0.997961,-0.034779 0.082808 -0.995958,-0.000020 0.000121 -0.000001,0.122787,0.165014,0.165000
3.39000,-0.034880 0.053805 -0.089714 0.013735 0.262453 0.094771 -0.178626,0.410111 -0.002671 0.255327,-0.059889 -0.016944 -0.998061,-0.034766 0.087155 -0.995588,-0.000008 0.000125 -0.000002,0.125312,0.164992,0.165000
3.40000,-0.034926 0.052748 -0.091592 0.011730 0.266522 0.092091 -0.181415,0.410221 -0.002182 0.255306,-0.059203 -0.013999 -0.998148,-0.034753 0.091501 -0.995198,-0.000010 0.000128 -0.000001,0.127949,0.164998,0.165000
3.41000,-0.034965 0.051686 -0.093438 0.009785 0.270490 0.089409 -0.184140,0.410336 -0.001687 0.255294,-0.058516 -0.011015 -0.998226,-0.034739 0.095845 -0.994790,-0.000009 0.000130 -0.000001,0.130593,0.164998,0.165000
3.42000,-0.034997 0.050639 -0.095247 0.007886 0.274347 0.086758 -0.186794,0.410446 -0.001186 0.255282,-0.057851 -0.007992 -0.998293,-0.034724 0.100188 -0.994362,-0.000008 0.000133 -0.000001,0.133231,0.164999,0.165000
3.43000,-0.035023 0.049600 -0.097021 0.006033 0.278098 0.084128 -0.189381,0.410554 -0.000678 0.255273,-0.057202 -0.004932 -0.998350,-0.034708 0.104528 -0.993916,-0.000008 0.000136 -0.000000,0.135857,0.164999,0.165000
3.44000,-0.035043 0.048572 -0.098762 0.004226 0.281747 0.081521 -0.191901,0.410659 -0.000165 0.255265,-0.056570 -0.001836 -0.998397,-0.034692 0.108867 -0.993451,-0.000007 0.000138 0.000000,0.138468,0.165000,0.165000
3.45000,-0.035058 0.047554 -0.100470 0.002463 0.285295 0.078936 -0.194357,0.410761 0.000355 0.255258,-0.055954 0.001295 -0.998433,-0.034675 0.113203 -0.992967,-0.000007 0.000141 0.000001,0.141068,0.165001,0.165000
3.46000,-0.035069 0.046544 -0.102146 0.000744 0.288745 0.076373 -0.196749,0.410860 0.000880 0.255254,-0.055354 0.004461 -0.998457,-0.034657 0.117537 -0.992464,-0.000006 0.000144 0.000001,0.143651,0.165002,0.165000
3.47000,-0.035075 0.045543 -0.103791 -0.000934 0.292099 0.073831 -0.199080,0.410957 0.001410 0.255251,-0.054768 0.007660 -0.998470,-0.034639 0.121869 -0.991942,-0.000006 0.000146 0.000001,0.146222,0.165003,0.165000
3.48000,-0.035077 0.044551 -0.105405 -0.002571 0.295361 0.071308 -0.201350,0.411052 0.001946 0.255251,-0.054198 0.010891 -0.998471,-0.034620 0.126199 -0.991401,-0.000006 0.000149 0.000002,0.148776,0.165003,0.165000
3.49000,-0.035075 0.043568 -0.106990 -0.004167 0.298532 0.068806 -0.203562,0.411144 0.002487 0.255252,-0.053641 0.014154 -0.998460,-0.034601 0.130526 -0.990841,-0.000005 0.000151 0.000002,0.151318,0.165004,0.165000
3.50000,-0.035070 0.042592 -0.108546 -0.005725 0.301614 0.066322 -0.205715,0.411234 0.003032 0.255256,-0.053099 0.017446 -0.998437,-0.034580 0.134851 -0.990262,-0.000005 0.000154 0.000003,0.153842,0.165005,0.165000
3.51000,-0.035063 0.041624 -0.110074 -0.007246 0.304610 0.063858 -0.207812,0.411321 0.003583 0.255261,-0.052570 0.020768 -0.998401,-0.034560 0.139173 -0.989665,-0.000005 0.000156 0.000003,0.156354,0.165006,0.165000
3.52000,-0.035052 0.040664 -0.111574 -0.008729 0.307522 0.061411 -0.209854,0.411406 0.004139 0.255269,-0.052054 0.024119 -0.998353,-0.034538 0.143492 -0.989049,-0.000004 0.000159 0.000004,0.158848,0.165007,0.165000
3.53000,-0.035040 0.039711 -0.113048 -0.010176 0.310352 0.058983 -0.211843,0.411490 0.004698 0.255279,-0.051551 0.027497 -0.998292,-0.034516 0.147809 -0.988413,-0.000004 0.000161 0.000005,0.161330,0.165008,0.165000
3.54000,-0.035025 0.038765 -0.114495 -0.011589 0.313102 0.056572 -0.213778,0.411571 0.005263 0.255291,-0.051060 0.030903 -0.998217,-0.034493 0.152123 -0.987759,-0.000004 0.000164 0.000005,0.163792,0.165008,0.165000
3.55000,-0.035009 0.037827 -0.115917 -0.012967 0.315775 0.054178 -0.215662,0.411650 0.005832 0.255305,-0.050581 0.034334 -0.998130,-0.034470 0.156434 -0.987087,-0.000004 0.000166 0.000006,0.166244,0.165009,0.165000
3.56000,-0.033911 0.036378 -0.112969 -0.012733 0.307096 0.051718 -0.209820,0.411727 0.006404 0.255322,-0.050114 0.037790 -0.998028,-0.034470 0.156434 -0.987087,-0.000003 0.000169 0.000007,0.168676,0.165010,0.165000
3.57000,-0.032843 0.034987 -0.110074 -0.012500 0.298640 0.049368 -0.204107,0.411803 0.006957 0.255340,-0.049658 0.041153 -0.997918,-0.034470 0.156434 -0.987087,-0.000003 0.000167 0.000007,0.166827,0.165010,0.165000
3.58000,-0.031815 0.033655 -0.107247 -0.012268 0.290407 0.047131 -0.198545,0.411877 0.007496 0.255360,-0.049215 0.044420 -0.997800,-0.034470 0.156434 -0.987087,-0.000002 0.000166 0.000007,0.165980,0.165011,0.165000
3.59000,-0.030821 0.032378 -0.104485 -0.012038 0.282393 0.045000 -0.193127,0.411949 0.008018 0.255381,-0.048785 0.047594 -0.997675,-0.034470 0.156434 -0.987087,-0.000001 0.000165 0.000008,0.164828,0.165011,0.165000
3.60000,-0.029862 0.031153 -0.101786 -0.011809 0.274591 0.042969 -0.187850,0.412018 0.008526 0.255402,-0.048367 0.050679 -0.997543,-0.034470 0.156434 -0.987087,-0.000001 0.000163 0.000008,0.163685,0.165011,0.165000
3.61000,-0.028936 0.029980 -0.099149 -0.011582 0.266997 0.041033 -0.182711,0.412086 0.009019 0.255425,-0.047960 0.053676 -0.997406,-0.034470 0.156434 -0.987087,-0.000000 0.000162 0.000009,0.162488,0.165012,0.165000
3.62000,-0.028041 0.028854 -0.096574 -0.011356 0.259606 0.039189 -0.177706,0.412151 0.009499 0.255449,-0.047565 0.056589 -0.997264,-0.034470 0.156434 -0.987087,0.000000 0.000161 0.000009,0.161247,0.165012,0.165000
3.63000,-0.027177 0.027774 -0.094060 -0.011133 0.252413 0.037431 -0.172833,0.412215 0.009964 0.255473,-0.047181 0.059419 -0.997118,-0.034470 0.156434 -0.987087,0.000000 0.000160 0.000009,0.159972,0.165012,0.165000
3.64000,-0.026342 0.026738 -0.091605 -0.010912 0.245413 0.035756 -0.168089,0.412277 0.010417 0.255498,-0.046808 0.062168 -0.996967,-0.034470 0.156434 -0.987087,0.000001 0.000158 0.000010,0.158654,0.165013,0.165000
3.65000,-0.025535 0.025745 -0.089209 -0.010693 0.238602 0.034159 -0.163470,0.412337 0.010856 0.255523,-0.046445 0.064840 -0.996814,-0.034470 0.156434 -0.987087,0.000001 0.000157 0.000010,0.157309,0.165013,0.165000
3.66000,-0.024754 0.024791 -0.086870 -0.010477 0.231974 0.032637 -0.158974,0.412396 0.011283 0.255548,-0.046093 0.067436 -0.996658,-0.034470 0.156434 -0.987087,0.000001 0.000156 0.000010,0.155925,0.165013,0.165000
3.67000,-0.024000 0.023876 -0.084587 -0.010263 0.225526 0.031186 -0.154597,0.412452 0.011698 0.255575,-0.045750 0.069958 -0.996500,-0.034470 0.156434 -0.987087,0.000002 0.000154 0.000011,0.154519,0.165014,0.165000
3.68000,-0.023271 0.022998 -0.082360 -0.010052 0.219253 0.029802 -0.150337,0.412507 0.012101 0.255601,-0.045418 0.072409 -0.996340,-0.034470 0.156434 -0.987087,0.000002 0.000153 0.000011,0.153079,0.165014,0.165000
3.69000,-0.022565 0.022155 -0.080187 -0.009844 0.213150 0.028483 -0.146191,0.412561 0.012493 0.255627,-0.045095 0.074790 -0.996179,-0.034470 0.156434 -0.987087,0.000002 0.000151 0.000011,0.151623,0.165014,0.165000
3.70000,-0.021883 0.021345 -0.078068 -0.009639 0.207213 0.027224 -0.142156,0.412613 0.012873 0.255654,-0.044781 0.077103 -0.996017,-0.034470 0.156434 -0.987087,0.000002 0.000150 0.000011,0.150136,0.165015,0.165000
3.71000,-0.021223 0.020568 -0.076000 -0.009436 0.201438 0.026024 -0.138230,0.412663 0.013242 0.255681,-0.044476 0.079351 -0.995854,-0.034470 0.156434 -0.987087,0.000003 0.000148 0.000012,0.148638,0.165015,0.165000
3.72000,-0.020584 0.019821 -0.073984 -0.009237 0.195821 0.024880 -0.134409,0.412712 0.013601 0.255708,-0.044180 0.081535 -0.995691,-0.034470 0.156434 -0.987087,0.000003 0.000147 0.000012,0.147113,0.165015,0.165000
3.73000,-0.019966 0.019104 -0.072018 -0.009040 0.190357 0.023788 -0.130691,0.412760 0.013950 0.255735,-0.043893 0.083657 -0.995527,-0.034470 0.156434 -0.987087,0.000003 0.000145 0.000012,0.145580,0.165016,0.165000
3.74000,-0.019368 0.018415 -0.070101 -0.008847 0.185043 0.022746 -0.127074,0.412806 0.014289 0.255761,-0.043613 0.085719 -0.995364,-0.034470 0.156434 -0.987087,0.000003 0.000143 0.000012,0.144024,0.165016,0.165000
3.75000,-0.018789 0.017753 -0.068232 -0.008656 0.179875 0.021752 -0.123555,0.412851 0.014618 0.255788,-0.043342 0.087723 -0.995202,-0.034470 0.156434 -0.987087,0.000003 0.000142 0.000012,0.142464,0.165016,0.165000
3.76000,-0.018228 0.017117 -0.066410 -0.008469 0.174849 0.020804 -0.120131,0.412894 0.014937 0.255815,-0.043079 0.089669 -0.995040,-0.034470 0.156434 -0.987087,0.000003 0.000140 0.000013,0.140885,0.165016,0.165000
3.77000,-0.017686 0.016505 -0.064634 -0.008285 0.169961 0.019899 -0.116800,0.412937 0.015248 0.255841,-0.042823 0.091560 -0.994878,-0.034470 0.156434 -0.987087,0.000003 0.000139 0.000013,0.139306,0.165017,0.165000
3.78000,-0.017160 0.015917 -0.062903 -0.008104 0.165207 0.019035 -0.113559,0.412978 0.015549 0.255868,-0.042575 0.093398 -0.994718,-0.034470 0.156434 -0.987087,0.000003 0.000137 0.000013,0.137710,0.165017,0.165000
3.79000,-0.016651 0.015352 -0.061217 -0.007926 0.160585 0.018210 -0.110407,0.413018 0.015842 0.255894,-0.042334 0.095183 -0.994559,-0.034470 0.156434 -0.987087,0.000003 0.000135 0.000013,0.136117,0.165017,0.165000
3.80000,-0.016158 0.014808 -0.059573 -0.007751 0.156090 0.017423 -0.107341,0.413056 0.016127 0.255920,-0.042100 0.096918 -0.994402,-0.034470 0.156434 -0.987087,0.000003 0.000134 0.000013,0.134510,0.165017,0.165000
3.81000,-0.015680 0.014285 -0.057971 -0.007579 0.151720 0.016671 -0.104359,0.413094 0.016403 0.255945,-0.041872 0.098603 -0.994246,-0.034470 0.156434 -0.987087,0.000003 0.000132 0.000013,0.132908,0.165017,0.165000
3.82000,-0.015217 0.013782 -0.056411 -0.007410 0.147470 0.015954 -0.101458,0.413130 0.016672 0.255971,-0.041652 0.100241 -0.994091,-0.034470 0.156434 -0.987087,0.000003 0.000131 0.000013,0.131294,0.165018,0.165000
3.83000,-0.014769 0.013299 -0.054890 -0.007245 0.143338 0.015268 -0.098636,0.413165 0.016933 0.255996,-0.041437 0.101832 -0.993938,-0.034470 0.156434 -0.987087,0.000003 0.000129 0.000013,0.129688,0.165018,0.165000
3.84000,-0.014334 0.012833 -0.053409 -0.007083 0.139321 0.014614 -0.095892,0.413200 0.017187 0.256020,-0.041229 0.103378 -0.993787,-0.034470 0.156434 -0.987087,0.000003 0.000127 0.000013,0.128077,0.165018,0.165000
3.85000,-0.013913 0.012385 -0.051966 -0.006923 0.135415 0.013989 -0.093224,0.413233 0.017433 0.256045,-0.041027 0.104880 -0.993638,-0.034470 0.156434 -0.987087,0.000003 0.000126 0.000013,0.126465,0.165018,0.165000
3.86000,-0.013505 0.011954 -0.050561 -0.006767 0.131617 0.013391 -0.090628,0.413265 0.017672 0.256069,-0.040831 0.106339 -0.993491,-0.034470 0.156434 -0.987087,0.000003 0.000124 0.000013,0.124856,0.165018,0.165000
3.87000,-0.013109 0.011539 -0.049193 -0.006614 0.127925 0.012821 -0.088104,0.413297 0.017904 0.256093,-0.040641 0.107757 -0.993346,-0.034470 0.156434 -0.987087,0.000003 0.000123 0.000013,0.123249,0.165018,0.165000
3.88000,-0.012726 0.011139 -0.047860 -0.006463 0.124336 0.012275 -0.085649,0.413327 0.018130 0.256116,-0.040457 0.109135 -0.993203,-0.034470 0.156434 -0.987087,0.000003 0.000121 0.000013,0.121647,0.165018,0.165000
3.89000,-0.012354 0.010755 -0.046562 -0.006316 0.120846 0.011754 -0.083262,0.413357 0.018349 0.256139,-0.040277 0.110473 -0.993063,-0.034470 0.156434 -0.987087,0.000003 0.000119 0.000013,0.120049,0.165018,0.165000
3.90000,-0.011994 0.010384 -0.045298 -0.006172 0.117454 0.011256 -0.080941,0.413385 0.018562 0.256162,-0.040103 0.111774 -0.992924,-0.034470 0.156434 -0.987087,0.000003 0.000118 0.000013,0.118457,0.165019,0.165000
3.91000,-0.011644 0.010028 -0.044067 -0.006030 0.114156 0.010780 -0.078684,0.413413 0.018769 0.256185,-0.039934 0.113038 -0.992788,-0.034470 0.156434 -0.987087,0.000003 0.000116 0.000013,0.116870,0.165019,0.165000
3.92000,-0.011305 0.009684 -0.042869 -0.005892 0.110950 0.010325 -0.076489,0.413440 0.018970 0.256207,-0.039771 0.114266 -0.992654,-0.034470 0.156434 -0.987087,0.000003 0.000115 0.000013,0.115292,0.165019,0.165000
3.93000,-0.010977 0.009353 -0.041702 -0.005756 0.107833 0.009890 -0.074355,0.413466 0.019166 0.256228,-0.039611 0.115459 -0.992522,-0.034470 0.156434 -0.987087,0.000003 0.000113 0.000013,0.113721,0.165019,0.165000
3.94000,-0.010658 0.009034 -0.040566 -0.005623 0.104804 0.009474 -0.072280,0.413492 0.019356 0.256250,-0.039457 0.116618 -0.992393,-0.034470 0.156434 -0.987087,0.000003 0.000111 0.000013,0.112158,0.165019,0.165000
3.95000,-0.010349 0.008727 -0.039460 -0.005493 0.101858 0.009077 -0.070262,0.413516 0.019540 0.256270,-0.039307 0.117744 -0.992266,-0.034470 0.156434 -0.987087,0.000003 0.000110 0.000013,0.110604,0.165019,0.165000
3.96000,-0.010049 0.008430 -0.038384 -0.005366 0.098996 0.008696 -0.068300,0.413540 0.019719 0.256291,-0.039162 0.118839 -0.992141,-0.034470 0.156434 -0.987087,0.000003 0.000108 0.000013,0.109060,0.165019,0.165000
3.97000,-0.009758 0.008145 -0.037336 -0.005241 0.096213 0.008332 -0.066393,0.413564 0.019893 0.256311,-0.039021 0.119902 -0.992019,-0.034470 0.156434 -0.987087,0.000003 0.000107 0.000013,0.107525,0.165019,0.165000
3.98000,-0.009476 0.007870 -0.036316 -0.005119 0.093508 0.007984 -0.064538,0.413586 0.020062 0.256331,-0.038884 0.120935 -0.991899,-0.034470 0.156434 -0.987087,0.000003 0.000105 0.000013,0.106002,0.165019,0.165000
3.99000,-0.009202 0.007604 -0.035323 -0.004999 0.090878 0.007651 -0.062735,0.413608 0.020226 0.256350,-0.038751 0.121939 -0.991781,-0.034470 0.156434 -0.987087,0.000003 0.000104 0.000013,0.104489,0.165019,0.165000
4.00000,-0.008936 0.007349 -0.034357 -0.004882 0.088322 0.007332 -0.060982,0.413629 0.020385 0.256369,-0.038622 0.122915 -0.991665,-0.034470 0.156434 -0.987087,0.000002 0.000102 0.000013,0.102988,0.165019,0.165000
4.01000,-0.008679 0.007102 -0.033416 -0.004768 0.085838 0.007027 -0.059277,0.413650 0.020540 0.256388,-0.038497 0.123863 -0.991552,-0.034470 0.156434 -0.987087,0.000002 0.000101 0.000012,0.101497,0.165019,0.165000
4.02000,-0.008429 0.006864 -0.032501 -0.004656 0.083423 0.006736 -0.057620,0.413670 0.020691 0.256406,-0.038375 0.124784 -0.991442,-0.034470 0.156434 -0.987087,0.000002 0.000099 0.000012,0.100021,0.165019,0.165000
4.03000,-0.008186 0.006634 -0.031611 -0.004546 0.081076 0.006456 -0.056009,0.413689 0.020837 0.256424,-0.038258 0.125678 -0.991333,-0.034470 0.156434 -0.987087,0.000002 0.000098 0.000012,0.098555,0.165019,0.165000
4.04000,-0.007950 0.006413 -0.030744 -0.004439 0.078795 0.006189 -0.054443,0.413708 0.020979 0.256441,-0.038143 0.126548 -0.991227,-0.034470 0.156434 -0.987087,0.000002 0.000096 0.000012,0.097103,0.165019,0.165000
4.05000,-0.007722 0.006200 -0.029900 -0.004334 0.076578 0.005933 -0.052920,0.413726 0.021117 0.256458,-0.038032 0.127393 -0.991123,-0.034470 0.156434 -0.987087,0.000002 0.000095 0.000012,0.095663,0.165019,0.165000
4.06000,-0.007500 0.005994 -0.029080 -0.004232 0.074422 0.005688 -0.051440,0.413744 0.021251 0.256475,-0.037925 0.128214 -0.991021,-0.034470 0.156434 -0.987087,0.000002 0.000093 0.000012,0.094238,0.165019,0.165000
4.07000,-0.007285 0.005795 -0.028281 -0.004132 0.072327 0.005453 -0.050001,0.413761 0.021381 0.256492,-0.037820 0.129011 -0.990922,-0.034470 0.156434 -0.987087,0.000002 0.000092 0.000012,0.092824,0.165018,0.165000
4.08000,-0.007076 0.005603 -0.027504 -0.004034 0.070291 0.005228 -0.048602,0.413778 0.021508 0.256508,-0.037719 0.129786 -0.990824,-0.034470 0.156434 -0.987087,0.000002 0.000091 0.000012,0.091427,0.165018,0.165000
4.09000,-0.006873 0.005418 -0.026748 -0.003938 0.068313 0.005013 -0.047242,0.413794 0.021631 0.256523,-0.037621 0.130540 -0.990729,-0.034470 0.156434 -0.987087,0.000002 0.000089 0.000012,0.090041,0.165018,0.165000
4.10000,-0.006676 0.005239 -0.026012 -0.003844 0.066389 0.004807 -0.045920,0.413809 0.021750 0.256539,-0.037526 0.131271 -0.990636,-0.034470 0.156434 -0.987087,0.000002 0.000088 0.000012,0.088671,0.165018,0.165000
4.11000,-0.006485 0.005066 -0.025297 -0.003753 0.064520 0.004609 -0.044635,0.413825 0.021866 0.256554,-0.037433 0.131982 -0.990545,-0.034470 0.156434 -0.987087,0.000002 0.000087 0.000011,0.087313,0.165018,0.165000
4.12000,-0.006300 0.004900 -0.024600 -0.003663 0.062703 0.004420 -0.043386,0.413839 0.021979 0.256568,-0.037343 0.132673 -0.990456,-0.034470 0.156434 -0.987087,0.000002 0.000085 0.000011,0.085973,0.165018,0.165000
4.13000,-0.006120 0.004739 -0.023923 -0.003576 0.060937 0.004239 -0.042171,0.413854 0.022088 0.256583,-0.037256 0.133345 -0.990369,-0.034470 0.156434 -0.987087,0.000002 0.000084 0.000011,0.084643,0.165018,0.165000
4.14000,-0.005945 0.004584 -0.023264 -0.003490 0.059221 0.004065 -0.040990,0.413867 0.022194 0.256597,-0.037172 0.133997 -0.990284,-0.034470 0.156434 -0.987087,0.000001 0.000083 0.000011,0.083332,0.165018,0.165000
4.15000,-0.005775 0.004434 -0.022623 -0.003407 0.057553 0.003899 -0.039843,0.413881 0.022298 0.256610,-0.037090 0.134631 -0.990201,-0.034470 0.156434 -0.987087,0.000001 0.000081 0.000011,0.082032,0.165018,0.165000
4.16000,-0.005610 0.004289 -0.021999 -0.003325 0.055931 0.003739 -0.038727,0.413894 0.022398 0.256624,-0.037010 0.135247 -0.990120,-0.034470 0.156434 -0.987087,0.000001 0.000080 0.000011,0.080751,0.165018,0.165000
4.17000,-0.005450 0.004149 -0.021393 -0.003246 0.054356 0.003586 -0.037643,0.413907 0.022496 0.256637,-0.036933 0.135846 -0.990041,-0.034470 0.156434 -0.987087,0.000001 0.000079 0.000011,0.079480,0.165018,0.165000
4.18000,-0.005295 0.004014 -0.020802 -0.003168 0.052824 0.003440 -0.036588,0.413919 0.022590 0.256649,-0.036858 0.136427 -0.989964,-0.034470 0.156434 -0.987087,0.000001 0.000077 0.000011,0.078228,0.165017,0.165000
4.19000,-0.005144 0.003883 -0.020228 -0.003092 0.051336 0.003299 -0.035564,0.413931 0.022682 0.256662,-0.036786 0.136992 -0.989889,-0.034470 0.156434 -0.987087,0.000001 0.000076 0.000011,0.076987,0.165017,0.165000
4.20000,-0.004997 0.003757 -0.019670 -0.003017 0.049890 0.003164 -0.034568,0.413942 0.022772 0.256674,-0.036716 0.137541 -0.989815,-0.034470 0.156434 -0.987087,0.000001 0.000075 0.000010,0.075766,0.165017,0.165000
4.21000,-0.004855 0.003635 -0.019127 -0.002945 0.048484 0.003035 -0.033599,0.413954 0.022859 0.256686,-0.036647 0.138075 -0.989744,-0.034470 0.156434 -0.987087,0.000001 0.000074 0.000010,0.074554,0.165017,0.165000
4.22000,-0.004717 0.003517 -0.018599 -0.002874 0.047118 0.002911 -0.032658,0.413964 0.022943 0.256697,-0.036581 0.138593 -0.989674,-0.034470 0.156434 -0.987087,0.000001 0.000073 0.000010,0.073363,0.165017,0.165000
4.23000,-0.004583 0.003404 -0.018085 -0.002804 0.045790 0.002793 -0.031743,0.413975 0.023025 0.256709,-0.036517 0.139097 -0.989605,-0.034470 0.156434 -0.987087,0.000001 0.000071 0.000010,0.072181,0.165017,0.165000
4.24000,-0.004453 0.003294 -0.017585 -0.002737 0.044499 0.002679 -0.030854,0.413985 0.023104 0.256720,-0.036455 0.139587 -0.989539,-0.034470 0.156434 -0.987087,0.000001 0.000070 0.000010,0.071020,0.165017,0.165000
4.25000,-0.004326 0.003187 -0.017099 -0.002671 0.043245 0.002569 -0.029990,0.413995 0.023182 0.256730,-0.036394 0.140063 -0.989474,-0.034470 0.156434 -0.987087,0.000001 0.000069 0.000010,0.069867,0.165016,0.165000
4.26000,-0.004203 0.003085 -0.016626 -0.002606 0.042026 0.002465 -0.029150,0.414005 0.023257 0.256741,-0.036335 0.140525 -0.989410,-0.034470 0.156434 -0.987087,0.000001 0.000068 0.000010,0.068736,0.165016,0.165000
4.27000,-0.004084 0.002985 -0.016166 -0.002543 0.040842 0.002364 -0.028333,0.414014 0.023330 0.256751,-0.036279 0.140974 -0.989348,-0.034470 0.156434 -0.987087,0.000001 0.000067 0.000010,0.067614,0.165016,0.165000
4.28000,-0.003968 0.002889 -0.015719 -0.002481 0.039691 0.002268 -0.027539,0.414023 0.023401 0.256761,-0.036223 0.141411 -0.989288,-0.034470 0.156434 -0.987087,0.000001 0.000066 0.000009,0.066512,0.165016,0.165000
4.29000,-0.003856 0.002796 -0.015284 -0.002421 0.038572 0.002175 -0.026767,0.414032 0.023470 0.256771,-0.036170 0.141835 -0.989229,-0.034470 0.156434 -0.987087,0.000001 0.000065 0.000009,0.065419,0.165016,0.165000
4.30000,-0.003746 0.002707 -0.014861 -0.002363 0.037485 0.002086 -0.026017,0.414041 0.023537 0.256780,-0.036118 0.142247 -0.989172,-0.034470 0.156434 -0.987087,0.000001 0.000064 0.000009,0.064346,0.165016,0.165000
4.31000,-0.003640 0.002620 -0.014450 -0.002305 0.036428 0.002001 -0.025288,0.414049 0.023602 0.256789,-0.036068 0.142647 -0.989116,-0.034470 0.156434 -0.987087,0.000001 0.000063 0.000009,0.063283,0.165016,0.165000
4.32000,-0.003537 0.002536 -0.014050 -0.002249 0.035401 0.001919 -0.024580,0.414057 0.023665 0.256798,-0.036019 0.143037 -0.989062,-0.034470 0.156434 -0.987087,0.000000 0.000062 0.000009,0.062239,0.165015,0.165000
4.33000,-0.003437 0.002455 -0.013661 -0.002195 0.034403 0.001841 -0.023891,0.414065 0.023726 0.256807,-0.035972 0.143415 -0.989009,-0.034470 0.156434 -0.987087,0.000000 0.000061 0.000009,0.061204,0.165015,0.165000
4.34000,-0.003340 0.002376 -0.013282 -0.002141 0.033433 0.001766 -0.023221,0.414072 0.023786 0.256816,-0.035926 0.143782 -0.988957,-0.034470 0.156434 -0.987087,0.000000 0.000060 0.000009,0.060190,0.165015,0.165000
4.35000,-0.003245 0.002301 -0.012914 -0.002089 0.032490 0.001694 -0.022571,0.414079 0.023844 0.256824,-0.035881 0.144139 -0.988907,-0.034470 0.156434 -0.987087,0.000000 0.000059 0.000009,0.059183,0.165015,0.165000
4.36000,-0.003153 0.002227 -0.012557 -0.002038 0.031574 0.001624 -0.021938,0.414086 0.023900 0.256832,-0.035838 0.144486 -0.988858,-0.034470 0.156434 -0.987087,0.000000 0.000058 0.000008,0.058198,0.165015,0.165000
4.37000,-0.003064 0.002156 -0.012209 -0.001989 0.030684 0.001558 -0.021323,0.414093 0.023955 0.256840,-0.035796 0.144824 -0.988810,-0.034470 0.156434 -0.987087,0.000000 0.000057 0.000008,0.057219,0.165015,0.165000
4.38000,-0.002977 0.002087 -0.011870 -0.001940 0.029819 0.001494 -0.020726,0.414100 0.024008 0.256848,-0.035756 0.145151 -0.988763,-0.034470 0.156434 -0.987087,0.000000 0.000056 0.000008,0.056262,0.165014,0.165000
4.39000,-0.002893 0.002021 -0.011541 -0.001893 0.028978 0.001432 -0.020145,0.414106 0.024059 0.256855,-0.035716 0.145470 -0.988718,-0.034470 0.156434 -0.987087,0.000000 0.000055 0.000008,0.055311,0.165014,0.165000
4.40000,-0.002812 0.001957 -0.011221 -0.001847 0.028161 0.001373 -0.019580,0.414113 0.024109 0.256863,-0.035678 0.145779 -0.988674,-0.034470 0.156434 -0.987087,0.000000 0.000054 0.000008,0.054382,0.165014,0.165000
4.41000,-0.002732 0.001895 -0.010910 -0.001801 0.027367 0.001317 -0.019032,0.414119 0.024158 0.256870,-0.035641 0.146080 -0.988631,-0.034470 0.156434 -0.987087,0.000000 0.000053 0.000008,0.053458,0.165014,0.165000
4.42000,-0.002655 0.001834 -0.010608 -0.001757 0.026595 0.001263 -0.018498,0.414125 0.024205 0.256877,-0.035605 0.146372 -0.988589,-0.034470 0.156434 -0.987087,0.000000 0.000052 0.000008,0.052556,0.165014,0.165000
4.43000,-0.002580 0.001776 -0.010314 -0.001714 0.025845 0.001211 -0.017980,0.414130 0.024251 0.256884,-0.035570 0.146656 -0.988548,-0.034470 0.156434 -0.987087,0.000000 0.000051 0.000008,0.051659,0.165014,0.165000
4.44000,-0.002507 0.001720 -0.010027 -0.001673 0.025117 0.001161 -0.017476,0.414136 0.024296 0.256890,-0.035537 0.146932 -0.988508,-0.034470 0.156434 -0.987087,0.000000 0.000050 0.000007,0.050784,0.165013,0.165000
4.45000,-0.002437 0.001665 -0.009749 -0.001632 0.024408 0.001113 -0.016986,0.414141 0.024339 0.256897,-0.035504 0.147200 -0.988469,-0.034470 0.156434 -0.987087,0.000000 0.000049 0.000007,0.049914,0.165013,0.165000
4.46000,-0.002368 0.001613 -0.009479 -0.001592 0.023720 0.001066 -0.016510,0.414147 0.024381 0.256903,-0.035472 0.147461 -0.988432,-0.034470 0.156434 -0.987087,0.000000 0.000049 0.000007,0.049066,0.165013,0.165000
4.47000,-0.002301 0.001562 -0.009216 -0.001553 0.023051 0.001022 -0.016048,0.414152 0.024422 0.256909,-0.035441 0.147714 -0.988395,-0.034470 0.156434 -0.987087,-0.000000 0.000048 0.000007,0.048222,0.165013,0.165000
4.48000,-0.002236 0.001512 -0.008960 -0.001515 0.022401 0.000979 -0.015598,0.414157 0.024462 0.256915,-0.035411 0.147960 -0.988359,-0.034470 0.156434 -0.987087,-0.000000 0.000047 0.000007,0.047399,0.165013,0.165000
4.49000,-0.002173 0.001464 -0.008712 -0.001478 0.021769 0.000939 -0.015161,0.414161 0.024501 0.256921,-0.035382 0.148199 -0.988324,-0.034470 0.156434 -0.987087,-0.000000 0.000046 0.000007,0.046581,0.165013,0.165000
4.50000,0.001677 -0.029571 0.008370 0.075060 0.028143 0.101960 -0.014920,0.414166 0.024538 0.256927,-0.035354 0.148431 -0.988291,-0.034470 0.156434 -0.987087,-0.000000 0.000045 0.000007,0.045783,0.165012,0.165400
4.51000,0.001787 -0.029656 0.008641 0.075010 0.027574 0.101709 -0.014472,0.414201 0.024622 0.256593,-0.035262 0.148665 -0.988259,-0.034470 0.156434 -0.987087,0.000032 0.000039 0.000005,0.050816,0.165353,0.165800
4.52000,0.001863 -0.029684 0.008950 0.075166 0.026977 0.102099 -0.014041,0.414164 0.024723 0.256189,-0.035350 0.148897 -0.988221,-0.034470 0.156434 -0.987087,0.000024 0.000040 0.000005,0.046913,0.165769,0.166200
4.53000,0.001945 -0.029731 0.009237 0.075259 0.026409 0.102307 -0.013622,0.414147 0.024818 0.255803,-0.035388 0.149121 -0.988185,-0.034470 0.156434 -0.987087,0.000027 0.000039 0.000005,0.047837,0.166165,0.166600
4.54000,0.002024 -0.029776 0.009518 0.075363 0.025853 0.102558 -0.013214,0.414125 0.024913 0.255412,-0.035437 0.149339 -0.988151,-0.034470 0.156434 -0.987087,0.000028 0.000038 0.000005,0.047521,0.166567,0.167000
4.55000,0.002102 -0.029823 0.009791 0.075458 0.025314 0.102791 -0.012818,0.414104 0.025008 0.255022,-0.035481 0.149551 -0.988117,-0.034470 0.156434 -0.987087,0.000029 0.000038 0.000005,0.047597,0.166967,0.167400
4.56000,0.002179 -0.029873 0.010055 0.075549 0.024789 0.103023 -0.012432,0.414084 0.025102 0.254632,-0.035526 0.149757 -0.988084,-0.034470 0.156434 -0.987087,0.000029 0.000037 0.000005,0.047599,0.167367,0.167800
4.57000,0.002254 -0.029925 0.010311 0.075636 0.024279 0.103250 -0.012057,0.414063 0.025194 0.254242,-0.035569 0.149957 -0.988052,-0.034470 0.156434 -0.987087,0.000030 0.000037 0.000004,0.047644,0.167767,0.168200
4.58000,0.002327 -0.029979 0.010560 0.075718 0.023783 0.103472 -0.011692,0.414043 0.025287 0.253851,-0.035610 0.150152 -0.988021,-0.034470 0.156434 -0.987087,0.000031 0.000036 0.000004,0.047722,0.168167,0.168600
4.59000,0.002400 -0.030034 0.010800 0.075796 0.023301 0.103690 -0.011337,0.414022 0.025378 0.253461,-0.035651 0.150341 -0.987991,-0.034470 0.156434 -0.987087,0.000032 0.000035 0.000004,0.047807,0.168568,0.169000
4.60000,0.002470 -0.030092 0.011034 0.075870 0.022832 0.103904 -0.010991,0.414002 0.025469 0.253070,-0.035691 0.150525 -0.987962,-0.034470 0.156434 -0.987087,0.000033 0.000035 0.000004,0.047915,0.168968,0.169400
4.61000,0.002540 -0.030151 0.011260 0.075940 0.022377 0.104114 -0.010655,0.413982 0.025559 0.252680,-0.035729 0.150703 -0.987933,-0.034470 0.156434 -0.987087,0.000033 0.000034 0.000004,0.048034,0.169368,0.169800
4.62000,0.002609 -0.030213 0.011480 0.076006 0.021933 0.104320 -0.010329,0.413962 0.025648 0.252289,-0.035767 0.150877 -0.987905,-0.034470 0.156434 -0.987087,0.000034 0.000034 0.000004,0.048175,0.169768,0.170200
4.63000,0.002676 -0.030276 0.011693 0.076068 0.021502 0.104522 -0.010011,0.413942 0.025736 0.251898,-0.035804 0.151045 -0.987878,-0.034470 0.156434 -0.987087,0.000035 0.000033 0.000004,0.048326,0.170169,0.170600
4.64000,0.002742 -0.030341 0.011899 0.076126 0.021083 0.104720 -0.009701,0.413923 0.025824 0.251507,-0.035839 0.151209 -0.987852,-0.034470 0.156434 -0.987087,0.000036 0.000033 0.000004,0.048495,0.170569,0.171000
4.65000,0.002807 -0.030407 0.012099 0.076181 0.020676 0.104915 -0.009400,0.413903 0.025911 0.251116,-0.035874 0.151369 -0.987826,-0.034470 0.156434 -0.987087,0.000036 0.000032 0.000004,0.048671,0.170969,0.171400
4.66000,0.002871 -0.030475 0.012293 0.076232 0.020279 0.105105 -0.009108,0.413884 0.025998 0.250725,-0.035908 0.151524 -0.987801,-0.034470 0.156434 -0.987087,0.000037 0.000032 0.000003,0.048863,0.171369,0.171800
4.67000,0.002934 -0.030545 0.012481 0.076280 0.019894 0.105293 -0.008823,0.413864 0.026084 0.250333,-0.035941 0.151674 -0.987777,-0.034470 0.156434 -0.987087,0.000038 0.000031 0.000003,0.049060,0.171770,0.172200
4.68000,0.002996 -0.030617 0.012663 0.076324 0.019519 0.105477 -0.008546,0.413845 0.026170 0.249942,-0.035973 0.151821 -0.987753,-0.034470 0.156434 -0.987087,0.000038 0.000031 0.000003,0.049272,0.172170,0.172600
4.69000,0.003056 -0.030690 0.012840 0.076365 0.019155 0.105658 -0.008276,0.413826 0.026254 0.249551,-0.036004 0.151963 -0.987730,-0.034470 0.156434 -0.987087,0.000039 0.000030 0.000003,0.049487,0.172570,0.173000
4.70000,0.003116 -0.030764 0.013011 0.076403 0.018801 0.105835 -0.008014,0.413807 0.026339 0.249159,-0.036035 0.152101 -0.987708,-0.034470 0.156434 -0.987087,0.000040 0.000030 0.000003,0.049714,0.172970,0.173400
4.71000,0.003175 -0.030840 0.013177 0.076438 0.018456 0.106009 -0.007758,0.413788 0.026422 0.248767,-0.036064 0.152236 -0.987686,-0.034470 0.156434 -0.987087,0.000040 0.000029 0.000003,0.049942,0.173370,0.173800
4.72000,0.003234 -0.030918 0.013337 0.076470 0.018121 0.106180 -0.007510,0.413769 0.026506 0.248376,-0.036093 0.152366 -0.987665,-0.034470 0.156434 -0.987087,0.000041 0.000029 0.000003,0.050180,0.173771,0.174200
4.73000,0.003291 -0.030997 0.013493 0.076498 0.017795 0.106349 -0.007268,0.413750 0.026588 0.247984,-0.036121 0.152493 -0.987644,-0.034470 0.156434 -0.987087,0.000042 0.000028 0.000003,0.050420,0.174171,0.174600
4.74000,0.003347 -0.031077 0.013644 0.076524 0.017479 0.106514 -0.007033,0.413732 0.026670 0.247592,-0.036149 0.152617 -0.987624,-0.034470 0.156434 -0.987087,0.000042 0.000028 0.000003,0.050667,0.174571,0.175000
4.75000,0.003403 -0.031159 0.013789 0.076547 0.017170 0.106676 -0.006804,0.413713 0.026752 0.247200,-0.036175 0.152737 -0.987605,-0.034470 0.156434 -0.987087,0.000043 0.000027 0.000003,0.050914,0.174971,0.175400
4.76000,0.003458 -0.031242 0.013931 0.076568 0.016871 0.106836 -0.006581,0.413695 0.026833 0.246808,-0.036201 0.152853 -0.987586,-0.034470 0.156434 -0.987087,0.000043 0.000027 0.000003,0.051168,0.175372,0.175800
4.77000,0.003512 -0.031326 0.014068 0.076585 0.016579 0.106993 -0.006364,0.413676 0.026914 0.246416,-0.036227 0.152967 -0.987567,-0.034470 0.156434 -0.987087,0.000044 0.000027 0.000003,0.051420,0.175772,0.176200
4.78000,0.003565 -0.031412 0.014200 0.076601 0.016296 0.107147 -0.006153,0.413658 0.026994 0.246024,-0.036251 0.153077 -0.987549,-0.034470 0.156434 -0.987087,0.000044 0.000026 0.000002,0.051676,0.176172,0.176600
4.79000,0.003618 -0.031498 0.014329 0.076613 0.016020 0.107298 -0.005948,0.413640 0.027074 0.245632,-0.036275 0.153184 -0.987532,-0.034470 0.156434 -0.987087,0.000045 0.000026 0.000002,0.051932,0.176572,0.177000
4.80000,0.003670 -0.031586 0.014453 0.076623 0.015752 0.107447 -0.005748,0.413622 0.027153 0.245239,-0.036298 0.153288 -0.987515,-0.034470 0.156434 -0.987087,0.000046 0.000025 0.000002,0.052191,0.176972,0.177400
4.81000,0.003721 -0.031676 0.014573 0.076631 0.015492 0.107594 -0.005553,0.413604 0.027232 0.244847,-0.036321 0.153389 -0.987498,-0.034470 0.156434 -0.987087,0.000046 0.000025 0.000002,0.052448,0.177373,0.177800
4.82000,0.003772 -0.031766 0.014690 0.076636 0.015238 0.107738 -0.005364,0.413586 0.027311 0.244455,-0.036343 0.153487 -0.987482,-0.034470 0.156434 -0.987087,0.000047 0.000025 0.000002,0.052706,0.177773,0.178200
4.83000,0.003822 -0.031857 0.014803 0.076640 0.014992 0.107880 -0.005180,0.413568 0.027389 0.244062,-0.036365 0.153583 -0.987466,-0.034470 0.156434 -0.987087,0.000047 0.000024 0.000002,0.052963,0.178173,0.178600
4.84000,0.003871 -0.031950 0.014912 0.076641 0.014752 0.108020 -0.005000,0.413550 0.027466 0.243670,-0.036386 0.153676 -0.987451,-0.034470 0.156434 -0.987087,0.000047 0.000024 0.000002,0.053218,0.178573,0.179000
4.85000,0.003920 -0.032044 0.015017 0.076639 0.014519 0.108157 -0.004825,0.413532 0.027544 0.243277,-0.036406 0.153766 -0.987436,-0.034470 0.156434 -0.987087,0.000048 0.000024 0.000002,0.053474,0.178973,0.179400
4.86000,0.003969 -0.032138 0.015119 0.076636 0.014292 0.108292 -0.004655,0.413515 0.027621 0.242885,-0.036426 0.153854 -0.987422,-0.034470 0.156434 -0.987087,0.000048 0.000023 0.000002,0.053727,0.179373,0.179800
4.87000,0.004016 -0.032234 0.015218 0.076631 0.014071 0.108425 -0.004489,0.413497 0.027697 0.242492,-0.036445 0.153939 -0.987408,-0.034470 0.156434 -0.987087,0.000049 0.000023 0.000002,0.053979,0.179774,0.180200
4.88000,0.004064 -0.032331 0.015314 0.076623 0.013857 0.108556 -0.004328,0.413479 0.027773 0.242099,-0.036464 0.154022 -0.987394,-0.034470 0.156434 -0.987087,0.000049 0.000023 0.000002,0.054228,0.180174,0.180600
4.89000,0.004110 -0.032429 0.015406 0.076614 0.013648 0.108685 -0.004171,0.413462 0.027849 0.241706,-0.036482 0.154103 -0.987381,-0.034470 0.156434 -0.987087,0.000050 0.000022 0.000002,0.054477,0.180574,0.181000
4.90000,0.004157 -0.032528 0.015496 0.076603 0.013445 0.108813 -0.004018,0.413444 0.027925 0.241313,-0.036500 0.154181 -0.987368,-0.034470 0.156434 -0.987087,0.000050 0.000022 0.000002,0.054719,0.180974,0.181400
4.91000,0.004202 -0.032627 0.015582 0.076589 0.013247 0.108938 -0.003869,0.413427 0.028000 0.240921,-0.036518 0.154257 -0.987356,-0.034470 0.156434 -0.987087,0.000050 0.000022 0.000002,0.054964,0.181374,0.181800
4.92000,0.004248 -0.032728 0.015665 0.076575 0.013055 0.109061 -0.003724,0.413410 0.028075 0.240528,-0.036535 0.154331 -0.987343,-0.034470 0.156434 -0.987087,0.000051 0.000021 0.000001,0.055201,0.181774,0.182200
4.93000,0.004292 -0.032829 0.015746 0.076558 0.012868 0.109183 -0.003583,0.413393 0.028150 0.240135,-0.036551 0.154403 -0.987332,-0.034470 0.156434 -0.987087,0.000051 0.000021 0.000001,0.055440,0.182175,0.182600
4.94000,0.004337 -0.032932 0.015824 0.076540 0.012687 0.109303 -0.003445,0.413375 0.028224 0.239742,-0.036567 0.154473 -0.987320,-0.034470 0.156434 -0.987087,0.000052 0.000021 0.000001,0.055670,0.182575,0.183000
4.95000,0.004381 -0.033035 0.015900 0.076520 0.012510 0.109421 -0.003311,0.413358 0.028298 0.239348,-0.036583 0.154541 -0.987309,-0.034470 0.156434 -0.987087,0.000052 0.000021 0.000001,0.055903,0.182975,0.183400
4.96000,0.004424 -0.033139 0.015972 0.076498 0.012338 0.109537 -0.003180,0.413341 0.028371 0.238955,-0.036598 0.154608 -0.987298,-0.034470 0.156434 -0.987087,0.000052 0.000020 0.000001,0.056124,0.183375,0.183800
4.97000,0.004467 -0.033244 0.016043 0.076475 0.012170 0.109652 -0.003053,0.413324 0.028445 0.238562,-0.036613 0.154672 -0.987287,-0.034470 0.156434 -0.987087,0.000053 0.000020 0.000001,0.056352,0.183775,0.184200
4.98000,0.004510 -0.033350 0.016110 0.076450 0.012008 0.109765 -0.002929,0.413307 0.028518 0.238169,-0.036627 0.154734 -0.987277,-0.034470 0.156434 -0.987087,0.000053 0.000020 0.000001,0.056567,0.184175,0.184600
4.99000,0.004553 -0.033456 0.016176 0.076424 0.011849 0.109877 -0.002809,0.413290 0.028591 0.237776,-0.036641 0.154795 -0.987267,-0.034470 0.156434 -0.987087,0.000053 0.000019 0.000001,0.056787,0.184576,0.185000
5.00000,0.004595 -0.033564 0.016239 0.076396 0.011695 0.109987 -0.002691,0.413273 0.028663 0.237382,-0.036655 0.154854 -0.987257,-0.034470 0.156434 -0.987087,0.000054 0.000019 0.000001,0.056994,0.184976,0.185400
5.01000,0.004636 -0.033672 0.016300 0.076367 0.011545 0.110096 -0.002577,0.413257 0.028736 0.236989,-0.036668 0.154911 -0.987248,-0.034470 0.156434 -0.987087,0.000054 0.000019 0.000001,0.057206,0.185376,0.185800
5.02000,0.004678 -0.033780 0.016359 0.076336 0.011399 0.110203 -0.002465,0.413240 0.028808 0.236596,-0.036681 0.154967 -0.987238,-0.034470 0.156434 -0.987087,0.000054 0.000019 0.000001,0.057403,0.185776,0.186200
5.03000,0.004719 -0.033890 0.016416 0.076305 0.011257 0.110309 -0.002356,0.413223 0.028880 0.236202,-0.036693 0.155021 -0.987229,-0.034470 0.156434 -0.987087,0.000055 0.000018 0.000001,0.057611,0.186176,0.186600
5.04000,0.004760 -0.034000 0.016470 0.076271 0.011119 0.110414 -0.002250,0.413206 0.028951 0.235809,-0.036706 0.155074 -0.987221,-0.034470 0.156434 -0.987087,0.000055 0.000018 0.000001,0.057800,0.186576,0.187000
5.05000,0.004800 -0.034111 0.016523 0.076237 0.010985 0.110517 -0.002147,0.413190 0.029023 0.235415,-0.036717 0.155125 -0.987212,-0.034470 0.156434 -0.987087,0.000055 0.000018 0.000001,0.057999,0.186976,0.187400
5.06000,0.004840 -0.034223 0.016574 0.076201 0.010854 0.110619 -0.002046,0.413173 0.029094 0.235022,-0.036729 0.155175 -0.987204,-0.034470 0.156434 -0.987087,0.000055 0.000018 0.000001,0.058179,0.187377,0.187800
5.07000,0.004880 -0.034335 0.016623 0.076164 0.010727 0.110720 -0.001948,0.413157 0.029165 0.234628,-0.036740 0.155224 -0.987196,-0.034470 0.156434 -0.987087,0.000056 0.000018 0.000001,0.058370,0.187777,0.188200
5.08000,0.004920 -0.034448 0.016670 0.076126 0.010603 0.110820 -0.001852,0.413140 0.029236 0.234235,-0.036751 0.155271 -0.987188,-0.034470 0.156434 -0.987087,0.000056 0.000017 0.000001,0.058541,0.188177,0.188600
5.09000,0.004959 -0.034561 0.016715 0.076087 0.010482 0.110918 -0.001759,0.413124 0.029306 0.233841,-0.036762 0.155316 -0.987181,-0.034470 0.156434 -0.987087,0.000056 0.000017 0.000001,0.058727,0.188577,0.189000
5.10000,0.004998 -0.034675 0.016759 0.076046 0.010365 0.111016 -0.001668,0.413107 0.029377 0.233447,-0.036772 0.155361 -0.987173,-0.034470 0.156434 -0.987087,0.000056 0.000017 0.000001,0.058890,0.188977,0.189400
5.11000,0.005037 -0.034790 0.016800 0.076005 0.010251 0.111112 -0.001579,0.413091 0.029447 0.233054,-0.036782 0.155404 -0.987166,-0.034470 0.156434 -0.987087,0.000057 0.000017 0.000001,0.059068,0.189377,0.189800
5.12000,0.002235 -0.016328 0.008682 0.040784 0.006539 0.060454 -0.001581,0.413075 0.029517 0.232660,-0.036792 0.155446 -0.987159,-0.034470 0.156434 -0.987087,0.000057 0.000016 0.000000,0.059222,0.189777,0.190000
5.13000,-0.000736 0.003087 0.000179 0.003998 0.002658 0.007504 -0.001613,0.413044 0.029562 0.232432,-0.036835 0.155482 -0.987152,-0.034470 0.156434 -0.987087,0.000043 0.000019 0.000001,0.046512,0.190011,0.190000
5.14000,-0.000731 0.003055 0.000167 0.003861 0.002560 0.007369 -0.001569,0.413034 0.029573 0.232411,-0.036823 0.155511 -0.987148,-0.034470 0.156434 -0.987087,0.000031 0.000020 0.000002,0.037208,0.190033,0.190000
5.15000,-0.000707 0.002960 0.000165 0.003763 0.002491 0.007143 -0.001524,0.413051 0.029576 0.232417,-0.036743 0.155537 -0.987146,-0.034470 0.156434 -0.987087,0.000034 0.000019 0.000002,0.038852,0.190027,0.190000
5.16000,-0.000689 0.002884 0.000161 0.003659 0.002417 0.006952 -0.001480,0.413061 0.029581 0.232417,-0.036685 0.155564 -0.987144,-0.034470 0.156434 -0.987087,0.000032 0.000019 0.000002,0.037511,0.190028,0.190000
5.17000,-0.000670 0.002805 0.000158 0.003560 0.002348 0.006758 -0.001437,0.413073 0.029585 0.232418,-0.036623 0.155589 -0.987143,-0.034470 0.156434 -0.987087,0.000032 0.000019 0.000002,0.037011,0.190027,0.190000
5.18000,-0.000652 0.002730 0.000155 0.003464 0.002279 0.006572 -0.001396,0.413083 0.029589 0.232419,-0.036564 0.155614 -0.987141,-0.034470 0.156434 -0.987087,0.000031 0.000018 0.000002,0.036294,0.190026,0.190000
5.19000,-0.000634 0.002657 0.000152 0.003370 0.002213 0.006390 -0.001356,0.413094 0.029593 0.232420,-0.036506 0.155638 -0.987139,-0.034470 0.156434 -0.987087,0.000031 0.000018 0.000002,0.035652,0.190026,0.190000
5.20000,-0.000617 0.002585 0.000149 0.003278 0.002149 0.006214 -0.001317,0.413104 0.029597 0.232421,-0.036450 0.155661 -0.987138,-0.034470 0.156434 -0.987087,0.000030 0.000018 0.000002,0.034999,0.190025,0.190000
5.21000,-0.000600 0.002516 0.000146 0.003189 0.002087 0.006042 -0.001279,0.413114 0.029601 0.232421,-0.036395 0.155684 -0.987136,-0.034470 0.156434 -0.987087,0.000030 0.000017 0.000002,0.034370,0.190025,0.190000
5.22000,-0.000584 0.002448 0.000143 0.003103 0.002026 0.005875 -0.001242,0.413123 0.029605 0.232422,-0.036343 0.155705 -0.987135,-0.034470 0.156434 -0.987087,0.000029 0.000017 0.000002,0.033742,0.190024,0.190000
5.23000,-0.000568 0.002383 0.000140 0.003019 0.001967 0.005712 -0.001206,0.413132 0.029609 0.232423,-0.036291 0.155727 -0.987133,-0.034470 0.156434 -0.987087,0.000029 0.000017 0.000002,0.033134,0.190024,0.190000
5.24000,-0.000553 0.002319 0.000137 0.002937 0.001910 0.005555 -0.001171,0.413141 0.029612 0.232424,-0.036241 0.155747 -0.987132,-0.034470 0.156434 -0.987087,0.000028 0.000016 0.000002,0.032527,0.190023,0.190000
5.25000,-0.000538 0.002257 0.000134 0.002857 0.001854 0.005401 -0.001137,0.413150 0.029616 0.232424,-0.036192 0.155767 -0.987130,-0.034470 0.156434 -0.987087,0.000028 0.000016 0.000002,0.031940,0.190023,0.190000
5.26000,-0.000523 0.002196 0.000131 0.002780 0.001801 0.005252 -0.001105,0.413159 0.029619 0.232425,-0.036145 0.155787 -0.987129,-0.034470 0.156434 -0.987087,0.000027 0.000016 0.000002,0.031351,0.190022,0.190000
5.27000,-0.000509 0.002137 0.000128 0.002704 0.001748 0.005106 -0.001073,0.413167 0.029622 0.232426,-0.036099 0.155806 -0.987128,-0.034470 0.156434 -0.987087,0.000027 0.000016 0.000001,0.030787,0.190022,0.190000
5.28000,-0.000495 0.002080 0.000126 0.002631 0.001698 0.004965 -0.001042,0.413175 0.029625 0.232426,-0.036054 0.155824 -0.987127,-0.034470 0.156434 -0.987087,0.000026 0.000015 0.000001,0.030219,0.190021,0.190000
5.29000,-0.000482 0.002024 0.000123 0.002559 0.001648 0.004828 -0.001012,0.413183 0.029628 0.232427,-0.036010 0.155842 -0.987125,-0.034470 0.156434 -0.987087,0.000026 0.000015 0.000001,0.029674,0.190021,0.190000
5.30000,-0.000469 0.001970 0.000120 0.002490 0.001600 0.004695 -0.000983,0.413190 0.029631 0.232428,-0.035968 0.155859 -0.987124,-0.034470 0.156434 -0.987087,0.000025 0.000015 0.000001,0.029125,0.190021,0.190000
5.31000,-0.000456 0.001917 0.000118 0.002423 0.001554 0.004565 -0.000955,0.413198 0.029634 0.232428,-0.035927 0.155876 -0.987123,-0.034470 0.156434 -0.987087,0.000025 0.000014 0.000001,0.028599,0.190020,0.190000
5.32000,-0.000444 0.001866 0.000115 0.002357 0.001509 0.004439 -0.000927,0.413205 0.029637 0.232429,-0.035887 0.155892 -0.987122,-0.034470 0.156434 -0.987087,0.000024 0.000014 0.000001,0.028067,0.190020,0.190000
5.33000,-0.000432 0.001816 0.000113 0.002293 0.001465 0.004316 -0.000900,0.413212 0.029639 0.232429,-0.035848 0.155908 -0.987121,-0.034470 0.156434 -0.987087,0.000024 0.000014 0.000001,0.027563,0.190019,0.190000
5.34000,-0.000420 0.001767 0.000111 0.002231 0.001422 0.004196 -0.000874,0.413219 0.029642 0.232430,-0.035810 0.155924 -0.987120,-0.034470 0.156434 -0.987087,0.000023 0.000014 0.000001,0.027050,0.190019,0.190000
5.35000,-0.000409 0.001720 0.000108 0.002170 0.001381 0.004080 -0.000849,0.413225 0.029645 0.232430,-0.035773 0.155939 -0.987119,-0.034470 0.156434 -0.987087,0.000023 0.000013 0.000001,0.026564,0.190018,0.190000
5.36000,-0.000398 0.001674 0.000106 0.002112 0.001341 0.003967 -0.000825,0.413232 0.029647 0.232431,-0.035737 0.155953 -0.987118,-0.034470 0.156434 -0.987087,0.000023 0.000013 0.000001,0.026067,0.190018,0.190000
5.37000,-0.000387 0.001629 0.000104 0.002054 0.001302 0.003858 -0.000801,0.413238 0.029649 0.232432,-0.035702 0.155967 -0.987117,-0.034470 0.156434 -0.987087,0.000022 0.000013 0.000001,0.025598,0.190018,0.190000
5.38000,-0.000377 0.001586 0.000101 0.001999 0.001264 0.003751 -0.000778,0.413244 0.029652 0.232432,-0.035668 0.155981 -0.987116,-0.034470 0.156434 -0.987087,0.000022 0.000013 0.000001,0.025120,0.190017,0.190000
5.39000,-0.000366 0.001543 0.000099 0.001944 0.001227 0.003647 -0.000756,0.413250 0.029654 0.232433,-0.035635 0.155994 -0.987115,-0.034470 0.156434 -0.987087,0.000021 0.000012 0.000001,0.024672,0.190017,0.190000
5.40000,-0.000356 0.001502 0.000097 0.001892 0.001191 0.003546 -0.000734,0.413256 0.029656 0.232433,-0.035603 0.156007 -0.987114,-0.034470 0.156434 -0.987087,0.000021 0.000012 0.000001,0.024210,0.190017,0.190000
5.41000,-0.000347 0.001462 0.000095 0.001841 0.001157 0.003448 -0.000713,0.413261 0.029658 0.232434,-0.035572 0.156019 -0.987113,-0.034470 0.156434 -0.987087,0.000021 0.000012 0.000001,0.023777,0.190016,0.190000
5.42000,-0.000338 0.001423 0.000093 0.001791 0.001123 0.003352 -0.000692,0.413267 0.029660 0.232434,-0.035542 0.156031 -0.987112,-0.034470 0.156434 -0.987087,0.000020 0.000012 0.000001,0.023331,0.190016,0.190000
5.43000,-0.000328 0.001385 0.000091 0.001742 0.001090 0.003260 -0.000672,0.413272 0.029662 0.232434,-0.035512 0.156043 -0.987112,-0.034470 0.156434 -0.987087,0.000020 0.000011 0.000001,0.022914,0.190016,0.190000
5.44000,-0.000320 0.001348 0.000089 0.001695 0.001059 0.003169 -0.000653,0.413277 0.029664 0.232435,-0.035484 0.156055 -0.987111,-0.034470 0.156434 -0.987087,0.000019 0.000011 0.000001,0.022487,0.190015,0.190000
5.45000,-0.000311 0.001312 0.000087 0.001649 0.001028 0.003082 -0.000634,0.413282 0.029666 0.232435,-0.035456 0.156066 -0.987110,-0.034470 0.156434 -0.987087,0.000019 0.000011 0.000001,0.022075,0.190015,0.190000
5.46000,-0.000303 0.001277 0.000085 0.001604 0.000998 0.002996 -0.000616,0.413287 0.029668 0.232436,-0.035429 0.156077 -0.987109,-0.034470 0.156434 -0.987087,0.000019 0.000011 0.000001,0.021663,0.190015,0.190000
5.47000,-0.000294 0.001243 0.000083 0.001561 0.000969 0.002913 -0.000598,0.413291 0.029669 0.232436,-0.035402 0.156087 -0.987109,-0.034470 0.156434 -0.987087,0.000018 0.000011 0.000001,0.021265,0.190014,0.190000
5.48000,-0.000287 0.001210 0.000081 0.001519 0.000941 0.002833 -0.000581,0.413296 0.029671 0.232437,-0.035377 0.156097 -0.987108,-0.034470 0.156434 -0.987087,0.000018 0.000010 0.000001,0.020868,0.190014,0.190000
5.49000,-0.000279 0.001177 0.000079 0.001478 0.000913 0.002754 -0.000564,0.413300 0.029673 0.232437,-0.035352 0.156107 -0.987107,-0.034470 0.156434 -0.987087,0.000018 0.000010 0.000001,0.020484,0.190014,0.190000
5.50000,-0.000271 0.001146 0.000078 0.001438 0.000887 0.002678 -0.000548,0.413305 0.029674 0.232437,-0.035327 0.156117 -0.987107,-0.034470 0.156434 -0.987087,0.000017 0.000010 0.000001,0.020100,0.190013,0.190000
5.51000,-0.000264 0.001115 0.000076 0.001399 0.000861 0.002604 -0.000532,0.413309 0.029676 0.232438,-0.035304 0.156126 -0.987106,-0.034470 0.156434 -0.987087,0.000017 0.000010 0.000001,0.019730,0.190013,0.190000
5.52000,-0.000257 0.001086 0.000074 0.001361 0.000836 0.002532 -0.000517,0.413313 0.029677 0.232438,-0.035281 0.156135 -0.987105,-0.034470 0.156434 -0.987087,0.000017 0.000010 0.000001,0.019360,0.190013,0.190000
5.53000,-0.000250 0.001057 0.000073 0.001324 0.000812 0.002462 -0.000502,0.413317 0.029679 0.232438,-0.035259 0.156144 -0.987105,-0.034470 0.156434 -0.987087,0.000016 0.000009 0.000001,0.019002,0.190013,0.190000
5.54000,-0.000243 0.001029 0.000071 0.001288 0.000788 0.002393 -0.000488,0.413321 0.029680 0.232439,-0.035237 0.156152 -0.987104,-0.034470 0.156434 -0.987087,0.000016 0.000009 0.000001,0.018645,0.190012,0.190000
5.55000,-0.000237 0.001001 0.000069 0.001253 0.000765 0.002327 -0.000474,0.413324 0.029681 0.232439,-0.035216 0.156160 -0.987104,-0.034470 0.156434 -0.987087,0.000016 0.000009 0.000001,0.018301,0.190012,0.190000
5.56000,-0.000231 0.000974 0.000068 0.001219 0.000743 0.002263 -0.000460,0.413328 0.029683 0.232439,-0.035195 0.156168 -0.987103,-0.034470 0.156434 -0.987087,0.000016 0.000009 0.000001,0.017956,0.190012,0.190000
5.57000,-0.000224 0.000949 0.000066 0.001186 0.000721 0.002200 -0.000447,0.413332 0.029684 0.232440,-0.035175 0.156176 -0.987103,-0.034470 0.156434 -0.987087,0.000015 0.000009 0.000001,0.017623,0.190012,0.190000
5.58000,-0.000218 0.000923 0.000065 0.001154 0.000700 0.002139 -0.000434,0.413335 0.029685 0.232440,-0.035156 0.156184 -0.987102,-0.034470 0.156434 -0.987087,0.000015 0.000009 0.000001,0.017292,0.190011,0.190000
5.59000,-0.000212 0.000899 0.000063 0.001123 0.000680 0.002080 -0.000422,0.413338 0.029686 0.232440,-0.035137 0.156191 -0.987102,-0.034470 0.156434 -0.987087,0.000015 0.000008 0.000001,0.016970,0.190011,0.190000
5.60000,-0.000207 0.000875 0.000062 0.001093 0.000660 0.002022 -0.000409,0.413342 0.029688 0.232441,-0.035119 0.156198 -0.987101,-0.034470 0.156434 -0.987087,0.000014 0.000008 0.000001,0.016650,0.190011,0.190000
5.61000,-0.000201 0.000852 0.000061 0.001063 0.000641 0.001966 -0.000398,0.413345 0.029689 0.232441,-0.035101 0.156205 -0.987101,-0.034470 0.156434 -0.987087,0.000014 0.000008 0.000001,0.016340,0.190011,0.190000
5.62000,-0.000196 0.000829 0.000059 0.001034 0.000622 0.001912 -0.000386,0.413348 0.029690 0.232441,-0.035083 0.156212 -0.987100,-0.034470 0.156434 -0.987087,0.000014 0.000008 0.000001,0.016032,0.190010,0.190000
5.63000,-0.000191 0.000807 0.000058 0.001006 0.000604 0.001859 -0.000375,0.413351 0.029691 0.232442,-0.035067 0.156218 -0.987100,-0.034470 0.156434 -0.987087,0.000014 0.000008 0.000001,0.015732,0.190010,0.190000
5.64000,-0.000186 0.000785 0.000057 0.000979 0.000586 0.001807 -0.000364,0.413354 0.029692 0.232442,-0.035050 0.156225 -0.987099,-0.034470 0.156434 -0.987087,0.000013 0.000008 0.000001,0.015436,0.190010,0.190000
5.65000,-0.000181 0.000765 0.000055 0.000953 0.000569 0.001757 -0.000354,0.413356 0.029693 0.232442,-0.035034 0.156231 -0.987099,-0.034470 0.156434 -0.987087,0.000013 0.000007 0.000001,0.015146,0.190010,0.190000
5.66000,-0.000176 0.000744 0.000054 0.000927 0.000553 0.001708 -0.000344,0.413359 0.029694 0.232442,-0.035019 0.156237 -0.987099,-0.034470 0.156434 -0.987087,0.000013 0.000007 0.000001,0.014861,0.190010,0.190000
5.67000,-0.000171 0.000724 0.000053 0.000902 0.000537 0.001661 -0.000334,0.413362 0.029695 0.232443,-0.035004 0.156242 -0.987098,-0.034470 0.156434 -0.987087,0.000013 0.000007 0.000001,0.014581,0.190009,0.190000
5.68000,-0.000166 0.000705 0.000052 0.000877 0.000521 0.001615 -0.000324,0.413364 0.029696 0.232443,-0.034989 0.156248 -0.987098,-0.034470 0.156434 -0.987087,0.000012 0.000007 0.000001,0.014306,0.190009,0.190000
5.69000,-0.000162 0.000687 0.000050 0.000854 0.000506 0.001570 -0.000315,0.413367 0.029696 0.232443,-0.034975 0.156254 -0.987098,-0.034470 0.156434 -0.987087,0.000012 0.000007 0.000001,0.014036,0.190009,0.190000
5.70000,-0.000158 0.000668 0.000049 0.000831 0.000491 0.001527 -0.000306,0.413369 0.029697 0.232443,-0.034961 0.156259 -0.987097,-0.034470 0.156434 -0.987087,0.000012 0.000007 0.000001,0.013771,0.190009,0.190000
5.71000,-0.000154 0.000651 0.000048 0.000808 0.000477 0.001484 -0.000297,0.413371 0.029698 0.232444,-0.034947 0.156264 -0.987097,-0.034470 0.156434 -0.987087,0.000012 0.000007 0.000001,0.013510,0.190009,0.190000
5.72000,-0.000149 0.000633 0.000047 0.000786 0.000463 0.001443 -0.000289,0.413374 0.029699 0.232444,-0.034934 0.156269 -0.987097,-0.034470 0.156434 -0.987087,0.000012 0.000007 0.000001,0.013256,0.190009,0.190000
5.73000,-0.000145 0.000617 0.000046 0.000765 0.000450 0.001403 -0.000280,0.413376 0.029700 0.232444,-0.034921 0.156274 -0.987096,-0.034470 0.156434 -0.987087,0.000011 0.000006 0.000001,0.013004,0.190008,0.190000
5.74000,-0.000142 0.000600 0.000045 0.000744 0.000436 0.001364 -0.000272,0.413378 0.029700 0.232444,-0.034909 0.156278 -0.987096,-0.034470 0.156434 -0.987087,0.000011 0.000006 0.000001,0.012759,0.190008,0.190000
5.75000,-0.000138 0.000584 0.000044 0.000724 0.000424 0.001327 -0.000265,0.413380 0.029701 0.232445,-0.034897 0.156283 -0.987096,-0.034470 0.156434 -0.987087,0.000011 0.000006 0.000001,0.012514,0.190008,0.190000
5.76000,-0.000134 0.000569 0.000043 0.000705 0.000411 0.001290 -0.000257,0.413382 0.029702 0.232445,-0.034885 0.156287 -0.987095,-0.034470 0.156434 -0.987087,0.000011 0.000006 0.000001,0.012280,0.190008,0.190000
5.77000,-0.000131 0.000554 0.000042 0.000686 0.000399 0.001254 -0.000250,0.413384 0.029703 0.232445,-0.034874 0.156292 -0.987095,-0.034470 0.156434 -0.987087,0.000010 0.000006 0.000001,0.012044,0.190008,0.190000
5.78000,-0.000127 0.000539 0.000041 0.000667 0.000388 0.001219 -0.000243,0.413386 0.029703 0.232445,-0.034863 0.156296 -0.987095,-0.034470 0.156434 -0.987087,0.000010 0.000006 0.000001,0.011818,0.190008,0.190000
5.79000,-0.000124 0.000525 0.000040 0.000649 0.000376 0.001185 -0.000236,0.413388 0.029704 0.232445,-0.034852 0.156300 -0.987095,-0.034470 0.156434 -0.987087,0.000010 0.000006 0.000001,0.011591,0.190007,0.190000
5.80000,-0.000120 0.000511 0.000039 0.000632 0.000365 0.001152 -0.000229,0.413390 0.029704 0.232445,-0.034841 0.156304 -0.987094,-0.034470 0.156434 -0.987087,0.000010 0.000006 0.000001,0.011373,0.190007,0.190000
5.81000,-0.000117 0.000497 0.000038 0.000614 0.000355 0.001121 -0.000222,0.413392 0.029705 0.232446,-0.034831 0.156308 -0.987094,-0.034470 0.156434 -0.987087,0.000010 0.000005 0.000001,0.011152,0.190007,0.190000
5.82000,-0.000114 0.000484 0.000037 0.000598 0.000345 0.001089 -0.000216,0.413393 0.029706 0.232446,-0.034821 0.156311 -0.987094,-0.034470 0.156434 -0.987087,0.000010 0.000005 0.000001,0.010945,0.190007,0.190000
5.83000,-0.000111 0.000471 0.000036 0.000582 0.000334 0.001059 -0.000210,0.413395 0.029706 0.232446,-0.034811 0.156315 -0.987094,-0.034470 0.156434 -0.987087,0.000009 0.000005 0.000001,0.010732,0.190007,0.190000
5.84000,-0.000108 0.000459 0.000035 0.000566 0.000325 0.001030 -0.000204,0.413397 0.029707 0.232446,-0.034802 0.156318 -0.987093,-0.034470 0.156434 -0.987087,0.000009 0.000005 0.000000,0.010532,0.190007,0.190000
5.85000,-0.000105 0.000447 0.000035 0.000551 0.000315 0.001001 -0.000198,0.413398 0.029707 0.232446,-0.034793 0.156322 -0.987093,-0.034470 0.156434 -0.987087,0.000009 0.000005 0.000000,0.010326,0.190007,0.190000
5.86000,-0.000102 0.000435 0.000034 0.000536 0.000306 0.000973 -0.000192,0.413400 0.029708 0.232447,-0.034784 0.156325 -0.987093,-0.034470 0.156434 -0.987087,0.000009 0.000005 0.000000,0.010134,0.190006,0.190000
5.87000,-0.000100 0.000424 0.000033 0.000521 0.000297 0.000946 -0.000187,0.413401 0.029708 0.232447,-0.034775 0.156328 -0.987093,-0.034470 0.156434 -0.987087,0.000009 0.000005 0.000000,0.009934,0.190006,0.190000
5.88000,-0.000097 0.000412 0.000032 0.000507 0.000289 0.000920 -0.000181,0.413403 0.029709 0.232447,-0.034767 0.156331 -0.987093,-0.034470 0.156434 -0.987087,0.000008 0.000005 0.000000,0.009752,0.190006,0.190000
5.89000,-0.000095 0.000402 0.000031 0.000494 0.000280 0.000895 -0.000176,0.413404 0.029709 0.232447,-0.034759 0.156334 -0.987092,-0.034470 0.156434 -0.987087,0.000008 0.000005 0.000000,0.009559,0.190006,0.190000
5.90000,-0.000092 0.000391 0.000031 0.000480 0.000272 0.000870 -0.000171,0.413405 0.029710 0.232447,-0.034751 0.156337 -0.987092,-0.034470 0.156434 -0.987087,0.000008 0.000005 0.000000,0.009384,0.190006,0.190000
5.91000,-0.000090 0.000381 0.000030 0.000467 0.000264 0.000846 -0.000166,0.413407 0.029710 0.232447,-0.034743 0.156340 -0.987092,-0.034470 0.156434 -0.987087,0.000008 0.000004 0.000000,0.009198,0.190006,0.190000
5.92000,-0.000087 0.000371 0.000029 0.000455 0.000256 0.000822 -0.000162,0.413408 0.029710 0.232447,-0.034736 0.156343 -0.987092,-0.034470 0.156434 -0.987087,0.000008 0.000004 0.000000,0.009029,0.190006,0.190000
5.93000,-0.000085 0.000361 0.000029 0.000442 0.000249 0.000799 -0.000157,0.413409 0.029711 0.232448,-0.034728 0.156346 -0.987092,-0.034470 0.156434 -0.987087,0.000008 0.000004 0.000000,0.008848,0.190006,0.190000
5.94000,-0.000083 0.000351 0.000028 0.000431 0.000242 0.000777 -0.000153,0.413410 0.029711 0.232448,-0.034721 0.156348 -0.987092,-0.034470 0.156434 -0.987087,0.000008 0.000004 0.000000,0.008690,0.190005,0.190000
5.95000,-0.000080 0.000342 0.000027 0.000419 0.000235 0.000756 -0.000148,0.413412 0.029712 0.232448,-0.034714 0.156351 -0.987091,-0.034470 0.156434 -0.987087,0.000007 0.000004 0.000000,0.008516,0.190005,0.190000
5.96000,-0.000078 0.000333 0.000027 0.000408 0.000228 0.000734 -0.000144,0.413413 0.029712 0.232448,-0.034708 0.156353 -0.987091,-0.034470 0.156434 -0.987087,0.000007 0.000004 0.000000,0.008363,0.190005,0.190000
5.97000,-0.000076 0.000324 0.000026 0.000397 0.000221 0.000714 -0.000140,0.413414 0.029712 0.232448,-0.034701 0.156356 -0.987091,-0.034470 0.156434 -0.987087,0.000007 0.000004 0.000000,0.008195,0.190005,0.190000
5.98000,-0.000074 0.000316 0.000025 0.000386 0.000215 0.000694 -0.000136,0.413415 0.029713 0.232448,-0.034695 0.156358 -0.987091,-0.034470 0.156434 -0.987087,0.000007 0.000004 0.000000,0.008049,0.190005,0.190000
5.99000,-0.000072 0.000307 0.000025 0.000376 0.000208 0.000675 -0.000132,0.413416 0.029713 0.232448,-0.034688 0.156360 -0.987091,-0.034470 0.156434 -0.987087,0.000007 0.000004 0.000000,0.007887,0.190005,0.190000
6.00000,-0.004324 0.033413 -0.014529 -0.077244 -0.019051 -0.116529 0.007282,0.413417 0.029713 0.232448,-0.034682 0.156362 -0.987091,-0.038803 0.152123 -0.987600,0.000007 0.000004 0.000000,0.007750,0.190005,0.189600
6.01000,-0.002671 0.028065 -0.012435 -0.083142 -0.030561 -0.129148 0.014643,0.413361 0.029637 0.232782,-0.034865 0.156233 -0.987105,-0.043140 0.147809 -0.988075,-0.000026 0.000004 0.000002,0.026504,0.189665,0.189200
6.02000,-0.001007 0.022781 -0.010425 -0.089112 -0.041666 -0.142073 0.021787,0.413359 0.029520 0.233185,-0.034980 0.155982 -0.987140,-0.047481 0.143492 -0.988512,-0.000021 0.000000 0.000001,0.020553,0.189250,0.188800
6.03000,0.000631 0.017585 -0.008453 -0.094927 -0.052432 -0.154471 0.028708,0.413315 0.029386 0.233567,-0.035262 0.155617 -0.987188,-0.051826 0.139173 -0.988911,-0.000025 -0.000003 0.000000,0.025642,0.188853,0.188400
6.04000,0.002256 0.012466 -0.006532 -0.100651 -0.062848 -0.166581 0.035411,0.413255 0.029230 0.233951,-0.035643 0.155138 -0.987250,-0.056175 0.134851 -0.989272,-0.000028 -0.000007 -0.000000,0.028509,0.188452,0.188000
6.05000,0.003868 0.007422 -0.004657 -0.106271 -0.072925 -0.178352 0.041899,0.413173 0.029053 0.234332,-0.036138 0.154551 -0.987324,-0.060526 0.130526 -0.989596,-0.000031 -0.000010 -0.000000,0.032534,0.188052,0.187600
6.06000,0.005471 0.002449 -0.002831 -0.111794 -0.082668 -0.189810 0.048174,0.413072 0.028857 0.234710,-0.036738 0.153857 -0.987410,-0.064880 0.126199 -0.989881,-0.000034 -0.000014 -0.000001,0.036729,0.187651,0.187200
6.07000,0.007065 -0.002455 -0.001051 -0.117223 -0.092084 -0.200960 0.054241,0.412952 0.028643 0.235087,-0.037443 0.153060 -0.987507,-0.069236 0.121869 -0.990128,-0.000037 -0.000018 -0.000001,0.041272,0.187251,0.186800
6.08000,0.008652 -0.007294 0.000683 -0.122559 -0.101179 -0.211813 0.060102,0.412813 0.028410 0.235462,-0.038249 0.152163 -0.987615,-0.073595 0.117537 -0.990338,-0.000041 -0.000022 -0.000002,0.046054,0.186850,0.186400
6.09000,0.010234 -0.012070 0.002370 -0.127805 -0.109960 -0.222378 0.065761,0.412656 0.028159 0.235835,-0.039153 0.151169 -0.987732,-0.077954 0.113203 -0.990509,-0.000044 -0.000026 -0.000002,0.051066,0.186450,0.186000
6.10000,0.011813 -0.016787 0.004012 -0.132963 -0.118435 -0.232662 0.071222,0.412482 0.027892 0.236207,-0.040154 0.150079 -0.987858,-0.082316 0.108867 -0.990642,-0.000047 -0.000030 -0.000003,0.056270,0.186049,0.185600
6.11000,0.013390 -0.021446 0.005609 -0.138035 -0.126609 -0.242675 0.076489,0.412292 0.027608 0.236578,-0.041247 0.148898 -0.987992,-0.086678 0.104528 -0.990737,-0.000051 -0.000034 -0.000003,0.061659,0.185649,0.185200
6.12000,0.014965 -0.026050 0.007162 -0.143024 -0.134490 -0.252424 0.081565,0.412085 0.027309 0.236947,-0.042431 0.147628 -0.988132,-0.091041 0.100188 -0.990795,-0.000055 -0.000039 -0.000003,0.067204,0.185248,0.184800
6.13000,0.016540 -0.030601 0.008670 -0.147931 -0.142085 -0.261916 0.086455,0.411863 0.026994 0.237315,-0.043702 0.146270 -0.988279,-0.095404 0.095845 -0.990814,-0.000059 -0.000043 -0.000004,0.072904,0.184848,0.184400
6.14000,0.018115 -0.035100 0.010136 -0.152758 -0.149400 -0.271160 0.091162,0.411626 0.026665 0.237683,-0.045060 0.144828 -0.988430,-0.099767 0.091501 -0.990795,-0.000062 -0.000048 -0.000004,0.078735,0.184447,0.184000
6.15000,0.019692 -0.039551 0.011560 -0.157507 -0.156442 -0.280162 0.095691,0.411375 0.026322 0.238050,-0.046501 0.143304 -0.988586,-0.104130 0.087155 -0.990737,-0.000066 -0.000053 -0.000005,0.084700,0.184046,0.183600
6.16000,0.021270 -0.043954 0.012942 -0.162180 -0.163219 -0.288928 0.100046,0.411111 0.025965 0.238417,-0.048022 0.141700 -0.988744,-0.108493 0.082808 -0.990642,-0.000070 -0.000057 -0.000005,0.090777,0.183646,0.183200
6.17000,0.022851 -0.048311 0.014284 -0.166777 -0.169736 -0.297466 0.104232,0.410833 0.025596 0.238783,-0.049623 0.140019 -0.988905,-0.112854 0.078459 -0.990509,-0.000074 -0.000062 -0.000005,0.096969,0.183245,0.182800
6.18000,0.024435 -0.052624 0.015585 -0.171300 -0.176001 -0.305782 0.108251,0.410542 0.025213 0.239150,-0.051300 0.138261 -0.989066,-0.117214 0.074108 -0.990338,-0.000078 -0.000067 -0.000005,0.103258,0.182844,0.182400
6.19000,0.026022 -0.056894 0.016847 -0.175751 -0.182020 -0.313881 0.112108,0.410239 0.024819 0.239516,-0.053052 0.136430 -0.989228,-0.121572 0.069756 -0.990128,-0.000082 -0.000072 -0.000006,0.109648,0.182444,0.182000
6.20000,0.025663 -0.055338 0.015931 -0.173740 -0.176482 -0.308265 0.108579,0.409924 0.024413 0.239883,-0.054875 0.134528 -0.989389,-0.121572 0.069756 -0.990128,-0.000087 -0.000077 -0.000006,0.116121,0.182043,0.181600
6.21000,0.025291 -0.053801 0.015034 -0.171764 -0.171117 -0.302789 0.105150,0.409620 0.024021 0.240253,-0.056651 0.132676 -0.989539,-0.121572 0.069756 -0.990128,-0.000089 -0.000079 -0.000005,0.119198,0.181642,0.181200
6.22000,0.024917 -0.052293 0.014167 -0.169834 -0.165927 -0.297454 0.101841,0.409327 0.023639 0.240624,-0.058376 0.130876 -0.989679,-0.121572 0.069756 -0.990128,-0.000093 -0.000081 -0.000005,0.122878,0.181242,0.180800
6.23000,0.024539 -0.050813 0.013326 -0.167946 -0.160906 -0.292256 0.098642,0.409045 0.023269 0.240997,-0.060053 0.129126 -0.989808,-0.121572 0.069756 -0.990128,-0.000095 -0.000083 -0.000005,0.126183,0.180841,0.180400
6.24000,0.024160 -0.049359 0.012511 -0.166100 -0.156047 -0.287193 0.095551,0.408772 0.022909 0.241372,-0.061684 0.127426 -0.989928,-0.121572 0.069756 -0.990128,-0.000098 -0.000084 -0.000005,0.129343,0.180441,0.180000
6.25000,0.023778 -0.047934 0.011721 -0.164296 -0.151345 -0.282262 0.092563,0.408508 0.022558 0.241749,-0.063269 0.125773 -0.990039,-0.121572 0.069756 -0.990128,-0.000101 -0.000086 -0.000004,0.132328,0.180040,0.179600
6.26000,0.023396 -0.046535 0.010955 -0.162533 -0.146794 -0.277459 0.089675,0.408254 0.022218 0.242127,-0.064810 0.124166 -0.990143,-0.121572 0.069756 -0.990128,-0.000103 -0.000087 -0.000004,0.135138,0.179640,0.179200
6.27000,0.023014 -0.045165 0.010212 -0.160811 -0.142390 -0.272782 0.086883,0.408010 0.021887 0.242507,-0.066308 0.122605 -0.990238,-0.121572 0.069756 -0.990128,-0.000105 -0.000089 -0.000004,0.137799,0.179239,0.178800
6.28000,0.022633 -0.043821 0.009491 -0.159129 -0.138127 -0.268228 0.084183,0.407773 0.021565 0.242888,-0.067764 0.121088 -0.990326,-0.121572 0.069756 -0.990128,-0.000108 -0.000090 -0.000004,0.140291,0.178839,0.178400
6.29000,0.022252 -0.042504 0.008792 -0.157485 -0.134000 -0.263792 0.081572,0.407546 0.021253 0.243270,-0.069180 0.119613 -0.990407,-0.121572 0.069756 -0.990128,-0.000110 -0.000091 -0.000003,0.142651,0.178438,0.178000
6.30000,0.021873 -0.041215 0.008114 -0.155881 -0.130004 -0.259474 0.079047,0.407327 0.020949 0.243654,-0.070556 0.118180 -0.990482,-0.121572 0.069756 -0.990128,-0.000112 -0.000092 -0.000003,0.144855,0.178038,0.177600
6.31000,0.021496 -0.039952 0.007457 -0.154315 -0.126136 -0.255270 0.076604,0.407115 0.020653 0.244038,-0.071894 0.116788 -0.990551,-0.121572 0.069756 -0.990128,-0.000114 -0.000093 -0.000003,0.146938,0.177638,0.177200
6.32000,0.021121 -0.038716 0.006819 -0.152786 -0.122391 -0.251177 0.074242,0.406912 0.020365 0.244424,-0.073194 0.115434 -0.990615,-0.121572 0.069756 -0.990128,-0.000116 -0.000094 -0.000002,0.148876,0.177237,0.176800
6.33000,0.020749 -0.037507 0.006200 -0.151293 -0.118765 -0.247192 0.071956,0.406716 0.020086 0.244810,-0.074458 0.114119 -0.990673,-0.121572 0.069756 -0.990128,-0.000117 -0.000095 -0.000002,0.150705,0.176837,0.176400
6.34000,0.020381 -0.036323 0.005599 -0.149837 -0.115253 -0.243313 0.069745,0.406527 0.019814 0.245198,-0.075687 0.112842 -0.990726,-0.121572 0.069756 -0.990128,-0.000119 -0.000095 -0.000002,0.152396,0.176437,0.176000
6.35000,0.020015 -0.035166 0.005016 -0.148416 -0.111853 -0.239537 0.067606,0.406346 0.019550 0.245586,-0.076881 0.111600 -0.990775,-0.121572 0.069756 -0.990128,-0.000121 -0.000096 -0.000001,0.153992,0.176036,0.175600
6.36000,0.019654 -0.034034 0.004450 -0.147030 -0.108559 -0.235861 0.065535,0.406171 0.019293 0.245975,-0.078042 0.110393 -0.990819,-0.121572 0.069756 -0.990128,-0.000122 -0.000096 -0.000001,0.155459,0.175636,0.175200
6.37000,0.019296 -0.032927 0.003901 -0.145678 -0.105369 -0.232283 0.063532,0.406003 0.019043 0.246365,-0.079171 0.109221 -0.990860,-0.121572 0.069756 -0.990128,-0.000123 -0.000097 -0.000001,0.156841,0.175236,0.174800
6.38000,0.018943 -0.031845 0.003368 -0.144359 -0.102280 -0.228802 0.061592,0.405841 0.018799 0.246756,-0.080269 0.108082 -0.990896,-0.121572 0.069756 -0.990128,-0.000125 -0.000097 -0.000000,0.158103,0.174835,0.174400
6.39000,0.018594 -0.030788 0.002850 -0.143073 -0.099287 -0.225412 0.059715,0.405686 0.018563 0.247147,-0.081335 0.106975 -0.990929,-0.121572 0.069756 -0.990128,-0.000126 -0.000097 -0.000000,0.159287,0.174435,0.174000
6.40000,0.018249 -0.029755 0.002348 -0.141819 -0.096388 -0.222114 0.057898,0.405537 0.018333 0.247539,-0.082372 0.105900 -0.990959,-0.121572 0.069756 -0.990128,-0.000127 -0.000098 0.000000,0.160357,0.174035,0.173600
6.41000,0.017910 -0.028747 0.001860 -0.140596 -0.093580 -0.218904 0.056139,0.405394 0.018109 0.247931,-0.083381 0.104855 -0.990986,-0.121572 0.069756 -0.990128,-0.000128 -0.000098 0.000000,0.161362,0.173635,0.173200
6.42000,0.017575 -0.027762 0.001387 -0.139404 -0.090859 -0.215781 0.054436,0.405257 0.017891 0.248324,-0.084360 0.103840 -0.991010,-0.121572 0.069756 -0.990128,-0.000129 -0.000098 0.000001,0.162260,0.173234,0.172800
6.43000,0.017245 -0.026800 0.000927 -0.138243 -0.088223 -0.212741 0.052787,0.405125 0.017679 0.248717,-0.085313 0.102854 -0.991031,-0.121572 0.069756 -0.990128,-0.000130 -0.000098 0.000001,0.163100,0.172834,0.172400
6.44000,0.016921 -0.025861 0.000480 -0.137110 -0.085669 -0.209783 0.051190,0.404998 0.017472 0.249111,-0.086239 0.101896 -0.991050,-0.121572 0.069756 -0.990128,-0.000131 -0.000098 0.000001,0.163841,0.172434,0.172000
6.45000,0.016601 -0.024945 0.000046 -0.136007 -0.083194 -0.206904 0.049644,0.404877 0.017271 0.249505,-0.087139 0.100965 -0.991066,-0.121572 0.069756 -0.990128,-0.000132 -0.000098 0.000002,0.164526,0.172034,0.171600
6.46000,0.016287 -0.024051 -0.000375 -0.134932 -0.080796 -0.204103 0.048147,0.404761 0.017076 0.249899,-0.088015 0.100061 -0.991081,-0.121572 0.069756 -0.990128,-0.000133 -0.000098 0.000002,0.165135,0.171634,0.171200
6.47000,0.015979 -0.023180 -0.000785 -0.133884 -0.078472 -0.201377 0.046697,0.404650 0.016885 0.250294,-0.088866 0.099182 -0.991093,-0.121572 0.069756 -0.990128,-0.000134 -0.000098 0.000002,0.165683,0.171233,0.170800
6.48000,0.015675 -0.022329 -0.001182 -0.132864 -0.076220 -0.198725 0.045292,0.404543 0.016700 0.250689,-0.089693 0.098329 -0.991104,-0.121572 0.069756 -0.990128,-0.000134 -0.000098 0.000002,0.166161,0.170833,0.170400
6.49000,0.015377 -0.021500 -0.001568 -0.131870 -0.074037 -0.196144 0.043931,0.404441 0.016520 0.251085,-0.090497 0.097500 -0.991113,-0.121572 0.069756 -0.990128,-0.000135 -0.000098 0.000003,0.166584,0.170433,0.170000
6.50000,0.015085 -0.020692 -0.001944 -0.130902 -0.071922 -0.193633 0.042613,0.404344 0.016344 0.251480,-0.091278 0.096694 -0.991120,-0.121572 0.069756 -0.990128,-0.000136 -0.000097 0.000003,0.166943,0.170033,0.169600
6.51000,0.014797 -0.019904 -0.002308 -0.129959 -0.069872 -0.191190 0.041337,0.404251 0.016173 0.251876,-0.092038 0.095912 -0.991126,-0.121572 0.069756 -0.990128,-0.000136 -0.000097 0.000003,0.167253,0.169633,0.169200
6.52000,0.014516 -0.019136 -0.002662 -0.129041 -0.067885 -0.188812 0.040100,0.404162 0.016006 0.252272,-0.092777 0.095151 -0.991130,-0.121572 0.069756 -0.990128,-0.000137 -0.000097 0.000004,0.167504,0.169232,0.168800
6.53000,0.014240 -0.018387 -0.003007 -0.128147 -0.065959 -0.186499 0.038901,0.404078 0.015843 0.252669,-0.093495 0.094413 -0.991133,-0.121572 0.069756 -0.990128,-0.000137 -0.000096 0.000004,0.167710,0.168832,0.168400
6.54000,0.013969 -0.017659 -0.003341 -0.127277 -0.064092 -0.184249 0.037740,0.403997 0.015685 0.253065,-0.094193 0.093696 -0.991135,-0.121572 0.069756 -0.990128,-0.000138 -0.000096 0.000004,0.167863,0.168432,0.168000
6.55000,0.013704 -0.016949 -0.003666 -0.126429 -0.062282 -0.182059 0.036615,0.403921 0.015531 0.253462,-0.094872 0.092999 -0.991136,-0.121572 0.069756 -0.990128,-0.000138 -0.000096 0.000004,0.167976,0.168032,0.167600
6.56000,0.013444 -0.016257 -0.003982 -0.125605 -0.060527 -0.179929 0.035525,0.403848 0.015381 0.253859,-0.095532 0.092322 -0.991136,-0.121572 0.069756 -0.990128,-0.000138 -0.000095 0.000004,0.168040,0.167631,0.167200
6.57000,0.013189 -0.015584 -0.004289 -0.124802 -0.058827 -0.177856 0.034468,0.403778 0.015234 0.254256,-0.096173 0.091664 -0.991135,-0.121572 0.069756 -0.990128,-0.000139 -0.000095 0.000005,0.168068,0.167231,0.166800
6.58000,0.012940 -0.014929 -0.004588 -0.124021 -0.057178 -0.175839 0.033445,0.403712 0.015091 0.254653,-0.096797 0.091025 -0.991133,-0.121572 0.069756 -0.990128,-0.000139 -0.000094 0.000005,0.168053,0.166831,0.166400
6.59000,0.012696 -0.014292 -0.004878 -0.123261 -0.055579 -0.173877 0.032452,0.403650 0.014952 0.255050,-0.097403 0.090405 -0.991130,-0.121572 0.069756 -0.990128,-0.000139 -0.000094 0.000005,0.168004,0.166431,0.166000
6.60000,0.012457 -0.013671 -0.005160 -0.122521 -0.054029 -0.171968 0.031491,0.403591 0.014816 0.255448,-0.097992 0.089802 -0.991127,-0.121572 0.069756 -0.990128,-0.000139 -0.000093 0.000005,0.167917,0.166031,0.165600
6.61000,0.012224 -0.013068 -0.005434 -0.121802 -0.052527 -0.170111 0.030559,0.403535 0.014684 0.255845,-0.098565 0.089216 -0.991123,-0.121572 0.069756 -0.990128,-0.000140 -0.000093 0.000006,0.167800,0.165630,0.165200
6.62000,0.011995 -0.012481 -0.005700 -0.121102 -0.051070 -0.168304 0.029656,0.403482 0.014555 0.256243,-0.099122 0.088648 -0.991119,-0.121572 0.069756 -0.990128,-0.000140 -0.000092 0.000006,0.167648,0.165230,0.164800
6.63000,0.011772 -0.011910 -0.005960 -0.120421 -0.049657 -0.166545 0.028780,0.403433 0.014429 0.256641,-0.099664 0.088095 -0.991114,-0.121572 0.069756 -0.990128,-0.000140 -0.000092 0.000006,0.167469,0.164830,0.164400
6.64000,0.011554 -0.011355 -0.006212 -0.119759 -0.048287 -0.164835 0.027931,0.403386 0.014306 0.257038,-0.100190 0.087559 -0.991108,-0.121572 0.069756 -0.990128,-0.000140 -0.000091 0.000006,0.167260,0.164430,0.164000
6.65000,0.011341 -0.010815 -0.006457 -0.119115 -0.046959 -0.163170 0.027109,0.403342 0.014186 0.257436,-0.100702 0.087037 -0.991102,-0.121572 0.069756 -0.990128,-0.000140 -0.000091 0.000006,0.167026,0.164030,0.163600
6.66000,0.011133 -0.010291 -0.006695 -0.118489 -0.045671 -0.161551 0.026311,0.403301 0.014069 0.257834,-0.101199 0.086531 -0.991096,-0.121572 0.069756 -0.990128,-0.000140 -0.000090 0.000006,0.166765,0.163629,0.163200
6.67000,0.010929 -0.009781 -0.006926 -0.117881 -0.044422 -0.159976 0.025538,0.403262 0.013955 0.258232,-0.101683 0.086039 -0.991089,-0.121572 0.069756 -0.990128,-0.000140 -0.000090 0.000007,0.166482,0.163229,0.162800
6.68000,0.010730 -0.009287 -0.007152 -0.117289 -0.043210 -0.158443 0.024788,0.403226 0.013843 0.258630,-0.102153 0.085562 -0.991082,-0.121572 0.069756 -0.990128,-0.000140 -0.000089 0.000007,0.166175,0.162829,0.162400
6.69000,0.010537 -0.008806 -0.007371 -0.116714 -0.042036 -0.156952 0.024062,0.403193 0.013734 0.259028,-0.102610 0.085098 -0.991075,-0.121572 0.069756 -0.990128,-0.000140 -0.000088 0.000007,0.165848,0.162429,0.162000
6.70000,0.010347 -0.008339 -0.007584 -0.116155 -0.040896 -0.155501 0.023357,0.403162 0.013627 0.259426,-0.103055 0.084647 -0.991067,-0.121572 0.069756 -0.990128,-0.000140 -0.000088 0.000007,0.165503,0.162028,0.161600
6.71000,0.010163 -0.007886 -0.007791 -0.115612 -0.039791 -0.154089 0.022674,0.403133 0.013523 0.259824,-0.103487 0.084209 -0.991060,-0.121572 0.069756 -0.990128,-0.000140 -0.000087 0.000007,0.165137,0.161628,0.161200
6.72000,0.009982 -0.007446 -0.007992 -0.115084 -0.038720 -0.152715 0.022012,0.403107 0.013422 0.260222,-0.103907 0.083784 -0.991052,-0.121572 0.069756 -0.990128,-0.000140 -0.000086 0.000007,0.164755,0.161228,0.160800
6.73000,0.009807 -0.007019 -0.008188 -0.114571 -0.037681 -0.151378 0.021370,0.403083 0.013323 0.260620,-0.104315 0.083371 -0.991044,-0.121572 0.069756 -0.990128,-0.000140 -0.000086 0.000008,0.164356,0.160828,0.160400
6.74000,0.009635 -0.006605 -0.008379 -0.114073 -0.036673 -0.150078 0.020748,0.403061 0.013226 0.261018,-0.104712 0.082970 -0.991035,-0.121572 0.069756 -0.990128,-0.000140 -0.000085 0.000008,0.163944,0.160428,0.160000
6.75000,0.009211 -0.026911 0.005115 -0.029151 -0.030733 -0.051182 0.019842,0.403042 0.013131 0.261416,-0.105098 0.082580 -0.991027,-0.121572 0.069756 -0.990128,-0.000140 -0.000084 0.000008,0.163515,0.160027,0.160000
6.76000,0.008989 -0.026326 0.004965 -0.028285 -0.029771 -0.049977 0.019264,0.403032 0.013066 0.261476,-0.105406 0.082212 -0.991025,-0.121572 0.069756 -0.990128,-0.000107 -0.000085 0.000004,0.136817,0.159964,0.160000
6.77000,0.008741 -0.025584 0.004806 -0.027539 -0.028913 -0.048554 0.018697,0.402947 0.013012 0.261465,-0.105887 0.081854 -0.991003,-0.121572 0.069756 -0.990128,-0.000113 -0.000083 0.000005,0.140464,0.159980,0.160000
6.78000,0.008507 -0.024906 0.004655 -0.026794 -0.028059 -0.047239 0.018148,0.402884 0.012957 0.261471,-0.106308 0.081505 -0.990987,-0.121572 0.069756 -0.990128,-0.000109 -0.000082 0.000005,0.136798,0.159976,0.160000
6.79000,0.008277 -0.024235 0.004507 -0.026073 -0.027236 -0.045942 0.017615,0.402817 0.012904 0.261472,-0.106729 0.081167 -0.990970,-0.121572 0.069756 -0.990128,-0.000108 -0.000081 0.000005,0.135131,0.159978,0.160000
6.80000,0.008054 -0.023584 0.004365 -0.025371 -0.026436 -0.044685 0.017098,0.402754 0.012853 0.261474,-0.107136 0.080838 -0.990953,-0.121572 0.069756 -0.990128,-0.000107 -0.000079 0.000005,0.132970,0.159978,0.160000
6.81000,0.007836 -0.022950 0.004227 -0.024688 -0.025660 -0.043461 0.016597,0.402692 0.012803 0.261476,-0.107533 0.080519 -0.990936,-0.121572 0.069756 -0.990128,-0.000105 -0.000078 0.000005,0.130960,0.159979,0.160000
6.82000,0.007624 -0.022333 0.004094 -0.024023 -0.024907 -0.042270 0.016111,0.402632 0.012755 0.261478,-0.107918 0.080209 -0.990919,-0.121572 0.069756 -0.990128,-0.000103 -0.000077 0.000005,0.128945,0.159979,0.160000
6.83000,0.007418 -0.021733 0.003965 -0.023377 -0.024177 -0.041113 0.015639,0.402573 0.012708 0.261481,-0.108293 0.079908 -0.990902,-0.121572 0.069756 -0.990128,-0.000102 -0.000076 0.000005,0.126955,0.159980,0.160000
6.84000,0.007217 -0.021148 0.003839 -0.022747 -0.023468 -0.039987 0.015181,0.402517 0.012663 0.261483,-0.108657 0.079615 -0.990886,-0.121572 0.069756 -0.990128,-0.000100 -0.000074 0.000005,0.124993,0.159980,0.160000
6.85000,0.007021 -0.020579 0.003718 -0.022135 -0.022780 -0.038891 0.014737,0.402461 0.012618 0.261485,-0.109011 0.079331 -0.990870,-0.121572 0.069756 -0.990128,-0.000099 -0.000073 0.000005,0.123048,0.159981,0.160000
6.86000,0.006831 -0.020025 0.003601 -0.021539 -0.022113 -0.037826 0.014306,0.402408 0.012575 0.261487,-0.109356 0.079055 -0.990854,-0.121572 0.069756 -0.990128,-0.000097 -0.000072 0.000005,0.121135,0.159981,0.160000
6.87000,0.006645 -0.019487 0.003487 -0.020959 -0.021465 -0.036789 0.013888,0.402356 0.012534 0.261489,-0.109691 0.078787 -0.990838,-0.121572 0.069756 -0.990128,-0.000096 -0.000071 0.000005,0.119234,0.159982,0.160000
6.88000,0.006465 -0.018962 0.003378 -0.020395 -0.020836 -0.035781 0.013483,0.402305 0.012493 0.261491,-0.110017 0.078527 -0.990823,-0.121572 0.069756 -0.990128,-0.000094 -0.000070 0.000005,0.117368,0.159982,0.160000
6.89000,0.006289 -0.018452 0.003271 -0.019846 -0.020226 -0.034801 0.013089,0.402256 0.012454 0.261493,-0.110334 0.078274 -0.990807,-0.121572 0.069756 -0.990128,-0.000093 -0.000068 0.000005,0.115513,0.159983,0.160000
6.90000,0.006118 -0.017955 0.003168 -0.019311 -0.019634 -0.033847 0.012707,0.402208 0.012416 0.261495,-0.110643 0.078029 -0.990792,-0.121572 0.069756 -0.990128,-0.000091 -0.000067 0.000005,0.113693,0.159983,0.160000
6.91000,0.005952 -0.017471 0.003068 -0.018791 -0.019060 -0.032920 0.012336,0.402161 0.012379 0.261497,-0.110942 0.077790 -0.990778,-0.121572 0.069756 -0.990128,-0.000090 -0.000066 0.000005,0.111884,0.159984,0.160000
6.92000,0.005789 -0.017001 0.002972 -0.018286 -0.018502 -0.032018 0.011977,0.402116 0.012343 0.261498,-0.111234 0.077559 -0.990763,-0.121572 0.069756 -0.990128,-0.000089 -0.000065 0.000005,0.110112,0.159984,0.160000
6.93000,0.005632 -0.016543 0.002878 -0.017793 -0.017961 -0.031140 0.011628,0.402072 0.012308 0.261500,-0.111518 0.077334 -0.990749,-0.121572 0.069756 -0.990128,-0.000087 -0.000064 0.000005,0.108345,0.159985,0.160000
6.94000,0.005478 -0.016097 0.002787 -0.017314 -0.017436 -0.030287 0.011289,0.402029 0.012274 0.261502,-0.111794 0.077115 -0.990735,-0.121572 0.069756 -0.990128,-0.000086 -0.000063 0.000005,0.106618,0.159985,0.160000
6.95000,0.005329 -0.015664 0.002700 -0.016848 -0.016926 -0.029457 0.010960,0.401987 0.012241 0.261504,-0.112062 0.076903 -0.990721,-0.121572 0.069756 -0.990128,-0.000085 -0.000062 0.000005,0.104898,0.159985,0.160000
6.96000,0.005183 -0.015242 0.002615 -0.016395 -0.016432 -0.028649 0.010641,0.401947 0.012210 0.261506,-0.112323 0.076697 -0.990707,-0.121572 0.069756 -0.990128,-0.000083 -0.000061 0.000005,0.103216,0.159986,0.160000
6.97000,0.005042 -0.014831 0.002532 -0.015954 -0.015952 -0.027864 0.010332,0.401907 0.012179 0.261507,-0.112576 0.076497 -0.990694,-0.121572 0.069756 -0.990128,-0.000082 -0.000060 0.000005,0.101540,0.159986,0.160000
6.98000,0.004904 -0.014431 0.002453 -0.015524 -0.015486 -0.027100 0.010031,0.401869 0.012149 0.261509,-0.112823 0.076303 -0.990681,-0.121572 0.069756 -0.990128,-0.000081 -0.000059 0.000005,0.099904,0.159986,0.160000
6.99000,0.004770 -0.014043 0.002375 -0.015106 -0.015034 -0.026358 0.009740,0.401832 0.012119 0.261511,-0.113063 0.076114 -0.990668,-0.121572 0.069756 -0.990128,-0.000079 -0.000058 0.000005,0.098269,0.159987,0.160000
7.00000,0.004640 -0.013664 0.002301 -0.014700 -0.014595 -0.025635 0.009457,0.401796 0.012091 0.261512,-0.113296 0.075931 -0.990656,-0.121572 0.069756 -0.990128,-0.000078 -0.000057 0.000005,0.096677,0.159987,0.160000
7.01000,0.004513 -0.013296 0.002228 -0.014304 -0.014169 -0.024932 0.009182,0.401761 0.012064 0.261514,-0.113523 0.075753 -0.990643,-0.121572 0.069756 -0.990128,-0.000077 -0.000056 0.000005,0.095086,0.159988,0.160000
7.02000,0.004389 -0.012937 0.002158 -0.013919 -0.013755 -0.024249 0.008915,0.401727 0.012037 0.261516,-0.113744 0.075580 -0.990631,-0.121572 0.069756 -0.990128,-0.000076 -0.000055 0.000004,0.093538,0.159988,0.160000
7.03000,0.004269 -0.012589 0.002090 -0.013545 -0.013354 -0.023584 0.008656,0.401694 0.012011 0.261517,-0.113959 0.075412 -0.990619,-0.121572 0.069756 -0.990128,-0.000074 -0.000054 0.000004,0.091990,0.159988,0.160000
7.04000,0.004152 -0.012249 0.002025 -0.013180 -0.012964 -0.022937 0.008405,0.401661 0.011986 0.261519,-0.114167 0.075249 -0.990608,-0.121572 0.069756 -0.990128,-0.000073 -0.000053 0.000004,0.090484,0.159988,0.160000
7.05000,0.004039 -0.011919 0.001961 -0.012826 -0.012586 -0.022309 0.008161,0.401630 0.011961 0.261520,-0.114370 0.075090 -0.990596,-0.121572 0.069756 -0.990128,-0.000072 -0.000052 0.000004,0.088974,0.159989,0.160000
7.06000,0.003928 -0.011598 0.001899 -0.012481 -0.012219 -0.021697 0.007925,0.401600 0.011938 0.261522,-0.114568 0.074936 -0.990585,-0.121572 0.069756 -0.990128,-0.000071 -0.000051 0.000004,0.087510,0.159989,0.160000
7.07000,0.003820 -0.011285 0.001840 -0.012145 -0.011862 -0.021102 0.007695,0.401570 0.011915 0.261523,-0.114760 0.074787 -0.990574,-0.121572 0.069756 -0.990128,-0.000070 -0.000050 0.000004,0.086043,0.159989,0.160000
7.08000,0.003716 -0.010981 0.001782 -0.011818 -0.011517 -0.020523 0.007472,0.401541 0.011892 0.261524,-0.114947 0.074642 -0.990563,-0.121572 0.069756 -0.990128,-0.000068 -0.000050 0.000004,0.084620,0.159990,0.160000
7.09000,0.003614 -0.010685 0.001726 -0.011500 -0.011181 -0.019961 0.007255,0.401513 0.011871 0.261526,-0.115128 0.074501 -0.990553,-0.121572 0.069756 -0.990128,-0.000067 -0.000049 0.000004,0.083194,0.159990,0.160000
7.10000,0.003515 -0.010397 0.001671 -0.011191 -0.010855 -0.019413 0.007045,0.401486 0.011850 0.261527,-0.115305 0.074364 -0.990543,-0.121572 0.069756 -0.990128,-0.000066 -0.000048 0.000004,0.081808,0.159990,0.160000
7.11000,0.003418 -0.010116 0.001619 -0.010890 -0.010539 -0.018881 0.006841,0.401460 0.011829 0.261528,-0.115477 0.074231 -0.990533,-0.121572 0.069756 -0.990128,-0.000065 -0.000047 0.000004,0.080434,0.159990,0.160000
7.12000,0.003324 -0.009844 0.001568 -0.010597 -0.010232 -0.018363 0.006643,0.401434 0.011809 0.261530,-0.115644 0.074102 -0.990523,-0.121572 0.069756 -0.990128,-0.000064 -0.000046 0.000004,0.079087,0.159991,0.160000
7.13000,0.003233 -0.009578 0.001519 -0.010312 -0.009933 -0.017860 0.006451,0.401409 0.011790 0.261531,-0.115806 0.073977 -0.990513,-0.121572 0.069756 -0.990128,-0.000063 -0.000045 0.000004,0.077754,0.159991,0.160000
7.14000,0.003144 -0.009320 0.001471 -0.010035 -0.009644 -0.017370 0.006264,0.401385 0.011772 0.261532,-0.115964 0.073855 -0.990504,-0.121572 0.069756 -0.990128,-0.000062 -0.000045 0.000004,0.076447,0.159991,0.160000
7.15000,0.003058 -0.009069 0.001425 -0.009765 -0.009363 -0.016894 0.006083,0.401361 0.011753 0.261533,-0.116118 0.073736 -0.990495,-0.121572 0.069756 -0.990128,-0.000061 -0.000044 0.000004,0.075152,0.159991,0.160000
7.16000,0.002974 -0.008824 0.001380 -0.009502 -0.009090 -0.016430 0.005907,0.401338 0.011736 0.261535,-0.116267 0.073622 -0.990486,-0.121572 0.069756 -0.990128,-0.000060 -0.000043 0.000004,0.073883,0.159992,0.160000
7.17000,0.002892 -0.008586 0.001336 -0.009247 -0.008826 -0.015980 0.005737,0.401316 0.011719 0.261536,-0.116413 0.073510 -0.990477,-0.121572 0.069756 -0.990128,-0.000059 -0.000042 0.000004,0.072628,0.159992,0.160000
7.18000,0.002813 -0.008355 0.001294 -0.008998 -0.008569 -0.015542 0.005571,0.401294 0.011702 0.261537,-0.116554 0.073402 -0.990468,-0.121572 0.069756 -0.990128,-0.000058 -0.000042 0.000004,0.071396,0.159992,0.160000
7.19000,0.002736 -0.008129 0.001254 -0.008756 -0.008319 -0.015115 0.005410,0.401273 0.011686 0.261538,-0.116692 0.073297 -0.990460,-0.121572 0.069756 -0.990128,-0.000057 -0.000041 0.000004,0.070178,0.159992,0.160000
7.20000,0.002661 -0.007910 0.001214 -0.008521 -0.008077 -0.014701 0.005254,0.401253 0.011670 0.261539,-0.116825 0.073194 -0.990452,-0.121572 0.069756 -0.990128,-0.000056 -0.000040 0.000004,0.068984,0.159992,0.160000
7.21000,0.002587 -0.007697 0.001176 -0.008292 -0.007842 -0.014298 0.005102,0.401233 0.011655 0.261540,-0.116956 0.073095 -0.990444,-0.121572 0.069756 -0.990128,-0.000055 -0.000039 0.000004,0.067802,0.159993,0.160000
7.22000,0.002516 -0.007490 0.001139 -0.008069 -0.007614 -0.013906 0.004955,0.401214 0.011641 0.261541,-0.117082 0.072999 -0.990436,-0.121572 0.069756 -0.990128,-0.000054 -0.000039 0.000004,0.066644,0.159993,0.160000
7.23000,0.002447 -0.007288 0.001103 -0.007852 -0.007392 -0.013524 0.004812,0.401195 0.011626 0.261542,-0.117205 0.072905 -0.990428,-0.121572 0.069756 -0.990128,-0.000053 -0.000038 0.000003,0.065499,0.159993,0.160000
7.24000,0.002380 -0.007091 0.001068 -0.007641 -0.007177 -0.013153 0.004673,0.401177 0.011612 0.261543,-0.117325 0.072814 -0.990421,-0.121572 0.069756 -0.990128,-0.000052 -0.000037 0.000003,0.064375,0.159993,0.160000
7.25000,0.002314 -0.006900 0.001035 -0.007436 -0.006968 -0.012793 0.004538,0.401159 0.011599 0.261544,-0.117441 0.072726 -0.990413,-0.121572 0.069756 -0.990128,-0.000051 -0.000037 0.000003,0.063266,0.159993,0.160000
7.26000,0.002251 -0.006714 0.001002 -0.007236 -0.006766 -0.012442 0.004407,0.401142 0.011586 0.261545,-0.117554 0.072640 -0.990406,-0.121572 0.069756 -0.990128,-0.000051 -0.000036 0.000003,0.062177,0.159993,0.160000
7.27000,0.002189 -0.006533 0.000971 -0.007042 -0.006569 -0.012100 0.004280,0.401125 0.011573 0.261546,-0.117664 0.072557 -0.990399,-0.121572 0.069756 -0.990128,-0.000050 -0.000035 0.000003,0.061101,0.159994,0.160000
7.28000,0.002129 -0.006357 0.000940 -0.006852 -0.006378 -0.011768 0.004157,0.401108 0.011561 0.261547,-0.117771 0.072476 -0.990392,-0.121572 0.069756 -0.990128,-0.000049 -0.000035 0.000003,0.060046,0.159994,0.160000
7.29000,0.002070 -0.006186 0.000911 -0.006668 -0.006192 -0.011446 0.004037,0.401093 0.011549 0.261548,-0.117876 0.072398 -0.990386,-0.121572 0.069756 -0.990128,-0.000048 -0.000034 0.000003,0.059005,0.159994,0.160000
7.30000,0.002013 -0.006019 0.000882 -0.006489 -0.006012 -0.011132 0.003921,0.401077 0.011537 0.261548,-0.117977 0.072321 -0.990379,-0.121572 0.069756 -0.990128,-0.000047 -0.000034 0.000003,0.057981,0.159994,0.160000
7.31000,0.001958 -0.005857 0.000854 -0.006315 -0.005837 -0.010826 0.003808,0.401062 0.011526 0.261549,-0.118075 0.072247 -0.990373,-0.121572 0.069756 -0.990128,-0.000046 -0.000033 0.000003,0.056973,0.159994,0.160000
7.32000,0.001904 -0.005699 0.000827 -0.006145 -0.005668 -0.010529 0.003698,0.401048 0.011515 0.261550,-0.118171 0.072175 -0.990367,-0.121572 0.069756 -0.990128,-0.000046 -0.000032 0.000003,0.055982,0.159994,0.160000
7.33000,0.001852 -0.005545 0.000801 -0.005980 -0.005503 -0.010241 0.003591,0.401034 0.011505 0.261551,-0.118264 0.072106 -0.990361,-0.121572 0.069756 -0.990128,-0.000045 -0.000032 0.000003,0.055005,0.159995,0.160000
7.34000,0.001801 -0.005396 0.000776 -0.005820 -0.005343 -0.009960 0.003488,0.401020 0.011494 0.261552,-0.118355 0.072038 -0.990355,-0.121572 0.069756 -0.990128,-0.000044 -0.000031 0.000003,0.054045,0.159995,0.160000
7.35000,0.001751 -0.005251 0.000751 -0.005663 -0.005187 -0.009687 0.003388,0.401006 0.011484 0.261552,-0.118443 0.071972 -0.990349,-0.121572 0.069756 -0.990128,-0.000043 -0.000031 0.000003,0.053101,0.159995,0.160000
7.36000,0.001703 -0.005109 0.000728 -0.005511 -0.005037 -0.009421 0.003290,0.400993 0.011475 0.261553,-0.118529 0.071908 -0.990343,-0.121572 0.069756 -0.990128,-0.000043 -0.000030 0.000003,0.052170,0.159995,0.160000
7.37000,0.001656 -0.004972 0.000705 -0.005363 -0.004890 -0.009162 0.003195,0.400981 0.011465 0.261554,-0.118612 0.071846 -0.990338,-0.121572 0.069756 -0.990128,-0.000042 -0.000030 0.000003,0.051256,0.159995,0.160000
7.38000,0.001610 -0.004838 0.000683 -0.005219 -0.004748 -0.008911 0.003104,0.400969 0.011456 0.261554,-0.118693 0.071785 -0.990333,-0.121572 0.069756 -0.990128,-0.000041 -0.000029 0.000003,0.050354,0.159995,0.160000
7.39000,0.001566 -0.004707 0.000661 -0.005079 -0.004610 -0.008667 0.003014,0.400957 0.011447 0.261555,-0.118772 0.071727 -0.990327,-0.121572 0.069756 -0.990128,-0.000040 -0.000028 0.000003,0.049470,0.159995,0.160000
7.40000,0.001523 -0.004581 0.000640 -0.004943 -0.004476 -0.008429 0.002928,0.400945 0.011439 0.261556,-0.118849 0.071670 -0.990322,-0.121572 0.069756 -0.990128,-0.000040 -0.000028 0.000003,0.048598,0.159995,0.160000
7.41000,0.001481 -0.004457 0.000620 -0.004810 -0.004346 -0.008198 0.002843,0.400934 0.011431 0.261556,-0.118923 0.071615 -0.990317,-0.121572 0.069756 -0.990128,-0.000039 -0.000027 0.000003,0.047743,0.159996,0.160000
7.42000,0.001440 -0.004337 0.000600 -0.004681 -0.004220 -0.007973 0.002762,0.400923 0.011422 0.261557,-0.118996 0.071561 -0.990313,-0.121572 0.069756 -0.990128,-0.000038 -0.000027 0.000003,0.046897,0.159996,0.160000
7.43000,0.001401 -0.004221 0.000582 -0.004555 -0.004097 -0.007754 0.002682,0.400912 0.011415 0.261558,-0.119066 0.071509 -0.990308,-0.121572 0.069756 -0.990128,-0.000038 -0.000026 0.000003,0.046071,0.159996,0.160000
7.44000,0.001362 -0.004107 0.000563 -0.004433 -0.003978 -0.007541 0.002605,0.400902 0.011407 0.261558,-0.119135 0.071458 -0.990303,-0.121572 0.069756 -0.990128,-0.000037 -0.000026 0.000003,0.045252,0.159996,0.160000
7.45000,0.001325 -0.003996 0.000545 -0.004314 -0.003863 -0.007334 0.002530,0.400892 0.011400 0.261559,-0.119202 0.071409 -0.990299,-0.121572 0.069756 -0.990128,-0.000036 -0.000026 0.000003,0.044453,0.159996,0.160000
7.46000,0.001288 -0.003889 0.000528 -0.004199 -0.003750 -0.007133 0.002458,0.400882 0.011392 0.261559,-0.119267 0.071361 -0.990294,-0.121572 0.069756 -0.990128,-0.000036 -0.000025 0.000002,0.043661,0.159996,0.160000
7.47000,0.001253 -0.003784 0.000511 -0.004086 -0.003641 -0.006937 0.002387,0.400873 0.011386 0.261560,-0.119330 0.071315 -0.990290,-0.121572 0.069756 -0.990128,-0.000035 -0.000025 0.000002,0.042890,0.159996,0.160000
7.48000,0.001218 -0.003682 0.000495 -0.003976 -0.003536 -0.006747 0.002319,0.400863 0.011379 0.261560,-0.119391 0.071270 -0.990286,-0.121572 0.069756 -0.990128,-0.000034 -0.000024 0.000002,0.042121,0.159996,0.160000
7.49000,0.001185 -0.003583 0.000480 -0.003870 -0.003433 -0.006562 0.002252,0.400854 0.011372 0.261561,-0.119451 0.071226 -0.990282,-0.121572 0.069756 -0.990128,-0.000034 -0.000024 0.000002,0.041376,0.159996,0.160000
