t,qdot,p_tip,d,d_des,rcm_error,rcm_error_norm_mm,length,depth_target
0.00000,-0.004874 -0.023180 0.005197 0.086694 0.010269 0.115879 -0.005932,0.420000 -0.000000 0.270000,0.000000 -0.000000 -1.000000,0.004364 0.004363 -0.999981,-0.000000 -0.000000 -0.000000,0.000087,0.150000,0.150400
0.01000,-0.006821 -0.015968 0.002452 0.094229 0.020381 0.130305 -0.013314,0.420005 0.000019 0.269600,0.000034 0.000129 -1.000000,0.008727 0.008726 -0.999924,-0.000000 -0.000000 -0.000000,0.000352,0.150400,0.150800
0.02000,-0.008691 -0.009010 -0.000198 0.101524 0.030220 0.144356 -0.020489,0.420027 0.000057 0.269200,0.000185 0.000377 -1.000000,0.013089 0.013089 -0.999829,-0.000001 -0.000000 -0.000000,0.000696,0.150800,0.151200
0.03000,-0.010484 -0.002302 -0.002757 0.108582 0.039799 0.158039 -0.027464,0.420067 0.000111 0.268800,0.000450 0.000741 -1.000000,0.017450 0.017452 -0.999695,-0.000001 -0.000001 -0.000000,0.001120,0.151200,0.151600
0.04000,-0.012198 0.004161 -0.005229 0.115411 0.049129 0.171361 -0.034250,0.420124 0.000184 0.268401,0.000826 0.001218 -0.999999,0.021810 0.021815 -0.999524,-0.000001 -0.000001 -0.000000,0.001626,0.151600,0.152000
0.05000,-0.013833 0.010382 -0.007620 0.122014 0.058221 0.184329 -0.040855,0.420197 0.000273 0.268001,0.001309 0.001803 -0.999998,0.026168 0.026177 -0.999315,-0.000002 -0.000001 -0.000000,0.002212,0.151999,0.152400
0.06000,-0.015390 0.016367 -0.009933 0.128397 0.067084 0.196952 -0.047287,0.420287 0.000378 0.267601,0.001898 0.002495 -0.999995,0.030525 0.030538 -0.999067,-0.000002 -0.000002 -0.000000,0.002879,0.152399,0.152800
0.07000,-0.016868 0.022119 -0.012172 0.134564 0.075729 0.209235 -0.053554,0.420393 0.000500 0.267202,0.002588 0.003290 -0.999991,0.034879 0.034899 -0.998782,-0.000003 -0.000002 -0.000000,0.003625,0.152799,0.153200
0.08000,-0.018267 0.027643 -0.014341 0.140521 0.084166 0.221186 -0.059664,0.420514 0.000638 0.266803,0.003378 0.004185 -0.999986,0.039230 0.039260 -0.998459,-0.000003 -0.000003 -0.000000,0.004451,0.153199,0.153600
0.09000,-0.019588 0.032943 -0.016442 0.146272 0.092403 0.232813 -0.065623,0.420651 0.000791 0.266405,0.004264 0.005178 -0.999978,0.043578 0.043619 -0.998097,-0.000004 -0.000004 -0.000000,0.005355,0.153599,0.154000
0.10000,-0.020830 0.038024 -0.018480 0.151822 0.100449 0.244122 -0.071438,0.420803 0.000960 0.266007,0.005244 0.006265 -0.999967,0.047923 0.047978 -0.997698,-0.000004 -0.000005 -0.000000,0.006335,0.153998,0.154400
0.11000,-0.021996 0.042890 -0.020456 0.157176 0.108313 0.255121 -0.077117,0.420970 0.001144 0.265609,0.006316 0.007444 -0.999952,0.052265 0.052336 -0.997261,-0.000005 -0.000006 -0.000000,0.007391,0.154398,0.154800
0.12000,-0.023083 0.047545 -0.022375 0.162337 0.116002 0.265815 -0.082665,0.421152 0.001342 0.265213,0.007477 0.008713 -0.999934,0.056602 0.056692 -0.996786,-0.000006 -0.000006 -0.000000,0.008521,0.154797,0.155200
0.13000,-0.024095 0.051994 -0.024238 0.167309 0.123525 0.276211 -0.088088,0.421348 0.001555 0.264817,0.008724 0.010068 -0.999911,0.060935 0.061048 -0.996273,-0.000006 -0.000007 -0.000000,0.009724,0.155197,0.155600
0.14000,-0.025030 0.056240 -0.026049 0.172098 0.130888 0.286317 -0.093393,0.421558 0.001782 0.264422,0.010055 0.011507 -0.999883,0.065263 0.065403 -0.995722,-0.000007 -0.000009 -0.000000,0.010999,0.155596,0.156000
0.15000,-0.025891 0.060289 -0.027810 0.176707 0.138099 0.296138 -0.098584,0.421781 0.002023 0.264027,0.011467 0.013029 -0.999849,0.069587 0.069756 -0.995134,-0.000008 -0.000010 -0.000000,0.012343,0.155996,0.156400
0.16000,-0.026076 0.063459 -0.024689 0.182660 0.133683 0.305393 -0.095319,0.422018 0.002277 0.263634,0.012959 0.014630 -0.999809,0.073928 0.069756 -0.994821,-0.000008 -0.000011 -0.000000,0.013756,0.156395,0.156800
0.17000,-0.026253 0.066486 -0.021651 0.188423 0.129396 0.314445 -0.092138,0.422269 0.002526 0.263242,0.014528 0.016187 -0.999763,0.078268 0.069756 -0.994489,-0.000009 -0.000012 -0.000000,0.015182,0.156795,0.157200
0.18000,-0.026421 0.069374 -0.018694 0.194002 0.125236 0.323300 -0.089040,0.422532 0.002769 0.262851,0.016170 0.017702 -0.999713,0.082607 0.069756 -0.994138,-0.000010 -0.000013 -0.000000,0.016618,0.157194,0.157600
0.19000,-0.026582 0.072125 -0.015816 0.199402 0.121197 0.331964 -0.086021,0.422808 0.003007 0.262460,0.017885 0.019176 -0.999656,0.086944 0.069756 -0.993768,-0.000011 -0.000015 -0.000000,0.018061,0.157593,0.158000
0.20000,-0.026736 0.074743 -0.013014 0.204627 0.117275 0.340441 -0.083078,0.423096 0.003240 0.262071,0.019669 0.020609 -0.999594,0.091279 0.069756 -0.993379,-0.000012 -0.000016 -0.000001,0.019510,0.157993,0.158400
0.21000,-0.026883 0.077230 -0.010286 0.209682 0.113466 0.348736 -0.080207,0.423396 0.003468 0.261683,0.021523 0.022004 -0.999526,0.095613 0.069756 -0.992971,-0.000012 -0.000017 -0.000001,0.020964,0.158392,0.158800
0.22000,-0.027024 0.079588 -0.007630 0.214572 0.109767 0.356854 -0.077407,0.423709 0.003692 0.261295,0.023442 0.023361 -0.999452,0.099944 0.069756 -0.992545,-0.000013 -0.000018 -0.000001,0.022421,0.158791,0.159200
0.23000,-0.027160 0.081820 -0.005044 0.219302 0.106174 0.364801 -0.074675,0.424033 0.003910 0.260909,0.025426 0.024681 -0.999372,0.104274 0.069756 -0.992099,-0.000014 -0.000019 -0.000001,0.023881,0.159190,0.159600
0.24000,-0.026112 0.077813 -0.004511 0.215097 0.103412 0.358369 -0.072600,0.424369 0.004124 0.260524,0.027473 0.025965 -0.999285,0.104274 0.069756 -0.992099,-0.000015 -0.000020 -0.000001,0.025343,0.159590,0.160000
0.25000,-0.024144 0.111628 -0.013198 0.136657 0.100880 0.248161 -0.072961,0.424698 0.004333 0.260139,0.029466 0.027213 -0.999195,0.104274 0.069756 -0.992099,-0.000016 -0.000021 -0.000001,0.026721,0.159989,0.160000
0.26000,-0.023314 0.108415 -0.012842 0.132952 0.098289 0.241533 -0.071085,0.425021 0.004525 0.260154,0.031487 0.028418 -0.999100,0.104274 0.069756 -0.992099,-0.000016 -0.000021 -0.000001,0.026654,0.159989,0.160000
0.27000,-0.022515 0.105298 -0.012494 0.129347 0.095757 0.235079 -0.069251,0.425336 0.004713 0.260170,0.033454 0.029589 -0.999002,0.104274 0.069756 -0.992099,-0.000016 -0.000021 -0.000001,0.026568,0.159988,0.160000
0.28000,-0.021747 0.102274 -0.012153 0.125840 0.093284 0.228796 -0.067460,0.425643 0.004895 0.260186,0.035368 0.030726 -0.998902,0.104274 0.069756 -0.992099,-0.000016 -0.000021 -0.000001,0.026462,0.159988,0.160000
0.29000,-0.021007 0.099341 -0.011820 0.122428 0.090868 0.222679 -0.065711,0.425941 0.005071 0.260203,0.037230 0.031831 -0.998800,0.104274 0.069756 -0.992099,-0.000016 -0.000021 -0.000001,0.026339,0.159988,0.160000
0.30000,-0.020295 0.096496 -0.011495 0.119109 0.088509 0.216724 -0.064002,0.426231 0.005243 0.260220,0.039041 0.032905 -0.998696,0.104274 0.069756 -0.992099,-0.000015 -0.000021 -0.000001,0.026199,0.159988,0.160000
0.31000,-0.019609 0.093735 -0.011177 0.115880 0.086206 0.210927 -0.062334,0.426513 0.005410 0.260237,0.040804 0.033948 -0.998590,0.104274 0.069756 -0.992099,-0.000015 -0.000021 -0.000001,0.026043,0.159988,0.160000
0.32000,-0.018949 0.091056 -0.010867 0.112739 0.083958 0.205284 -0.060705,0.426788 0.005572 0.260254,0.042520 0.034962 -0.998484,0.104274 0.069756 -0.992099,-0.000015 -0.000021 -0.000001,0.025873,0.159988,0.160000
0.33000,-0.018314 0.088457 -0.010563 0.109683 0.081763 0.199790 -0.059115,0.427055 0.005730 0.260271,0.044188 0.035947 -0.998376,0.104274 0.069756 -0.992099,-0.000015 -0.000021 -0.000001,0.025690,0.159987,0.160000
0.34000,-0.017702 0.085935 -0.010267 0.106710 0.079621 0.194442 -0.057563,0.427315 0.005883 0.260288,0.045812 0.036904 -0.998268,0.104274 0.069756 -0.992099,-0.000014 -0.000021 -0.000001,0.025493,0.159987,0.160000
0.35000,-0.017112 0.083487 -0.009978 0.103819 0.077530 0.189236 -0.056048,0.427568 0.006032 0.260306,0.047392 0.037834 -0.998160,0.104274 0.069756 -0.992099,-0.000014 -0.000021 -0.000001,0.025286,0.159987,0.160000
0.36000,-0.016545 0.081112 -0.009696 0.101005 0.075490 0.184169 -0.054570,0.427814 0.006177 0.260323,0.048929 0.038738 -0.998051,0.104274 0.069756 -0.992099,-0.000014 -0.000021 -0.000001,0.025068,0.159987,0.160000
0.37000,-0.015998 0.078807 -0.009421 0.098269 0.073500 0.179236 -0.053128,0.428054 0.006317 0.260340,0.050425 0.039615 -0.997942,0.104274 0.069756 -0.992099,-0.000014 -0.000021 -0.000002,0.024840,0.159987,0.160000
0.38000,-0.015471 0.076569 -0.009153 0.095607 0.071559 0.174435 -0.051721,0.428287 0.006454 0.260358,0.051880 0.040468 -0.997833,0.104274 0.069756 -0.992099,-0.000014 -0.000021 -0.000002,0.024603,0.159987,0.160000
0.39000,-0.014963 0.074398 -0.008892 0.093017 0.069665 0.169761 -0.050349,0.428513 0.006587 0.260375,0.053296 0.041297 -0.997724,0.104274 0.069756 -0.992099,-0.000013 -0.000020 -0.000002,0.024358,0.159987,0.160000
0.40000,-0.014473 0.072291 -0.008637 0.090498 0.067818 0.165212 -0.049011,0.428734 0.006716 0.260392,0.054673 0.042102 -0.997616,0.104274 0.069756 -0.992099,-0.000013 -0.000020 -0.000002,0.024106,0.159987,0.160000
0.41000,-0.014002 0.070245 -0.008388 0.088047 0.066017 0.160783 -0.047706,0.428949 0.006841 0.260410,0.056014 0.042885 -0.997509,0.104274 0.069756 -0.992099,-0.000013 -0.000020 -0.000002,0.023847,0.159987,0.160000
0.42000,-0.013547 0.068259 -0.008146 0.085664 0.064261 0.156473 -0.046433,0.429157 0.006963 0.260427,0.057318 0.043645 -0.997402,0.104274 0.069756 -0.992099,-0.000013 -0.000020 -0.000002,0.023582,0.159987,0.160000
0.43000,-0.013108 0.066331 -0.007910 0.083345 0.062548 0.152278 -0.045192,0.429361 0.007081 0.260444,0.058586 0.044384 -0.997295,0.104274 0.069756 -0.992099,-0.000012 -0.000020 -0.000002,0.023311,0.159987,0.160000
0.44000,-0.012685 0.064460 -0.007681 0.081089 0.060879 0.148195 -0.043982,0.429558 0.007196 0.260460,0.059821 0.045102 -0.997190,0.104274 0.069756 -0.992099,-0.000012 -0.000019 -0.000002,0.023036,0.159988,0.160000
0.45000,-0.012277 0.062643 -0.007457 0.078894 0.059251 0.144220 -0.042803,0.429751 0.007308 0.260477,0.061022 0.045799 -0.997085,0.104274 0.069756 -0.992099,-0.000012 -0.000019 -0.000002,0.022757,0.159988,0.160000
0.46000,-0.011884 0.060878 -0.007239 0.076759 0.057664 0.140352 -0.041653,0.429938 0.007417 0.260494,0.062190 0.046477 -0.996982,0.104274 0.069756 -0.992099,-0.000012 -0.000019 -0.000002,0.022475,0.159988,0.160000
0.47000,-0.011505 0.059166 -0.007027 0.074682 0.056118 0.136587 -0.040532,0.430120 0.007522 0.260510,0.063327 0.047135 -0.996879,0.104274 0.069756 -0.992099,-0.000012 -0.000019 -0.000002,0.022189,0.159988,0.160000
0.48000,-0.011138 0.057503 -0.006820 0.072662 0.054611 0.132923 -0.039440,0.430297 0.007625 0.260526,0.064433 0.047775 -0.996778,0.104274 0.069756 -0.992099,-0.000011 -0.000019 -0.000002,0.021900,0.159988,0.160000
0.49000,-0.010785 0.055888 -0.006620 0.070697 0.053142 0.129356 -0.038376,0.430470 0.007724 0.260542,0.065510 0.048396 -0.996678,0.104274 0.069756 -0.992099,-0.000011 -0.000018 -0.000002,0.021610,0.159988,0.160000
0.50000,-0.010444 0.054320 -0.006424 0.068785 0.051711 0.125885 -0.037339,0.430637 0.007821 0.260558,0.066557 0.049000 -0.996579,0.104274 0.069756 -0.992099,-0.000011 -0.000018 -0.000002,0.021318,0.159988,0.160000
0.51000,-0.010115 0.052797 -0.006234 0.066925 0.050317 0.122506 -0.036329,0.430800 0.007915 0.260573,0.067576 0.049587 -0.996481,0.104274 0.069756 -0.992099,-0.000011 -0.000018 -0.000002,0.021024,0.159988,0.160000
0.52000,-0.009797 0.051318 -0.006049 0.065116 0.048958 0.119218 -0.035345,0.430959 0.008007 0.260589,0.068567 0.050157 -0.996385,0.104274 0.069756 -0.992099,-0.000011 -0.000018 -0.000002,0.020730,0.159988,0.160000
0.53000,-0.009491 0.049882 -0.005869 0.063356 0.047635 0.116018 -0.034386,0.431114 0.008096 0.260604,0.069531 0.050712 -0.996290,0.104274 0.069756 -0.992099,-0.000010 -0.000017 -0.000002,0.020435,0.159988,0.160000
0.54000,-0.009194 0.048487 -0.005694 0.061643 0.046345 0.112903 -0.033452,0.431264 0.008182 0.260618,0.070470 0.051250 -0.996196,0.104274 0.069756 -0.992099,-0.000010 -0.000017 -0.000002,0.020139,0.159988,0.160000
0.55000,-0.008908 0.047132 -0.005523 0.059977 0.045089 0.109872 -0.032542,0.431410 0.008266 0.260633,0.071383 0.051773 -0.996104,0.104274 0.069756 -0.992099,-0.000010 -0.000017 -0.000002,0.019844,0.159989,0.160000
0.56000,-0.008632 0.045816 -0.005358 0.058357 0.043866 0.106922 -0.031656,0.431553 0.008348 0.260647,0.072271 0.052281 -0.996014,0.104274 0.069756 -0.992099,-0.000010 -0.000017 -0.000002,0.019549,0.159989,0.160000
0.57000,-0.008365 0.044538 -0.005197 0.056780 0.042674 0.104051 -0.030793,0.431691 0.008427 0.260662,0.073135 0.052775 -0.995925,0.104274 0.069756 -0.992099,-0.000010 -0.000017 -0.000002,0.019255,0.159989,0.160000
0.58000,-0.008107 0.043296 -0.005040 0.055247 0.041514 0.101256 -0.029953,0.431826 0.008504 0.260675,0.073976 0.053255 -0.995837,0.104274 0.069756 -0.992099,-0.000010 -0.000016 -0.000002,0.018962,0.159989,0.160000
0.59000,-0.007858 0.042090 -0.004888 0.053755 0.040384 0.098537 -0.029134,0.431957 0.008579 0.260689,0.074794 0.053722 -0.995751,0.104274 0.069756 -0.992099,-0.000009 -0.000016 -0.000002,0.018670,0.159989,0.160000
0.60000,-0.007617 0.040918 -0.004740 0.052303 0.039284 0.095890 -0.028337,0.432084 0.008652 0.260703,0.075591 0.054175 -0.995666,0.104274 0.069756 -0.992099,-0.000009 -0.000016 -0.000002,0.018379,0.159989,0.160000
0.61000,-0.007384 0.039780 -0.004597 0.050891 0.038212 0.093314 -0.027561,0.432209 0.008722 0.260716,0.076365 0.054615 -0.995583,0.104274 0.069756 -0.992099,-0.000009 -0.000016 -0.000002,0.018090,0.159989,0.160000
0.62000,-0.007159 0.038674 -0.004457 0.049517 0.037169 0.090807 -0.026806,0.432329 0.008791 0.260729,0.077119 0.055043 -0.995501,0.104274 0.069756 -0.992099,-0.000009 -0.000015 -0.000002,0.017802,0.159990,0.160000
0.63000,-0.006942 0.037600 -0.004322 0.048180 0.036153 0.088368 -0.026071,0.432447 0.008858 0.260741,0.077852 0.055459 -0.995421,0.104274 0.069756 -0.992099,-0.000009 -0.000015 -0.000002,0.017516,0.159990,0.160000
0.64000,-0.006731 0.036556 -0.004190 0.046880 0.035164 0.085994 -0.025355,0.432561 0.008923 0.260754,0.078565 0.055863 -0.995343,0.104274 0.069756 -0.992099,-0.000009 -0.000015 -0.000002,0.017233,0.159990,0.160000
0.65000,-0.006528 0.035542 -0.004062 0.045615 0.034201 0.083683 -0.024658,0.432672 0.008986 0.260766,0.079259 0.056255 -0.995265,0.104274 0.069756 -0.992099,-0.000008 -0.000015 -0.000001,0.016951,0.159990,0.160000
0.66000,-0.006331 0.034557 -0.003938 0.044384 0.033264 0.081435 -0.023979,0.432780 0.009047 0.260778,0.079935 0.056637 -0.995190,0.104274 0.069756 -0.992099,-0.000008 -0.000014 -0.000001,0.016672,0.159990,0.160000
0.67000,-0.006141 0.033599 -0.003817 0.043187 0.032352 0.079246 -0.023319,0.432886 0.009106 0.260790,0.080592 0.057007 -0.995116,0.104274 0.069756 -0.992099,-0.000008 -0.000014 -0.000001,0.016395,0.159990,0.160000
0.68000,-0.005957 0.032669 -0.003700 0.042022 0.031464 0.077117 -0.022676,0.432988 0.009164 0.260801,0.081231 0.057368 -0.995043,0.104274 0.069756 -0.992099,-0.000008 -0.000014 -0.000001,0.016121,0.159990,0.160000
0.69000,-0.005779 0.031765 -0.003586 0.040889 0.030600 0.075044 -0.022051,0.433088 0.009221 0.260813,0.081853 0.057717 -0.994972,0.104274 0.069756 -0.992099,-0.000008 -0.000014 -0.000001,0.015850,0.159990,0.160000
0.70000,-0.005606 0.030886 -0.003475 0.039786 0.029758 0.073027 -0.021442,0.433185 0.009275 0.260824,0.082458 0.058058 -0.994902,0.104274 0.069756 -0.992099,-0.000008 -0.000014 -0.000001,0.015581,0.159991,0.160000
0.71000,-0.005439 0.030033 -0.003368 0.038713 0.028940 0.071064 -0.020850,0.433279 0.009328 0.260834,0.083047 0.058388 -0.994834,0.104274 0.069756 -0.992099,-0.000007 -0.000013 -0.000001,0.015316,0.159991,0.160000
0.72000,-0.005278 0.029203 -0.003264 0.037670 0.028143 0.069154 -0.020273,0.433371 0.009380 0.260845,0.083620 0.058709 -0.994767,0.104274 0.069756 -0.992099,-0.000007 -0.000013 -0.000001,0.015053,0.159991,0.160000
0.73000,-0.005122 0.028397 -0.003163 0.036654 0.027367 0.067295 -0.019712,0.433460 0.009430 0.260855,0.084177 0.059021 -0.994701,0.104274 0.069756 -0.992099,-0.000007 -0.000013 -0.000001,0.014793,0.159991,0.160000
0.74000,-0.004970 0.027613 -0.003065 0.035666 0.026613 0.065486 -0.019166,0.433547 0.009479 0.260865,0.084720 0.059324 -0.994637,0.104274 0.069756 -0.992099,-0.000007 -0.000013 -0.000001,0.014536,0.159991,0.160000
0.75000,-0.004824 0.026851 -0.002969 0.034705 0.025878 0.063726 -0.018635,0.433632 0.009526 0.260875,0.085247 0.059619 -0.994575,0.104274 0.069756 -0.992099,-0.000007 -0.000012 -0.000001,0.014282,0.159991,0.160000
0.76000,-0.004682 0.026111 -0.002877 0.033770 0.025164 0.062013 -0.018118,0.433714 0.009572 0.260885,0.085761 0.059905 -0.994513,0.104274 0.069756 -0.992099,-0.000007 -0.000012 -0.000001,0.014031,0.159991,0.160000
0.77000,-0.004545 0.025392 -0.002787 0.032860 0.024469 0.060346 -0.017616,0.433794 0.009617 0.260895,0.086260 0.060184 -0.994453,0.104274 0.069756 -0.992099,-0.000007 -0.000012 -0.000001,0.013784,0.159992,0.160000
0.78000,-0.004412 0.024692 -0.002700 0.031975 0.023792 0.058723 -0.017126,0.433872 0.009660 0.260904,0.086746 0.060454 -0.994394,0.104274 0.069756 -0.992099,-0.000007 -0.000012 -0.000001,0.013540,0.159992,0.160000
0.79000,-0.004283 0.024013 -0.002616 0.031113 0.023134 0.057144 -0.016651,0.433948 0.009703 0.260913,0.087219 0.060717 -0.994337,0.104274 0.069756 -0.992099,-0.000006 -0.000012 -0.000001,0.013299,0.159992,0.160000
0.80000,-0.004158 0.023352 -0.002534 0.030275 0.022494 0.055608 -0.016188,0.434022 0.009744 0.260922,0.087680 0.060972 -0.994281,0.104274 0.069756 -0.992099,-0.000006 -0.000011 -0.000001,0.013061,0.159992,0.160000
0.81000,-0.004037 0.022710 -0.002454 0.029460 0.021871 0.054113 -0.015737,0.434093 0.009784 0.260930,0.088127 0.061220 -0.994226,0.104274 0.069756 -0.992099,-0.000006 -0.000011 -0.000001,0.012826,0.159992,0.160000
0.82000,-0.003920 0.022085 -0.002377 0.028666 0.021265 0.052657 -0.015299,0.434163 0.009822 0.260939,0.088563 0.061461 -0.994173,0.104274 0.069756 -0.992099,-0.000006 -0.000011 -0.000001,0.012595,0.159992,0.160000
0.83000,-0.003806 0.021479 -0.002302 0.027895 0.020675 0.051241 -0.014873,0.434231 0.009860 0.260947,0.088987 0.061695 -0.994120,0.104274 0.069756 -0.992099,-0.000006 -0.000011 -0.000001,0.012367,0.159992,0.160000
0.84000,-0.003696 0.020889 -0.002230 0.027144 0.020101 0.049864 -0.014459,0.434297 0.009897 0.260955,0.089399 0.061923 -0.994069,0.104274 0.069756 -0.992099,-0.000006 -0.000011 -0.000001,0.012143,0.159993,0.160000
0.85000,-0.003590 0.020315 -0.002159 0.026413 0.019543 0.048523 -0.014055,0.434362 0.009932 0.260963,0.089801 0.062144 -0.994019,0.104274 0.069756 -0.992099,-0.000006 -0.000010 -0.000001,0.011921,0.159993,0.160000
0.86000,-0.003486 0.019758 -0.002091 0.025702 0.019001 0.047218 -0.013663,0.434424 0.009967 0.260971,0.090191 0.062359 -0.993970,0.104274 0.069756 -0.992099,-0.000006 -0.000010 -0.000001,0.011703,0.159993,0.160000
0.87000,-0.003386 0.019216 -0.002025 0.025010 0.018473 0.045948 -0.013282,0.434485 0.010000 0.260978,0.090571 0.062568 -0.993923,0.104274 0.069756 -0.992099,-0.000006 -0.000010 -0.000001,0.011488,0.159993,0.160000
0.88000,-0.003289 0.018689 -0.001960 0.024337 0.017959 0.044712 -0.012911,0.434544 0.010033 0.260986,0.090941 0.062771 -0.993876,0.104274 0.069756 -0.992099,-0.000005 -0.000010 -0.000001,0.011277,0.159993,0.160000
0.89000,-0.003195 0.018176 -0.001898 0.023682 0.017460 0.043510 -0.012550,0.434602 0.010065 0.260993,0.091300 0.062968 -0.993831,0.104274 0.069756 -0.992099,-0.000005 -0.000010 -0.000001,0.011069,0.159993,0.160000
0.90000,-0.003103 0.017678 -0.001838 0.023045 0.016974 0.042339 -0.012199,0.434658 0.010096 0.261000,0.091650 0.063160 -0.993786,0.104274 0.069756 -0.992099,-0.000005 -0.000009 -0.000001,0.010864,0.159993,0.160000
0.91000,-0.003015 0.017194 -0.001779 0.022425 0.016501 0.041201 -0.011858,0.434713 0.010126 0.261007,0.091991 0.063346 -0.993743,0.104274 0.069756 -0.992099,-0.000005 -0.000009 -0.000001,0.010662,0.159993,0.160000
0.92000,-0.002929 0.016723 -0.001722 0.021821 0.016042 0.040092 -0.011526,0.434766 0.010155 0.261013,0.092322 0.063527 -0.993701,0.104274 0.069756 -0.992099,-0.000005 -0.000009 -0.000001,0.010463,0.159993,0.160000
0.93000,-0.002845 0.016265 -0.001667 0.021234 0.015595 0.039014 -0.011204,0.434818 0.010183 0.261020,0.092644 0.063703 -0.993659,0.104274 0.069756 -0.992099,-0.000005 -0.000009 -0.000001,0.010268,0.159994,0.160000
0.94000,-0.002765 0.015820 -0.001614 0.020663 0.015160 0.037965 -0.010890,0.434868 0.010211 0.261026,0.092958 0.063874 -0.993619,0.104274 0.069756 -0.992099,-0.000005 -0.000009 -0.000001,0.010076,0.159994,0.160000
0.95000,-0.002686 0.015387 -0.001562 0.020107 0.014737 0.036943 -0.010585,0.434917 0.010237 0.261032,0.093263 0.064040 -0.993580,0.104274 0.069756 -0.992099,-0.000005 -0.000009 -0.000001,0.009887,0.159994,0.160000
0.96000,-0.002610 0.014967 -0.001512 0.019566 0.014326 0.035950 -0.010288,0.434964 0.010263 0.261038,0.093560 0.064201 -0.993541,0.104274 0.069756 -0.992099,-0.000005 -0.000008 -0.000001,0.009701,0.159994,0.160000
0.97000,-0.002536 0.014558 -0.001464 0.019040 0.013927 0.034983 -0.009999,0.435011 0.010289 0.261044,0.093849 0.064358 -0.993504,0.104274 0.069756 -0.992099,-0.000005 -0.000008 -0.000001,0.009518,0.159994,0.160000
0.98000,-0.002465 0.014160 -0.001416 0.018528 0.013538 0.034042 -0.009719,0.435056 0.010313 0.261050,0.094130 0.064511 -0.993468,0.104274 0.069756 -0.992099,-0.000004 -0.000008 -0.000001,0.009338,0.159994,0.160000
0.99000,-0.002395 0.013773 -0.001371 0.018030 0.013160 0.033126 -0.009446,0.435100 0.010337 0.261056,0.094404 0.064659 -0.993432,0.104274 0.069756 -0.992099,-0.000004 -0.000008 -0.000001,0.009162,0.159994,0.160000
1.00000,-0.002328 0.013397 -0.001326 0.017545 0.012792 0.032235 -0.009181,0.435142 0.010360 0.261061,0.094670 0.064803 -0.993397,0.104274 0.069756 -0.992099,-0.000004 -0.000008 -0.000001,0.008988,0.159994,0.160000
1.01000,-0.002262 0.013031 -0.001284 0.017073 0.012435 0.031368 -0.008923,0.435184 0.010383 0.261066,0.094929 0.064942 -0.993363,0.104274 0.069756 -0.992099,-0.000004 -0.000008 -0.000001,0.008817,0.159994,0.160000
1.02000,-0.002199 0.012675 -0.001242 0.016614 0.012087 0.030524 -0.008672,0.435224 0.010405 0.261072,0.095181 0.065078 -0.993330,0.104274 0.069756 -0.992099,-0.000004 -0.000008 -0.000001,0.008649,0.159995,0.160000
1.03000,-0.002137 0.012329 -0.001202 0.016168 0.011749 0.029703 -0.008429,0.435264 0.010426 0.261077,0.095426 0.065210 -0.993298,0.104274 0.069756 -0.992099,-0.000004 -0.000007 -0.000001,0.008484,0.159995,0.160000
1.04000,-0.002077 0.011993 -0.001163 0.015733 0.011420 0.028904 -0.008192,0.435302 0.010447 0.261082,0.095665 0.065339 -0.993267,0.104274 0.069756 -0.992099,-0.000004 -0.000007 -0.000001,0.008322,0.159995,0.160000
1.05000,-0.002019 0.011666 -0.001125 0.015310 0.011101 0.028126 -0.007961,0.435339 0.010467 0.261086,0.095897 0.065464 -0.993236,0.104274 0.069756 -0.992099,-0.000004 -0.000007 -0.000001,0.008163,0.159995,0.160000
1.06000,-0.001962 0.011347 -0.001088 0.014899 0.010790 0.027369 -0.007737,0.435375 0.010486 0.261091,0.096123 0.065585 -0.993206,0.104274 0.069756 -0.992099,-0.000004 -0.000007 -0.000001,0.008007,0.159995,0.160000
1.07000,-0.001908 0.011038 -0.001053 0.014498 0.010488 0.026633 -0.007519,0.435411 0.010505 0.261096,0.096342 0.065703 -0.993177,0.104274 0.069756 -0.992099,-0.000004 -0.000007 -0.000001,0.007853,0.159995,0.160000
1.08000,-0.001854 0.010737 -0.001018 0.014109 0.010194 0.025916 -0.007308,0.435445 0.010524 0.261100,0.096556 0.065817 -0.993149,0.104274 0.069756 -0.992099,-0.000004 -0.000007 -0.000001,0.007702,0.159995,0.160000
1.09000,-0.001803 0.010444 -0.000985 0.013730 0.009908 0.025219 -0.007102,0.435478 0.010542 0.261105,0.096764 0.065928 -0.993121,0.104274 0.069756 -0.992099,-0.000004 -0.000007 -0.000001,0.007554,0.159995,0.160000
1.10000,-0.001753 0.010160 -0.000953 0.013361 0.009631 0.024541 -0.006902,0.435511 0.010559 0.261109,0.096967 0.066036 -0.993094,0.104274 0.069756 -0.992099,-0.000004 -0.000006 -0.000001,0.007408,0.159995,0.160000
1.11000,-0.001704 0.009883 -0.000922 0.013002 0.009361 0.023880 -0.006707,0.435542 0.010576 0.261113,0.097164 0.066141 -0.993068,0.104274 0.069756 -0.992099,-0.000003 -0.000006 -0.000001,0.007265,0.159995,0.160000
1.12000,-0.001657 0.009614 -0.000891 0.012652 0.009098 0.023238 -0.006518,0.435573 0.010592 0.261117,0.097355 0.066243 -0.993043,0.104274 0.069756 -0.992099,-0.000003 -0.000006 -0.000001,0.007125,0.159995,0.160000
1.13000,-0.001611 0.009352 -0.000862 0.012312 0.008843 0.022613 -0.006334,0.435603 0.010608 0.261121,0.097542 0.066343 -0.993018,0.104274 0.069756 -0.992099,-0.000003 -0.000006 -0.000001,0.006987,0.159996,0.160000
1.14000,-0.001566 0.009098 -0.000834 0.011982 0.008595 0.022004 -0.006156,0.435632 0.010624 0.261125,0.097723 0.066439 -0.992993,0.104274 0.069756 -0.992099,-0.000003 -0.000006 -0.000001,0.006852,0.159996,0.160000
1.15000,-0.001523 0.008850 -0.000806 0.011660 0.008353 0.021412 -0.005982,0.435660 0.010639 0.261128,0.097900 0.066533 -0.992970,0.104274 0.069756 -0.992099,-0.000003 -0.000006 -0.000001,0.006719,0.159996,0.160000
1.16000,-0.001481 0.008609 -0.000779 0.011347 0.008119 0.020836 -0.005813,0.435688 0.010654 0.261132,0.098072 0.066624 -0.992947,0.104274 0.069756 -0.992099,-0.000003 -0.000006 -0.000001,0.006588,0.159996,0.160000
1.17000,-0.001440 0.008375 -0.000754 0.011042 0.007891 0.020276 -0.005649,0.435715 0.010668 0.261136,0.098239 0.066712 -0.992924,0.104274 0.069756 -0.992099,-0.000003 -0.000006 -0.000001,0.006460,0.159996,0.160000
1.18000,-0.001400 0.008147 -0.000729 0.010745 0.007669 0.019730 -0.005490,0.435741 0.010682 0.261139,0.098402 0.066798 -0.992902,0.104274 0.069756 -0.992099,-0.000003 -0.000006 -0.000001,0.006335,0.159996,0.160000
1.19000,-0.001361 0.007925 -0.000704 0.010457 0.007454 0.019199 -0.005335,0.435766 0.010695 0.261142,0.098560 0.066882 -0.992881,0.104274 0.069756 -0.992099,-0.000003 -0.000005 -0.000001,0.006211,0.159996,0.160000
1.20000,-0.001324 0.007710 -0.000681 0.010176 0.007244 0.018683 -0.005184,0.435791 0.010708 0.261146,0.098714 0.066963 -0.992860,0.104274 0.069756 -0.992099,-0.000003 -0.000005 -0.000001,0.006090,0.159996,0.160000
1.21000,-0.001287 0.007500 -0.000658 0.009903 0.007041 0.018180 -0.005037,0.435815 0.010721 0.261149,0.098864 0.067042 -0.992840,0.104274 0.069756 -0.992099,-0.000003 -0.000005 -0.000001,0.005972,0.159996,0.160000
1.22000,-0.001252 0.007296 -0.000636 0.009637 0.006843 0.017691 -0.004895,0.435838 0.010734 0.261152,0.099010 0.067118 -0.992820,0.104274 0.069756 -0.992099,-0.000003 -0.000005 -0.000001,0.005855,0.159996,0.160000
1.23000,-0.001217 0.007098 -0.000615 0.009378 0.006651 0.017215 -0.004757,0.435861 0.010746 0.261155,0.099151 0.067193 -0.992801,0.104274 0.069756 -0.992099,-0.000003 -0.000005 -0.000001,0.005741,0.159996,0.160000
1.24000,-0.001184 0.006905 -0.000595 0.009126 0.006464 0.016752 -0.004622,0.435883 0.010757 0.261158,0.099289 0.067265 -0.992782,0.104274 0.069756 -0.992099,-0.000003 -0.000005 -0.000001,0.005628,0.159996,0.160000
1.25000,-0.001151 0.006718 -0.000575 0.008881 0.006282 0.016301 -0.004491,0.435905 0.010769 0.261161,0.099424 0.067336 -0.992764,0.104274 0.069756 -0.992099,-0.000003 -0.000005 -0.000001,0.005518,0.159996,0.160000
1.26000,-0.001120 0.006535 -0.000555 0.008643 0.006105 0.015862 -0.004364,0.435926 0.010780 0.261163,0.099555 0.067404 -0.992746,0.104274 0.069756 -0.992099,-0.000003 -0.000005 -0.000001,0.005410,0.159997,0.160000
1.27000,-0.001089 0.006357 -0.000537 0.008411 0.005933 0.015436 -0.004241,0.435946 0.010790 0.261166,0.099682 0.067470 -0.992729,0.104274 0.069756 -0.992099,-0.000002 -0.000005 -0.000001,0.005304,0.159997,0.160000
1.28000,-0.001059 0.006185 -0.000519 0.008185 0.005766 0.015020 -0.004121,0.435966 0.010801 0.261169,0.099805 0.067535 -0.992712,0.104274 0.069756 -0.992099,-0.000002 -0.000005 -0.000001,0.005200,0.159997,0.160000
1.29000,-0.001030 0.006017 -0.000501 0.007965 0.005604 0.014616 -0.004004,0.435985 0.010811 0.261171,0.099926 0.067598 -0.992696,0.104274 0.069756 -0.992099,-0.000002 -0.000004 -0.000001,0.005098,0.159997,0.160000
1.30000,-0.001002 0.005853 -0.000484 0.007751 0.005446 0.014223 -0.003891,0.436004 0.010821 0.261174,0.100043 0.067659 -0.992680,0.104274 0.069756 -0.992099,-0.000002 -0.000004 -0.000001,0.004998,0.159997,0.160000
1.31000,-0.000975 0.005695 -0.000468 0.007543 0.005293 0.013840 -0.003781,0.436023 0.010830 0.261176,0.100157 0.067718 -0.992665,0.104274 0.069756 -0.992099,-0.000002 -0.000004 -0.000001,0.004900,0.159997,0.160000
1.32000,-0.000948 0.005540 -0.000452 0.007341 0.005144 0.013468 -0.003674,0.436040 0.010840 0.261179,0.100268 0.067775 -0.992649,0.104274 0.069756 -0.992099,-0.000002 -0.000004 -0.000001,0.004803,0.159997,0.160000
1.33000,-0.000922 0.005390 -0.000437 0.007144 0.004999 0.013105 -0.003569,0.436058 0.010849 0.261181,0.100376 0.067831 -0.992635,0.104274 0.069756 -0.992099,-0.000002 -0.000004 -0.000001,0.004709,0.159997,0.160000
1.34000,-0.000897 0.005243 -0.000422 0.006952 0.004858 0.012753 -0.003468,0.436074 0.010857 0.261183,0.100481 0.067886 -0.992620,0.104274 0.069756 -0.992099,-0.000002 -0.000004 -0.000000,0.004616,0.159997,0.160000
1.35000,-0.000873 0.005101 -0.000407 0.006765 0.004721 0.012410 -0.003370,0.436091 0.010866 0.261185,0.100583 0.067939 -0.992606,0.104274 0.069756 -0.992099,-0.000002 -0.000004 -0.000000,0.004525,0.159997,0.160000
1.36000,-0.000849 0.004963 -0.000393 0.006584 0.004588 0.012076 -0.003274,0.436107 0.010874 0.261188,0.100683 0.067990 -0.992593,0.104274 0.069756 -0.992099,-0.000002 -0.000004 -0.000000,0.004436,0.159997,0.160000
1.37000,-0.000826 0.004828 -0.000380 0.006407 0.004459 0.011751 -0.003182,0.436122 0.010882 0.261190,0.100779 0.068040 -0.992580,0.104274 0.069756 -0.992099,-0.000002 -0.000004 -0.000000,0.004349,0.159997,0.160000
1.38000,-0.000803 0.004697 -0.000367 0.006235 0.004333 0.011435 -0.003091,0.436137 0.010890 0.261192,0.100874 0.068088 -0.992567,0.104274 0.069756 -0.992099,-0.000002 -0.000004 -0.000000,0.004263,0.159997,0.160000
1.39000,-0.000781 0.004570 -0.000354 0.006068 0.004211 0.011127 -0.003004,0.436152 0.010898 0.261194,0.100965 0.068135 -0.992554,0.104274 0.069756 -0.992099,-0.000002 -0.000004 -0.000000,0.004179,0.159997,0.160000
1.40000,-0.000760 0.004446 -0.000342 0.005905 0.004092 0.010828 -0.002918,0.436167 0.010905 0.261195,0.101054 0.068181 -0.992542,0.104274 0.069756 -0.992099,-0.000002 -0.000004 -0.000000,0.004096,0.159997,0.160000
1.41000,-0.000739 0.004325 -0.000330 0.005746 0.003976 0.010536 -0.002836,0.436180 0.010912 0.261197,0.101141 0.068226 -0.992530,0.104274 0.069756 -0.992099,-0.000002 -0.000004 -0.000000,0.004015,0.159997,0.160000
1.42000,-0.000719 0.004208 -0.000319 0.005592 0.003864 0.010253 -0.002755,0.436194 0.010919 0.261199,0.101226 0.068269 -0.992518,0.104274 0.069756 -0.992099,-0.000002 -0.000003 -0.000000,0.003936,0.159997,0.160000
1.43000,-0.000700 0.004094 -0.000308 0.005442 0.003755 0.009977 -0.002677,0.436207 0.010926 0.261201,0.101308 0.068311 -0.992507,0.104274 0.069756 -0.992099,-0.000002 -0.000003 -0.000000,0.003858,0.159998,0.160000
1.44000,-0.000681 0.003983 -0.000297 0.005296 0.003649 0.009708 -0.002601,0.436220 0.010933 0.261203,0.101388 0.068352 -0.992496,0.104274 0.069756 -0.992099,-0.000002 -0.000003 -0.000000,0.003782,0.159998,0.160000
1.45000,-0.000662 0.003875 -0.000287 0.005154 0.003546 0.009447 -0.002527,0.436232 0.010939 0.261204,0.101465 0.068392 -0.992485,0.104274 0.069756 -0.992099,-0.000002 -0.000003 -0.000000,0.003707,0.159998,0.160000
1.46000,-0.000644 0.003770 -0.000277 0.005016 0.003446 0.009193 -0.002455,0.436245 0.010945 0.261206,0.101541 0.068430 -0.992475,0.104274 0.069756 -0.992099,-0.000002 -0.000003 -0.000000,0.003633,0.159998,0.160000
1.47000,-0.000627 0.003668 -0.000267 0.004881 0.003349 0.008946 -0.002386,0.436256 0.010952 0.261208,0.101615 0.068468 -0.992465,0.104274 0.069756 -0.992099,-0.000002 -0.000003 -0.000000,0.003562,0.159998,0.160000
1.48000,-0.000610 0.003568 -0.000258 0.004750 0.003254 0.008705 -0.002318,0.436268 0.010957 0.261209,0.101686 0.068504 -0.992455,0.104274 0.069756 -0.992099,-0.000002 -0.000003 -0.000000,0.003491,0.159998,0.160000
1.49000,-0.000593 0.003471 -0.000249 0.004623 0.003162 0.008471 -0.002252,0.436279 0.010963 0.261211,0.101756 0.068539 -0.992445,0.104274 0.069756 -0.992099,-0.000002 -0.000003 -0.000000,0.003422,0.159998,0.160000
1.50000,0.001834 -0.051157 0.014210 0.064643 -0.008325 0.101613 0.009514,0.436290 0.010969 0.261212,0.101824 0.068574 -0.992436,0.099974 0.065403 -0.992838,-0.000002 -0.000003 -0.000000,0.003354,0.159998,0.160400
1.51000,0.002626 -0.057325 0.017430 0.057739 -0.019816 0.087725 0.018128,0.436309 0.010984 0.260812,0.101691 0.068498 -0.992455,0.095667 0.061048 -0.993540,-0.000002 -0.000003 -0.000000,0.003359,0.160398,0.160800
1.52000,0.003384 -0.063283 0.020531 0.051052 -0.030993 0.074184 0.026494,0.436310 0.010980 0.260409,0.101445 0.068303 -0.992494,0.091355 0.056692 -0.994203,-0.000002 -0.000003 -0.000000,0.003278,0.160798,0.161200
1.53000,0.004113 -0.069040 0.023514 0.044573 -0.041857 0.060979 0.034614,0.436294 0.010958 0.260003,0.101089 0.067992 -0.992551,0.087037 0.052336 -0.994829,-0.000002 -0.000003 -0.000000,0.003120,0.161198,0.161600
1.54000,0.004818 -0.074603 0.026381 0.038296 -0.052415 0.048102 0.042492,0.436259 0.010917 0.259593,0.100626 0.067569 -0.992627,0.082713 0.047978 -0.995418,-0.000002 -0.000002 -0.000000,0.002892,0.161598,0.162000
1.55000,0.005502 -0.079981 0.029134 0.032215 -0.062669 0.035541 0.050131,0.436207 0.010858 0.259181,0.100058 0.067037 -0.992721,0.078385 0.043619 -0.995968,-0.000002 -0.000002 -0.000000,0.002599,0.161998,0.162400
1.56000,0.006169 -0.085180 0.031776 0.026323 -0.072625 0.023287 0.057534,0.436139 0.010781 0.258766,0.099389 0.066399 -0.992831,0.074052 0.039260 -0.996481,-0.000002 -0.000002 -0.000000,0.002249,0.162398,0.162800
1.57000,0.006822 -0.090209 0.034308 0.020615 -0.082286 0.011332 0.064704,0.436054 0.010688 0.258349,0.098620 0.065657 -0.992957,0.069714 0.034899 -0.996956,-0.000001 -0.000001 -0.000000,0.001850,0.162798,0.163200
1.58000,0.007465 -0.095073 0.036733 0.015083 -0.091658 -0.000334 0.071646,0.435952 0.010577 0.257929,0.097755 0.064816 -0.993098,0.065373 0.030538 -0.997393,-0.000001 -0.000001 -0.000000,0.001412,0.163198,0.163600
1.59000,0.008100 -0.099780 0.039053 0.009724 -0.100744 -0.011718 0.078363,0.435835 0.010450 0.257506,0.096796 0.063876 -0.993252,0.061028 0.026177 -0.997793,-0.000001 -0.000000 -0.000000,0.000958,0.163597,0.164000
1.60000,0.008728 -0.104335 0.041271 0.004530 -0.109550 -0.022830 0.084859,0.435702 0.010306 0.257082,0.095746 0.062841 -0.993420,0.056680 0.021815 -0.998154,-0.000001 0.000000 -0.000000,0.000576,0.163997,0.164400
1.61000,0.009354 -0.108745 0.043388 -0.000502 -0.118081 -0.033677 0.091137,0.435553 0.010146 0.256655,0.094607 0.061714 -0.993600,0.052328 0.017452 -0.998477,-0.000000 0.000001 0.000000,0.000603,0.164397,0.164800
1.62000,0.009978 -0.113015 0.045406 -0.005378 -0.126341 -0.044266 0.097201,0.435389 0.009971 0.256226,0.093382 0.060497 -0.993791,0.047974 0.013089 -0.998763,0.000000 0.000001 0.000000,0.001064,0.164797,0.165200
1.63000,0.010603 -0.117150 0.047329 -0.010103 -0.134335 -0.054605 0.103056,0.435211 0.009780 0.255796,0.092072 0.059193 -0.993991,0.043618 0.008726 -0.999010,0.000001 0.000002 0.000000,0.001657,0.165197,0.165600
1.64000,0.011229 -0.121155 0.049159 -0.014682 -0.142070 -0.064700 0.108706,0.435017 0.009574 0.255364,0.090680 0.057803 -0.994201,0.039260 0.004363 -0.999220,0.000001 0.000002 0.000000,0.002302,0.165597,0.166000
1.65000,0.011859 -0.125036 0.050898 -0.019119 -0.149548 -0.074559 0.114153,0.434810 0.009353 0.254930,0.089208 0.056331 -0.994419,0.034900 -0.000000 -0.999391,0.000002 0.000002 0.000000,0.002981,0.165997,0.166400
1.66000,0.012493 -0.128797 0.052548 -0.023418 -0.156776 -0.084187 0.119404,0.434588 0.009118 0.254495,0.087658 0.054778 -0.994643,0.030539 -0.004364 -0.999524,0.000002 0.000003 0.000000,0.003685,0.166396,0.166800
1.67000,0.013133 -0.132443 0.054112 -0.027584 -0.163759 -0.093591 0.124461,0.434353 0.008868 0.254059,0.086033 0.053147 -0.994874,0.026176 -0.008727 -0.999619,0.000003 0.000003 0.000000,0.004409,0.166796,0.167200
1.68000,0.013780 -0.135977 0.055592 -0.031621 -0.170501 -0.102777 0.129329,0.434104 0.008604 0.253623,0.084333 0.051440 -0.995109,0.021813 -0.013090 -0.999676,0.000003 0.000004 0.000000,0.005151,0.167196,0.167600
1.69000,0.014434 -0.139404 0.056991 -0.035531 -0.177008 -0.111751 0.134012,0.433841 0.008327 0.253185,0.082563 0.049658 -0.995348,0.017450 -0.017453 -0.999695,0.000004 0.000004 0.000001,0.005907,0.167595,0.168000
1.70000,0.015096 -0.142728 0.058310 -0.039320 -0.183284 -0.120517 0.138514,0.433565 0.008036 0.252747,0.080722 0.047805 -0.995590,0.013087 -0.021815 -0.999676,0.000005 0.000005 0.000001,0.006677,0.167995,0.168400
1.71000,0.015767 -0.145952 0.059553 -0.042990 -0.189336 -0.129082 0.142838,0.433277 0.007731 0.252308,0.078813 0.045881 -0.995833,0.008724 -0.026177 -0.999619,0.000005 0.000005 0.000001,0.007458,0.168395,0.168800
1.72000,0.016447 -0.149080 0.060721 -0.046546 -0.195167 -0.137451 0.146990,0.432976 0.007414 0.251869,0.076839 0.043888 -0.996077,0.004362 -0.030539 -0.999524,0.000006 0.000006 0.000001,0.008248,0.168794,0.169200
1.73000,0.017136 -0.152115 0.061816 -0.049989 -0.200783 -0.145627 0.150973,0.432662 0.007083 0.251430,0.074799 0.041830 -0.996321,0.000000 -0.034900 -0.999391,0.000007 0.000006 0.000001,0.009047,0.169194,0.169600
1.74000,0.017835 -0.155060 0.062841 -0.053324 -0.206188 -0.153617 0.154791,0.432336 0.006740 0.250991,0.072698 0.039706 -0.996563,-0.004360 -0.039260 -0.999220,0.000007 0.000006 0.000001,0.009852,0.169593,0.170000
1.75000,0.018543 -0.157919 0.063799 -0.056554 -0.211388 -0.161424 0.158449,0.431999 0.006385 0.250552,0.070535 0.037519 -0.996803,-0.008718 -0.043620 -0.999010,0.000008 0.000007 0.000001,0.010664,0.169992,0.170400
1.76000,0.019261 -0.160694 0.064691 -0.059681 -0.216388 -0.169054 0.161949,0.431649 0.006017 0.250113,0.068313 0.035271 -0.997040,-0.013074 -0.047978 -0.998763,0.000009 0.000007 0.000001,0.011481,0.170392,0.170800
1.77000,0.019990 -0.163388 0.065519 -0.062707 -0.221191 -0.176509 0.165296,0.431288 0.005637 0.249675,0.066034 0.032964 -0.997273,-0.017428 -0.052336 -0.998477,0.000010 0.000007 0.000001,0.012301,0.170791,0.171200
1.78000,0.020728 -0.166004 0.066285 -0.065637 -0.225804 -0.183795 0.168495,0.430915 0.005246 0.249238,0.063698 0.030598 -0.997500,-0.021779 -0.056693 -0.998154,0.000011 0.000008 0.000001,0.013125,0.171191,0.171600
1.79000,0.021475 -0.168544 0.066992 -0.068472 -0.230230 -0.190914 0.171548,0.430531 0.004843 0.248802,0.061308 0.028176 -0.997721,-0.026128 -0.061049 -0.997793,0.000011 0.000008 0.000001,0.013952,0.171590,0.172000
1.80000,0.022232 -0.171011 0.067641 -0.071215 -0.234475 -0.197872 0.174460,0.430136 0.004428 0.248367,0.058864 0.025698 -0.997935,-0.030473 -0.065403 -0.997394,0.000012 0.000008 0.000001,0.014782,0.171989,0.172400
1.81000,0.022999 -0.173407 0.068235 -0.073868 -0.238543 -0.204671 0.177234,0.429731 0.004002 0.247933,0.056370 0.023167 -0.998141,-0.034814 -0.069757 -0.996956,0.000013 0.000009 0.000001,0.015612,0.172388,0.172800
1.82000,0.023774 -0.175734 0.068776 -0.076433 -0.242439 -0.211315 0.179874,0.429314 0.003565 0.247501,0.053825 0.020584 -0.998338,-0.039152 -0.074109 -0.996481,0.000014 0.000009 0.000001,0.016444,0.172787,0.173200
1.83000,0.024558 -0.177994 0.069264 -0.078913 -0.246166 -0.217808 0.182383,0.428887 0.003118 0.247070,0.051231 0.017950 -0.998525,-0.043485 -0.078459 -0.995968,0.000015 0.000009 0.000001,0.017276,0.173186,0.173600
1.84000,0.025350 -0.180189 0.069703 -0.081309 -0.249730 -0.224152 0.184766,0.428450 0.002659 0.246641,0.048590 0.015267 -0.998702,-0.047813 -0.082809 -0.995418,0.000016 0.000009 0.000001,0.018109,0.173586,0.174000
1.85000,0.026150 -0.182321 0.070094 -0.083624 -0.253135 -0.230352 0.187026,0.428003 0.002190 0.246213,0.045903 0.012536 -0.998867,-0.052136 -0.087156 -0.994829,0.000016 0.000009 0.000001,0.018942,0.173985,0.174400
1.86000,0.026861 -0.183758 0.065867 -0.087517 -0.244461 -0.236117 0.180427,0.427546 0.001711 0.245788,0.043172 0.009758 -0.999020,-0.056477 -0.087156 -0.994592,0.000017 0.000009 0.000001,0.019774,0.174384,0.174800
1.87000,0.027535 -0.185136 0.061791 -0.091285 -0.235996 -0.241678 0.174016,0.427079 0.001242 0.245365,0.040397 0.007054 -0.999159,-0.060816 -0.087156 -0.994337,0.000018 0.000009 0.000001,0.020555,0.174783,0.175200
1.88000,0.028175 -0.186459 0.057861 -0.094931 -0.227737 -0.247043 0.167788,0.426602 0.000784 0.244945,0.037580 0.004424 -0.999284,-0.065154 -0.087156 -0.994062,0.000019 0.000010 0.000001,0.021289,0.175182,0.175600
1.89000,0.028782 -0.187728 0.054072 -0.098458 -0.219680 -0.252218 0.161739,0.426116 0.000337 0.244526,0.034722 0.001863 -0.999395,-0.069491 -0.087156 -0.993768,0.000020 0.000010 0.000001,0.021981,0.175581,0.176000
1.90000,0.029354 -0.188945 0.050420 -0.101870 -0.211822 -0.257212 0.155866,0.425621 -0.000101 0.244110,0.031824 -0.000628 -0.999493,-0.073826 -0.087156 -0.993455,0.000021 0.000009 0.000001,0.022635,0.175980,0.176400
1.91000,0.029895 -0.190113 0.046899 -0.105169 -0.204160 -0.262030 0.150164,0.425116 -0.000529 0.243696,0.028888 -0.003052 -0.999578,-0.078160 -0.087156 -0.993124,0.000021 0.000009 0.000001,0.023254,0.176379,0.176800
1.92000,0.030403 -0.191234 0.043505 -0.108359 -0.196690 -0.266679 0.144631,0.424603 -0.000947 0.243285,0.025913 -0.005411 -0.999650,-0.082493 -0.087156 -0.992773,0.000022 0.000009 0.000001,0.023840,0.176778,0.177200
1.93000,0.030880 -0.192309 0.040233 -0.111443 -0.189408 -0.271165 0.139261,0.424080 -0.001356 0.242875,0.022902 -0.007706 -0.999708,-0.086824 -0.087156 -0.992404,0.000023 0.000009 0.000000,0.024398,0.177177,0.177600
1.94000,0.031327 -0.193340 0.037081 -0.114423 -0.182312 -0.275493 0.134053,0.423549 -0.001756 0.242468,0.019855 -0.009939 -0.999753,-0.091153 -0.087156 -0.992016,0.000023 0.000009 0.000000,0.024930,0.177576,0.178000
1.95000,0.031744 -0.194329 0.034043 -0.117302 -0.175397 -0.279671 0.129001,0.423009 -0.002147 0.242063,0.016773 -0.012113 -0.999786,-0.095481 -0.087156 -0.991608,0.000024 0.000009 0.000000,0.025437,0.177975,0.178400
1.96000,0.032132 -0.195278 0.031115 -0.120084 -0.168660 -0.283702 0.124103,0.422461 -0.002529 0.241661,0.013658 -0.014227 -0.999806,-0.099806 -0.087156 -0.991182,0.000024 0.000009 0.000000,0.025922,0.178374,0.178800
1.97000,0.032493 -0.196187 0.028294 -0.122770 -0.162097 -0.287593 0.119354,0.421904 -0.002903 0.241260,0.010509 -0.016284 -0.999812,-0.104130 -0.087156 -0.990737,0.000025 0.000009 0.000000,0.026386,0.178773,0.179200
1.98000,0.031758 -0.191623 0.027325 -0.116992 -0.156995 -0.276962 0.115545,0.421339 -0.003268 0.240862,0.007329 -0.018286 -0.999806,-0.104130 -0.087156 -0.990737,0.000026 0.000008 0.000000,0.026832,0.179172,0.179600
1.99000,0.031020 -0.187166 0.026396 -0.111365 -0.152072 -0.266607 0.111872,0.420786 -0.003625 0.240467,0.004233 -0.020232 -0.999786,-0.104130 -0.087156 -0.990737,0.000026 0.000008 -0.000000,0.027257,0.179572,0.180000
2.00000,0.032896 -0.143552 0.019507 -0.180107 -0.143822 -0.361443 0.104512,0.420246 -0.003973 0.240073,0.001220 -0.022123 -0.999755,-0.104130 -0.087156 -0.990737,0.000026 0.000008 -0.000000,0.027661,0.179971,0.180000
2.01000,0.032359 -0.140122 0.018782 -0.175409 -0.139180 -0.351628 0.101146,0.419732 -0.004307 0.240081,-0.001629 -0.023970 -0.999711,-0.104130 -0.087156 -0.990737,0.000026 0.000007 -0.000000,0.026605,0.179970,0.180000
2.02000,0.031814 -0.136758 0.018085 -0.170827 -0.134700 -0.342076 0.097897,0.419233 -0.004631 0.240091,-0.004402 -0.025765 -0.999658,-0.104130 -0.087156 -0.990737,0.000025 0.000006 -0.000000,0.025628,0.179970,0.180000
2.03000,0.031262 -0.133458 0.017414 -0.166358 -0.130375 -0.332781 0.094761,0.418747 -0.004946 0.240102,-0.007100 -0.027509 -0.999596,-0.104130 -0.087156 -0.990737,0.000024 0.000005 -0.000000,0.024725,0.179970,0.180000
2.04000,0.030706 -0.130223 0.016770 -0.162000 -0.126199 -0.323736 0.091733,0.418273 -0.005252 0.240115,-0.009725 -0.029204 -0.999526,-0.104130 -0.087156 -0.990737,0.000024 0.000004 -0.000000,0.023888,0.179970,0.180000
2.05000,0.030147 -0.127053 0.016150 -0.157750 -0.122167 -0.314935 0.088810,0.417813 -0.005550 0.240129,-0.012280 -0.030852 -0.999449,-0.104130 -0.087156 -0.990737,0.000023 0.000003 -0.000000,0.023112,0.179970,0.180000
2.06000,0.029585 -0.123948 0.015554 -0.153607 -0.118272 -0.306371 0.085987,0.417365 -0.005839 0.240145,-0.014766 -0.032453 -0.999364,-0.104130 -0.087156 -0.990737,0.000022 0.000002 -0.000000,0.022393,0.179969,0.180000
2.07000,0.029023 -0.120906 0.014980 -0.149567 -0.114511 -0.298038 0.083261,0.416929 -0.006119 0.240161,-0.017185 -0.034009 -0.999274,-0.104130 -0.087156 -0.990737,0.000022 0.000001 -0.000000,0.021724,0.179969,0.180000
2.08000,0.028461 -0.117927 0.014429 -0.145630 -0.110878 -0.289930 0.080628,0.416505 -0.006392 0.240178,-0.019539 -0.035521 -0.999178,-0.104130 -0.087156 -0.990737,0.000021 0.000001 -0.000000,0.021101,0.179969,0.180000
2.09000,0.027899 -0.115012 0.013899 -0.141792 -0.107367 -0.282042 0.078084,0.416092 -0.006657 0.240196,-0.021830 -0.036991 -0.999077,-0.104130 -0.087156 -0.990737,0.000021 -0.000000 -0.000000,0.020520,0.179969,0.180000
2.10000,0.027340 -0.112159 0.013388 -0.138051 -0.103975 -0.274367 0.075626,0.415690 -0.006915 0.240215,-0.024059 -0.038418 -0.998972,-0.104130 -0.087156 -0.990737,0.000020 -0.000001 -0.000000,0.019977,0.179969,0.180000
2.11000,0.026784 -0.109367 0.012897 -0.134405 -0.100697 -0.266900 0.073251,0.415299 -0.007165 0.240235,-0.026227 -0.039806 -0.998863,-0.104130 -0.087156 -0.990737,0.000019 -0.000001 -0.000000,0.019468,0.179969,0.180000
2.12000,0.026231 -0.106636 0.012425 -0.130853 -0.097529 -0.259635 0.070955,0.414919 -0.007408 0.240255,-0.028337 -0.041154 -0.998751,-0.104130 -0.087156 -0.990737,0.000019 -0.000002 -0.000000,0.018990,0.179970,0.180000
2.13000,0.025682 -0.103965 0.011971 -0.127392 -0.094467 -0.252567 0.068736,0.414549 -0.007644 0.240275,-0.030390 -0.042464 -0.998636,-0.104130 -0.087156 -0.990737,0.000018 -0.000002 -0.000000,0.018540,0.179970,0.180000
2.14000,0.025138 -0.101353 0.011533 -0.124019 -0.091506 -0.245691 0.066592,0.414189 -0.007874 0.240296,-0.032388 -0.043737 -0.998518,-0.104130 -0.087156 -0.990737,0.000018 -0.000003 -0.000000,0.018115,0.179970,0.180000
2.15000,0.024599 -0.098800 0.011113 -0.120733 -0.088644 -0.239001 0.064518,0.413839 -0.008097 0.240318,-0.034332 -0.044974 -0.998398,-0.104130 -0.087156 -0.990737,0.000017 -0.000003 -0.000000,0.017713,0.179970,0.180000
2.16000,0.024066 -0.096305 0.010708 -0.117532 -0.085877 -0.232494 0.062513,0.413498 -0.008313 0.240339,-0.036223 -0.046175 -0.998276,-0.104130 -0.087156 -0.990737,0.000017 -0.000003 -0.000000,0.017331,0.179970,0.180000
2.17000,0.023538 -0.093866 0.010318 -0.114413 -0.083201 -0.226162 0.060574,0.413166 -0.008524 0.240361,-0.038063 -0.047343 -0.998153,-0.104130 -0.087156 -0.990737,0.000017 -0.000004 -0.000000,0.016967,0.179970,0.180000
2.18000,0.023017 -0.091483 0.009943 -0.111375 -0.080612 -0.220003 0.058699,0.412844 -0.008728 0.240384,-0.039853 -0.048477 -0.998029,-0.104130 -0.087156 -0.990737,0.000016 -0.000004 -0.000000,0.016620,0.179971,0.180000
2.19000,0.022503 -0.089155 0.009582 -0.108416 -0.078109 -0.214012 0.056886,0.412530 -0.008927 0.240406,-0.041595 -0.049579 -0.997904,-0.104130 -0.087156 -0.990737,0.000016 -0.000004 -0.000000,0.016288,0.179971,0.180000
2.20000,0.021996 -0.086881 0.009235 -0.105534 -0.075688 -0.208183 0.055131,0.412224 -0.009120 0.240428,-0.043289 -0.050650 -0.997778,-0.104130 -0.087156 -0.990737,0.000015 -0.000004 -0.000000,0.015969,0.179971,0.180000
2.21000,0.021496 -0.084661 0.008900 -0.102727 -0.073345 -0.202513 0.053434,0.411927 -0.009308 0.240451,-0.044938 -0.051691 -0.997652,-0.104130 -0.087156 -0.990737,0.000015 -0.000005 -0.000000,0.015662,0.179972,0.180000
2.22000,0.021003 -0.082492 0.008578 -0.099993 -0.071079 -0.196997 0.051792,0.411638 -0.009490 0.240473,-0.046542 -0.052702 -0.997525,-0.104130 -0.087156 -0.990737,0.000015 -0.000005 -0.000000,0.015367,0.179972,0.180000
2.23000,0.020519 -0.080375 0.008268 -0.097330 -0.068886 -0.191631 0.050203,0.411357 -0.009667 0.240496,-0.048103 -0.053684 -0.997399,-0.104130 -0.087156 -0.990737,0.000014 -0.000005 -0.000000,0.015081,0.179972,0.180000
2.24000,0.020041 -0.078309 0.007969 -0.094738 -0.066764 -0.186412 0.048666,0.411083 -0.009839 0.240518,-0.049621 -0.054638 -0.997272,-0.104130 -0.087156 -0.990737,0.000014 -0.000005 -0.000000,0.014804,0.179972,0.180000
2.25000,0.019572 -0.076291 0.007682 -0.092213 -0.064711 -0.181334 0.047177,0.410817 -0.010006 0.240540,-0.051099 -0.055565 -0.997147,-0.104130 -0.087156 -0.990737,0.000014 -0.000005 -0.000000,0.014535,0.179973,0.180000
2.26000,0.019111 -0.074322 0.007405 -0.089754 -0.062723 -0.176395 0.045737,0.410558 -0.010168 0.240563,-0.052536 -0.056466 -0.997021,-0.104130 -0.087156 -0.990737,0.000013 -0.000005 -0.000000,0.014274,0.179973,0.180000
2.27000,0.018658 -0.072401 0.007138 -0.087359 -0.060799 -0.171590 0.044343,0.410306 -0.010325 0.240585,-0.053934 -0.057341 -0.996897,-0.104130 -0.087156 -0.990737,0.000013 -0.000006 -0.000000,0.014019,0.179973,0.180000
2.28000,0.018213 -0.070526 0.006882 -0.085028 -0.058937 -0.166917 0.042993,0.410061 -0.010479 0.240607,-0.055295 -0.058191 -0.996773,-0.104130 -0.087156 -0.990737,0.000013 -0.000006 -0.000000,0.013771,0.179974,0.180000
2.29000,0.017776 -0.068697 0.006634 -0.082758 -0.057135 -0.162370 0.041687,0.409822 -0.010627 0.240628,-0.056618 -0.059017 -0.996650,-0.104130 -0.087156 -0.990737,0.000012 -0.000006 -0.000000,0.013529,0.179974,0.180000
2.30000,0.017348 -0.066912 0.006396 -0.080548 -0.055390 -0.157948 0.040422,0.409590 -0.010772 0.240650,-0.057906 -0.059820 -0.996528,-0.104130 -0.087156 -0.990737,0.000012 -0.000006 -0.000000,0.013291,0.179974,0.180000
2.31000,0.016927 -0.065172 0.006167 -0.078396 -0.053700 -0.153646 0.039196,0.409365 -0.010912 0.240671,-0.059159 -0.060599 -0.996408,-0.104130 -0.087156 -0.990737,0.000012 -0.000006 -0.000000,0.013059,0.179975,0.180000
2.32000,0.016515 -0.063474 0.005946 -0.076301 -0.052064 -0.149461 0.038010,0.409145 -0.011049 0.240693,-0.060377 -0.061357 -0.996288,-0.104130 -0.087156 -0.990737,0.000011 -0.000006 -0.000000,0.012832,0.179975,0.180000
2.33000,0.016111 -0.061818 0.005733 -0.074261 -0.050479 -0.145390 0.036861,0.408931 -0.011181 0.240714,-0.061563 -0.062092 -0.996170,-0.104130 -0.087156 -0.990737,0.000011 -0.000006 -0.000000,0.012609,0.179975,0.180000
2.34000,0.015715 -0.060203 0.005528 -0.072275 -0.048945 -0.141431 0.035749,0.408723 -0.011310 0.240734,-0.062717 -0.062807 -0.996053,-0.104130 -0.087156 -0.990737,0.000011 -0.000006 -0.000000,0.012390,0.179976,0.180000
2.35000,0.015327 -0.058628 0.005330 -0.070342 -0.047459 -0.137579 0.034671,0.408521 -0.011435 0.240755,-0.063839 -0.063502 -0.995938,-0.104130 -0.087156 -0.990737,0.000011 -0.000006 -0.000000,0.012174,0.179976,0.180000
2.36000,0.014947 -0.057093 0.005140 -0.068460 -0.046020 -0.133832 0.033627,0.408324 -0.011556 0.240775,-0.064931 -0.064177 -0.995824,-0.104130 -0.087156 -0.990737,0.000010 -0.000006 -0.000000,0.011963,0.179976,0.180000
2.37000,0.014575 -0.055596 0.004956 -0.066628 -0.044626 -0.130188 0.032616,0.408133 -0.011674 0.240795,-0.065993 -0.064832 -0.995712,-0.104130 -0.087156 -0.990737,0.000010 -0.000006 -0.000000,0.011755,0.179977,0.180000
2.38000,0.014211 -0.054137 0.004779 -0.064844 -0.043275 -0.126642 0.031636,0.407947 -0.011789 0.240814,-0.067027 -0.065469 -0.995601,-0.104130 -0.087156 -0.990737,0.000010 -0.000006 -0.000000,0.011550,0.179977,0.180000
2.39000,0.013855 -0.052714 0.004609 -0.063108 -0.041967 -0.123194 0.030687,0.407765 -0.011900 0.240834,-0.068032 -0.066087 -0.995492,-0.104130 -0.087156 -0.990737,0.000010 -0.000006 -0.000000,0.011349,0.179978,0.180000
2.40000,0.013506 -0.051327 0.004445 -0.061417 -0.040700 -0.119839 0.029767,0.407589 -0.012008 0.240853,-0.069011 -0.066688 -0.995384,-0.104130 -0.087156 -0.990737,0.000009 -0.000006 -0.000000,0.011151,0.179978,0.180000
2.41000,0.013165 -0.049976 0.004286 -0.059772 -0.039472 -0.116576 0.028876,0.407418 -0.012113 0.240871,-0.069962 -0.067272 -0.995279,-0.104130 -0.087156 -0.990737,0.000009 -0.000006 -0.000000,0.010956,0.179978,0.180000
2.42000,0.012832 -0.048659 0.004134 -0.058171 -0.038282 -0.113402 0.028012,0.407251 -0.012216 0.240890,-0.070888 -0.067840 -0.995175,-0.104130 -0.087156 -0.990737,0.000009 -0.000006 -0.000000,0.010764,0.179979,0.180000
2.43000,0.012506 -0.047375 0.003987 -0.056612 -0.037129 -0.110315 0.027175,0.407088 -0.012315 0.240908,-0.071789 -0.068391 -0.995072,-0.104130 -0.087156 -0.990737,0.000009 -0.000006 -0.000000,0.010575,0.179979,0.180000
2.44000,0.012188 -0.046124 0.003845 -0.055094 -0.036012 -0.107312 0.026364,0.406930 -0.012411 0.240925,-0.072665 -0.068926 -0.994972,-0.104130 -0.087156 -0.990737,0.000009 -0.000006 -0.000000,0.010388,0.179979,0.180000
2.45000,0.011877 -0.044905 0.003708 -0.053617 -0.034930 -0.104390 0.025578,0.406777 -0.012505 0.240943,-0.073518 -0.069446 -0.994873,-0.104130 -0.087156 -0.990737,0.000008 -0.000006 -0.000000,0.010205,0.179980,0.180000
2.46000,0.011572 -0.043717 0.003577 -0.052180 -0.033881 -0.101548 0.024816,0.406627 -0.012596 0.240960,-0.074347 -0.069951 -0.994776,-0.104130 -0.087156 -0.990737,0.000008 -0.000006 -0.000000,0.010024,0.179980,0.180000
2.47000,0.011275 -0.042559 0.003450 -0.050780 -0.032864 -0.098784 0.024077,0.406482 -0.012684 0.240977,-0.075154 -0.070442 -0.994681,-0.104130 -0.087156 -0.990737,0.000008 -0.000006 -0.000000,0.009846,0.179980,0.180000
2.48000,0.010985 -0.041431 0.003327 -0.049418 -0.031879 -0.096095 0.023361,0.406340 -0.012770 0.240993,-0.075939 -0.070919 -0.994587,-0.104130 -0.087156 -0.990737,0.000008 -0.000006 -0.000000,0.009670,0.179981,0.180000
2.49000,0.010702 -0.040333 0.003209 -0.048092 -0.030924 -0.093480 0.022667,0.406203 -0.012853 0.241010,-0.076703 -0.071382 -0.994495,-0.104130 -0.087156 -0.990737,0.000008 -0.000006 -0.000000,0.009498,0.179981,0.180000
2.50000,0.010425 -0.039262 0.003095 -0.046802 -0.029998 -0.090935 0.021994,0.406069 -0.012934 0.241025,-0.077446 -0.071832 -0.994405,-0.104130 -0.087156 -0.990737,0.000008 -0.000006 -0.000000,0.009327,0.179981,0.180000
2.51000,0.010155 -0.038220 0.002985 -0.045546 -0.029101 -0.088460 0.021342,0.405938 -0.013013 0.241041,-0.078169 -0.072270 -0.994317,-0.104130 -0.087156 -0.990737,0.000007 -0.000005 -0.000000,0.009160,0.179982,0.180000
2.52000,0.009891 -0.037204 0.002880 -0.044324 -0.028231 -0.086053 0.020709,0.405812 -0.013089 0.241056,-0.078873 -0.072694 -0.994231,-0.104130 -0.087156 -0.990737,0.000007 -0.000005 -0.000000,0.008994,0.179982,0.180000
2.53000,0.009633 -0.036214 0.002778 -0.043134 -0.027388 -0.083711 0.020096,0.405688 -0.013163 0.241071,-0.079557 -0.073107 -0.994146,-0.104130 -0.087156 -0.990737,0.000007 -0.000005 -0.000000,0.008832,0.179982,0.180000
2.54000,0.009382 -0.035251 0.002679 -0.041976 -0.026570 -0.081433 0.019501,0.405568 -0.013235 0.241086,-0.080223 -0.073508 -0.994063,-0.104130 -0.087156 -0.990737,0.000007 -0.000005 -0.000000,0.008671,0.179983,0.180000
2.55000,0.009137 -0.034312 0.002584 -0.040849 -0.025777 -0.079217 0.018924,0.405451 -0.013305 0.241100,-0.080870 -0.073897 -0.993981,-0.104130 -0.087156 -0.990737,0.000007 -0.000005 -0.000000,0.008514,0.179983,0.180000
2.56000,0.008898 -0.033398 0.002493 -0.039752 -0.025009 -0.077062 0.018365,0.405338 -0.013373 0.241114,-0.081501 -0.074275 -0.993902,-0.104130 -0.087156 -0.990737,0.000007 -0.000005 -0.000000,0.008358,0.179983,0.180000
2.57000,0.008664 -0.032507 0.002404 -0.038685 -0.024264 -0.074965 0.017823,0.405227 -0.013440 0.241128,-0.082114 -0.074643 -0.993824,-0.104130 -0.087156 -0.990737,0.000006 -0.000005 -0.000000,0.008205,0.179983,0.180000
2.58000,0.008437 -0.031640 0.002319 -0.037646 -0.023541 -0.072926 0.017297,0.405120 -0.013504 0.241141,-0.082710 -0.075000 -0.993747,-0.104130 -0.087156 -0.990737,0.000006 -0.000005 -0.000000,0.008055,0.179984,0.180000
2.59000,0.008215 -0.030796 0.002237 -0.036635 -0.022841 -0.070942 0.016787,0.405015 -0.013566 0.241155,-0.083290 -0.075347 -0.993673,-0.104130 -0.087156 -0.990737,0.000006 -0.000005 -0.000000,0.007906,0.179984,0.180000
2.60000,0.007998 -0.029973 0.002158 -0.035651 -0.022162 -0.069012 0.016292,0.404914 -0.013627 0.241168,-0.083855 -0.075684 -0.993600,-0.104130 -0.087156 -0.990737,0.000006 -0.000005 -0.000000,0.007761,0.179984,0.180000
2.61000,0.007787 -0.029173 0.002081 -0.034693 -0.021503 -0.067134 0.015812,0.404814 -0.013686 0.241180,-0.084404 -0.076011 -0.993528,-0.104130 -0.087156 -0.990737,0.000006 -0.000005 -0.000000,0.007617,0.179985,0.180000
2.62000,0.007581 -0.028393 0.002007 -0.033761 -0.020864 -0.065308 0.015347,0.404718 -0.013743 0.241192,-0.084938 -0.076329 -0.993458,-0.104130 -0.087156 -0.990737,0.000006 -0.000005 -0.000000,0.007476,0.179985,0.180000
2.63000,0.007380 -0.027633 0.001936 -0.032854 -0.020245 -0.063532 0.014895,0.404624 -0.013798 0.241204,-0.085458 -0.076638 -0.993390,-0.104130 -0.087156 -0.990737,0.000006 -0.000005 -0.000000,0.007337,0.179985,0.180000
2.64000,0.007185 -0.026894 0.001868 -0.031971 -0.019644 -0.061804 0.014457,0.404533 -0.013852 0.241216,-0.085964 -0.076938 -0.993323,-0.104130 -0.087156 -0.990737,0.000006 -0.000005 -0.000000,0.007200,0.179985,0.180000
2.65000,0.006994 -0.026174 0.001801 -0.031112 -0.019061 -0.060123 0.014033,0.404445 -0.013905 0.241228,-0.086456 -0.077230 -0.993258,-0.104130 -0.087156 -0.990737,0.000005 -0.000005 -0.000000,0.007066,0.179986,0.180000
2.66000,0.006808 -0.025473 0.001738 -0.030276 -0.018496 -0.058487 0.013621,0.404358 -0.013956 0.241239,-0.086935 -0.077513 -0.993194,-0.104130 -0.087156 -0.990737,0.000005 -0.000004 -0.000000,0.006933,0.179986,0.180000
2.67000,0.006627 -0.024790 0.001676 -0.029462 -0.017948 -0.056897 0.013221,0.404274 -0.014005 0.241250,-0.087400 -0.077788 -0.993132,-0.104130 -0.087156 -0.990737,0.000005 -0.000004 -0.000000,0.006803,0.179986,0.180000
2.68000,0.006450 -0.024126 0.001617 -0.028670 -0.017417 -0.055349 0.012833,0.404193 -0.014053 0.241261,-0.087853 -0.078055 -0.993071,-0.104130 -0.087156 -0.990737,0.000005 -0.000004 -0.000000,0.006675,0.179986,0.180000
2.69000,0.006278 -0.023479 0.001559 -0.027899 -0.016901 -0.053844 0.012457,0.404113 -0.014100 0.241271,-0.088294 -0.078315 -0.993011,-0.104130 -0.087156 -0.990737,0.000005 -0.000004 -0.000000,0.006549,0.179987,0.180000
2.70000,0.006110 -0.022849 0.001504 -0.027149 -0.016401 -0.052380 0.012092,0.404036 -0.014145 0.241281,-0.088723 -0.078567 -0.992953,-0.104130 -0.087156 -0.990737,0.000005 -0.000004 -0.000000,0.006426,0.179987,0.180000
2.71000,0.005947 -0.022236 0.001450 -0.026419 -0.015916 -0.050956 0.011737,0.403961 -0.014189 0.241291,-0.089140 -0.078812 -0.992896,-0.104130 -0.087156 -0.990737,0.000005 -0.000004 -0.000000,0.006304,0.179987,0.180000
2.72000,0.005788 -0.021639 0.001399 -0.025709 -0.015445 -0.049570 0.011394,0.403887 -0.014232 0.241301,-0.089546 -0.079051 -0.992841,-0.104130 -0.087156 -0.990737,0.000005 -0.000004 -0.000000,0.006185,0.179987,0.180000
2.73000,0.005633 -0.021058 0.001349 -0.025018 -0.014988 -0.048223 0.011060,0.403816 -0.014274 0.241311,-0.089941 -0.079282 -0.992786,-0.104130 -0.087156 -0.990737,0.000005 -0.000004 -0.000000,0.006067,0.179988,0.180000
2.74000,0.005482 -0.020492 0.001301 -0.024345 -0.014546 -0.046911 0.010737,0.403747 -0.014314 0.241320,-0.090325 -0.079506 -0.992734,-0.104130 -0.087156 -0.990737,0.000004 -0.000004 -0.000000,0.005952,0.179988,0.180000
2.75000,0.005335 -0.019942 0.001255 -0.023690 -0.014116 -0.045636 0.010423,0.403680 -0.014353 0.241329,-0.090699 -0.079725 -0.992682,-0.104130 -0.087156 -0.990737,0.000004 -0.000004 -0.000000,0.005838,0.179988,0.180000
2.76000,0.005191 -0.019406 0.001210 -0.023053 -0.013699 -0.044395 0.010118,0.403614 -0.014392 0.241338,-0.091063 -0.079937 -0.992632,-0.104130 -0.087156 -0.990737,0.000004 -0.000004 -0.000000,0.005727,0.179988,0.180000
2.77000,0.005052 -0.018884 0.001167 -0.022433 -0.013295 -0.043188 0.009822,0.403550 -0.014429 0.241346,-0.091417 -0.080143 -0.992583,-0.104130 -0.087156 -0.990737,0.000004 -0.000004 -0.000000,0.005617,0.179989,0.180000
2.78000,0.004916 -0.018376 0.001126 -0.021830 -0.012903 -0.042014 0.009535,0.403488 -0.014465 0.241355,-0.091761 -0.080343 -0.992535,-0.104130 -0.087156 -0.990737,0.000004 -0.000004 -0.000000,0.005510,0.179989,0.180000
2.79000,0.004783 -0.017881 0.001085 -0.021243 -0.012522 -0.040872 0.009257,0.403428 -0.014499 0.241363,-0.092096 -0.080537 -0.992488,-0.104130 -0.087156 -0.990737,0.000004 -0.000004 -0.000000,0.005404,0.179989,0.180000
2.80000,0.004654 -0.017400 0.001047 -0.020672 -0.012153 -0.039761 0.008987,0.403369 -0.014533 0.241371,-0.092422 -0.080726 -0.992442,-0.104130 -0.087156 -0.990737,0.000004 -0.000004 -0.000000,0.005300,0.179989,0.180000
2.81000,0.004529 -0.016932 0.001009 -0.020116 -0.011795 -0.038681 0.008725,0.403312 -0.014566 0.241379,-0.092739 -0.080910 -0.992398,-0.104130 -0.087156 -0.990737,0.000004 -0.000003 -0.000000,0.005198,0.179989,0.180000
2.82000,0.004406 -0.016476 0.000973 -0.019574 -0.011447 -0.037629 0.008470,0.403256 -0.014598 0.241386,-0.093047 -0.081088 -0.992354,-0.104130 -0.087156 -0.990737,0.000004 -0.000003 -0.000000,0.005098,0.179990,0.180000
2.83000,0.004287 -0.016032 0.000938 -0.019048 -0.011110 -0.036606 0.008223,0.403202 -0.014630 0.241394,-0.093347 -0.081261 -0.992312,-0.104130 -0.087156 -0.990737,0.000004 -0.000003 -0.000000,0.005000,0.179990,0.180000
2.84000,0.004171 -0.015600 0.000905 -0.018535 -0.010782 -0.035612 0.007983,0.403149 -0.014660 0.241401,-0.093639 -0.081429 -0.992271,-0.104130 -0.087156 -0.990737,0.000004 -0.000003 -0.000000,0.004903,0.179990,0.180000
2.85000,0.004058 -0.015180 0.000872 -0.018037 -0.010465 -0.034644 0.007751,0.403098 -0.014689 0.241408,-0.093923 -0.081593 -0.992230,-0.104130 -0.087156 -0.990737,0.000004 -0.000003 -0.000000,0.004808,0.179990,0.180000
2.86000,0.003948 -0.014771 0.000841 -0.017552 -0.010157 -0.033702 0.007525,0.403048 -0.014718 0.241415,-0.094200 -0.081752 -0.992191,-0.104130 -0.087156 -0.990737,0.000003 -0.000003 -0.000000,0.004715,0.179990,0.180000
2.87000,0.003841 -0.014372 0.000811 -0.017079 -0.009858 -0.032786 0.007306,0.403000 -0.014745 0.241422,-0.094469 -0.081906 -0.992153,-0.104130 -0.087156 -0.990737,0.000003 -0.000003 -0.000000,0.004624,0.179991,0.180000
2.88000,0.003737 -0.013985 0.000782 -0.016620 -0.009568 -0.031895 0.007093,0.402953 -0.014772 0.241428,-0.094730 -0.082056 -0.992115,-0.104130 -0.087156 -0.990737,0.000003 -0.000003 -0.000000,0.004534,0.179991,0.180000
2.89000,0.003636 -0.013608 0.000754 -0.016173 -0.009286 -0.031029 0.006887,0.402907 -0.014798 0.241435,-0.094985 -0.082201 -0.992079,-0.104130 -0.087156 -0.990737,0.000003 -0.000003 -0.000000,0.004446,0.179991,0.180000
2.90000,0.003537 -0.013241 0.000727 -0.015737 -0.009013 -0.030186 0.006686,0.402862 -0.014824 0.241441,-0.095232 -0.082343 -0.992044,-0.104130 -0.087156 -0.990737,0.000003 -0.000003 -0.000000,0.004360,0.179991,0.180000
2.91000,0.003441 -0.012883 0.000700 -0.015314 -0.008748 -0.029365 0.006492,0.402819 -0.014849 0.241447,-0.095473 -0.082480 -0.992009,-0.104130 -0.087156 -0.990737,0.000003 -0.000003 -0.000000,0.004275,0.179991,0.180000
2.92000,0.003348 -0.012536 0.000675 -0.014902 -0.008491 -0.028567 0.006303,0.402777 -0.014873 0.241453,-0.095707 -0.082613 -0.991975,-0.104130 -0.087156 -0.990737,0.000003 -0.000003 -0.000000,0.004191,0.179991,0.180000
2.93000,0.003257 -0.012197 0.000651 -0.014501 -0.008242 -0.027791 0.006120,0.402735 -0.014896 0.241459,-0.095935 -0.082743 -0.991943,-0.104130 -0.087156 -0.990737,0.000003 -0.000003 -0.000000,0.004110,0.179992,0.180000
2.94000,0.003168 -0.011868 0.000627 -0.014111 -0.007999 -0.027036 0.005942,0.402695 -0.014918 0.241464,-0.096157 -0.082869 -0.991911,-0.104130 -0.087156 -0.990737,0.000003 -0.000003 -0.000000,0.004029,0.179992,0.180000
2.95000,0.003082 -0.011547 0.000605 -0.013731 -0.007764 -0.026302 0.005769,0.402656 -0.014940 0.241470,-0.096373 -0.082991 -0.991879,-0.104130 -0.087156 -0.990737,0.000003 -0.000003 -0.000000,0.003951,0.179992,0.180000
2.96000,0.002998 -0.011236 0.000583 -0.013361 -0.007536 -0.025587 0.005602,0.402619 -0.014962 0.241475,-0.096583 -0.083110 -0.991849,-0.104130 -0.087156 -0.990737,0.000003 -0.000003 -0.000000,0.003873,0.179992,0.180000
2.97000,0.002916 -0.010932 0.000562 -0.013002 -0.007315 -0.024892 0.005439,0.402582 -0.014983 0.241480,-0.096787 -0.083226 -0.991819,-0.104130 -0.087156 -0.990737,0.000003 -0.000003 -0.000000,0.003798,0.179992,0.180000
2.98000,0.002837 -0.010637 0.000541 -0.012652 -0.007100 -0.024216 0.005281,0.402546 -0.015003 0.241485,-0.096986 -0.083338 -0.991791,-0.104130 -0.087156 -0.990737,0.000003 -0.000003 -0.000000,0.003723,0.179992,0.180000
2.99000,0.002759 -0.010349 0.000522 -0.012311 -0.006892 -0.023558 0.005128,0.402511 -0.015022 0.241490,-0.097180 -0.083447 -0.991762,-0.104130 -0.087156 -0.990737,0.000003 -0.000003 -0.000000,0.003650,0.179993,0.180000
3.00000,0.006566 0.022043 -0.005464 -0.088568 0.005811 -0.108077 -0.003779,0.402477 -0.015041 0.241495,-0.097368 -0.083553 -0.991735,-0.099844 -0.082809 -0.991551,0.000003 -0.000002 -0.000000,0.003579,0.179993,0.179600
3.01000,0.004244 0.028735 -0.007471 -0.081743 0.015307 -0.092924 -0.010284,0.402519 -0.015005 0.241891,-0.097350 -0.083537 -0.991738,-0.095550 -0.078459 -0.992328,0.000002 -0.000002 -0.000000,0.003376,0.179593,0.179200
3.02000,0.001969 0.035295 -0.009434 -0.075066 0.024524 -0.078193 -0.016610,0.402582 -0.014947 0.242283,-0.097216 -0.083398 -0.991763,-0.091250 -0.074109 -0.993067,0.000002 -0.000002 -0.000000,0.003173,0.179193,0.178800
3.03000,-0.000256 0.041721 -0.011355 -0.068532 0.033476 -0.063877 -0.022764,0.402665 -0.014867 0.242672,-0.096969 -0.083139 -0.991809,-0.086943 -0.069757 -0.993768,0.000002 -0.000002 -0.000000,0.002968,0.178793,0.178400
3.04000,-0.002431 0.048015 -0.013239 -0.062141 0.042174 -0.049964 -0.028755,0.402767 -0.014767 0.243057,-0.096613 -0.082765 -0.991875,-0.082631 -0.065403 -0.994432,0.000002 -0.000002 -0.000000,0.002761,0.178393,0.178000
3.05000,-0.004555 0.054177 -0.015086 -0.055889 0.050628 -0.036447 -0.034590,0.402888 -0.014647 0.243438,-0.096149 -0.082279 -0.991960,-0.078312 -0.061049 -0.995058,0.000002 -0.000002 -0.000000,0.002563,0.177993,0.177600
3.06000,-0.006626 0.060208 -0.016900 -0.049773 0.058849 -0.023314 -0.040277,0.403027 -0.014508 0.243817,-0.095581 -0.081683 -0.992065,-0.073989 -0.056693 -0.995646,0.000002 -0.000001 -0.000000,0.002388,0.177592,0.177200
3.07000,-0.008645 0.066109 -0.018681 -0.043792 0.066848 -0.010558 -0.045822,0.403184 -0.014350 0.244192,-0.094911 -0.080981 -0.992186,-0.069661 -0.052336 -0.996197,0.000002 -0.000001 -0.000000,0.002258,0.177192,0.176800
3.08000,-0.010610 0.071881 -0.020433 -0.037942 0.074634 0.001831 -0.051233,0.403358 -0.014175 0.244564,-0.094142 -0.080176 -0.992325,-0.065327 -0.047978 -0.996710,0.000002 -0.000001 -0.000000,0.002202,0.176792,0.176400
3.09000,-0.012522 0.077526 -0.022158 -0.032221 0.082216 0.013862 -0.056515,0.403549 -0.013983 0.244934,-0.093278 -0.079271 -0.992479,-0.060990 -0.043620 -0.997185,0.000002 -0.000000 -0.000000,0.002244,0.176392,0.176000
3.10000,-0.014380 0.083044 -0.023856 -0.026626 0.089603 0.025543 -0.061673,0.403755 -0.013775 0.245301,-0.092319 -0.078269 -0.992649,-0.056649 -0.039260 -0.997622,0.000002 -0.000000 -0.000000,0.002398,0.175992,0.175600
3.11000,-0.016183 0.088436 -0.025530 -0.021156 0.096803 0.036883 -0.066715,0.403976 -0.013550 0.245666,-0.091269 -0.077172 -0.992831,-0.052304 -0.034900 -0.998021,0.000003 0.000000 -0.000000,0.002662,0.175592,0.175200
3.12000,-0.017932 0.093706 -0.027182 -0.015806 0.103824 0.047890 -0.071645,0.404213 -0.013311 0.246029,-0.090131 -0.075983 -0.993027,-0.047955 -0.030539 -0.998383,0.000003 0.000001 -0.000000,0.003020,0.175192,0.174800
3.13000,-0.019628 0.098853 -0.028813 -0.010576 0.110674 0.058573 -0.076467,0.404463 -0.013057 0.246391,-0.088906 -0.074706 -0.993235,-0.043604 -0.026177 -0.998706,0.000003 0.000001 -0.000000,0.003457,0.174792,0.174400
3.14000,-0.021269 0.103879 -0.030425 -0.005462 0.117360 0.068938 -0.081188,0.404727 -0.012788 0.246750,-0.087597 -0.073342 -0.993452,-0.039250 -0.021815 -0.998991,0.000004 0.000002 -0.000000,0.003955,0.174391,0.174000
3.15000,-0.022856 0.108787 -0.032018 -0.000463 0.123888 0.078994 -0.085811,0.405005 -0.012507 0.247108,-0.086205 -0.071893 -0.993680,-0.034894 -0.017453 -0.999239,0.000004 0.000002 -0.000000,0.004503,0.173991,0.173600
3.16000,-0.023360 0.107429 -0.035247 -0.004217 0.131845 0.074768 -0.090974,0.405295 -0.012212 0.247465,-0.084734 -0.070363 -0.993916,-0.034896 -0.013090 -0.999305,0.000004 0.000003 -0.000001,0.005091,0.173591,0.173200
3.17000,-0.023845 0.106095 -0.038424 -0.007874 0.139580 0.070620 -0.096015,0.405578 -0.011905 0.247822,-0.083302 -0.068754 -0.994150,-0.034898 -0.008727 -0.999353,0.000005 0.000003 -0.000001,0.005695,0.173191,0.172800
3.18000,-0.024311 0.104783 -0.041550 -0.011437 0.147097 0.066546 -0.100935,0.405852 -0.011585 0.248180,-0.081908 -0.067068 -0.994381,-0.034899 -0.004364 -0.999381,0.000005 0.000004 -0.000001,0.006318,0.172790,0.172400
3.19000,-0.024761 0.103493 -0.044628 -0.014908 0.154404 0.062543 -0.105738,0.406119 -0.011254 0.248539,-0.080551 -0.065307 -0.994609,-0.034899 -0.000000 -0.999391,0.000006 0.000004 -0.000001,0.006960,0.172390,0.172000
3.20000,-0.025193 0.102222 -0.047658 -0.018290 0.161504 0.058608 -0.110424,0.406379 -0.010912 0.248898,-0.079230 -0.063474 -0.994833,-0.034899 0.004363 -0.999381,0.000006 0.000005 -0.000001,0.007622,0.171990,0.171600
3.21000,-0.025611 0.100970 -0.050641 -0.021585 0.168402 0.054739 -0.114997,0.406632 -0.010560 0.249258,-0.077944 -0.061570 -0.995055,-0.034898 0.008726 -0.999353,0.000006 0.000005 -0.000001,0.008307,0.171589,0.171200
3.22000,-0.026013 0.099736 -0.053579 -0.024795 0.175104 0.050934 -0.119459,0.406878 -0.010197 0.249620,-0.076692 -0.059598 -0.995272,-0.034896 0.013089 -0.999305,0.000007 0.000006 -0.000001,0.009015,0.171189,0.170800
3.23000,-0.026403 0.098519 -0.056473 -0.027922 0.181615 0.047190 -0.123812,0.407117 -0.009824 0.249982,-0.075473 -0.057559 -0.995485,-0.034894 0.017452 -0.999239,0.000007 0.000007 -0.000001,0.009746,0.170788,0.170400
3.24000,-0.026780 0.097318 -0.059325 -0.030969 0.187940 0.043504 -0.128057,0.407350 -0.009442 0.250345,-0.074286 -0.055456 -0.995694,-0.034891 0.021815 -0.999153,0.000007 0.000007 -0.000001,0.010501,0.170388,0.170000
3.25000,-0.027145 0.096133 -0.062134 -0.033938 0.194082 0.039876 -0.132198,0.407576 -0.009050 0.250709,-0.073131 -0.053289 -0.995898,-0.034887 0.026177 -0.999048,0.000008 0.000008 -0.000001,0.011282,0.169988,0.169600
3.26000,-0.027498 0.094961 -0.064903 -0.036830 0.200047 0.036302 -0.136236,0.407797 -0.008651 0.251074,-0.072006 -0.051061 -0.996096,-0.034883 0.030538 -0.998925,0.000008 0.000009 -0.000001,0.012087,0.169587,0.169200
3.27000,-0.027842 0.093804 -0.067632 -0.039648 0.205839 0.032782 -0.140174,0.408011 -0.008242 0.251440,-0.070911 -0.048774 -0.996289,-0.034878 0.034899 -0.998782,0.000009 0.000010 -0.000001,0.012917,0.169187,0.168800
3.28000,-0.028176 0.092659 -0.070322 -0.042393 0.211463 0.029313 -0.144013,0.408220 -0.007826 0.251807,-0.069844 -0.046429 -0.996477,-0.034872 0.039260 -0.998620,0.000009 0.000010 -0.000001,0.013773,0.168786,0.168400
3.29000,-0.028500 0.091527 -0.072974 -0.045068 0.216922 0.025893 -0.147755,0.408423 -0.007402 0.252176,-0.068806 -0.044028 -0.996658,-0.034866 0.043619 -0.998440,0.000009 0.000011 -0.000001,0.014653,0.168386,0.168000
3.30000,-0.028817 0.090406 -0.075590 -0.047674 0.222222 0.022521 -0.151403,0.408621 -0.006971 0.252546,-0.067795 -0.041572 -0.996833,-0.034859 0.047978 -0.998240,0.000010 0.000012 -0.000001,0.015559,0.167985,0.167600
3.31000,-0.029125 0.089296 -0.078169 -0.050213 0.227365 0.019195 -0.154958,0.408814 -0.006533 0.252917,-0.066810 -0.039063 -0.997001,-0.034851 0.052336 -0.998021,0.000010 0.000013 -0.000001,0.016489,0.167585,0.167200
3.32000,-0.029426 0.088196 -0.080714 -0.052687 0.232357 0.015915 -0.158423,0.409001 -0.006089 0.253289,-0.065851 -0.036503 -0.997162,-0.034843 0.056692 -0.997784,0.000010 0.000014 -0.000001,0.017444,0.167184,0.166800
3.33000,-0.029721 0.087107 -0.083224 -0.055097 0.237200 0.012677 -0.161799,0.409184 -0.005638 0.253663,-0.064917 -0.033893 -0.997315,-0.034834 0.061048 -0.997527,0.000011 0.000015 -0.000001,0.018422,0.166783,0.166400
3.34000,-0.030009 0.086026 -0.085700 -0.057444 0.241899 0.009482 -0.165089,0.409361 -0.005181 0.254039,-0.064007 -0.031234 -0.997461,-0.034824 0.065403 -0.997251,0.000011 0.000016 -0.000001,0.019424,0.166383,0.166000
3.35000,-0.030291 0.084954 -0.088144 -0.059732 0.246458 0.006328 -0.168293,0.409534 -0.004718 0.254415,-0.063121 -0.028527 -0.997598,-0.034814 0.069756 -0.996956,0.000011 0.000017 -0.000001,0.020449,0.165982,0.165600
3.36000,-0.030569 0.083890 -0.090556 -0.061960 0.250880 0.003214 -0.171414,0.409703 -0.004250 0.254794,-0.062258 -0.025775 -0.997727,-0.034803 0.074108 -0.996643,0.000012 0.000018 -0.000001,0.021496,0.165581,0.165200
3.37000,-0.032698 0.069723 -0.089389 -0.023894 0.254972 0.049389 -0.173677,0.409867 -0.003776 0.255174,-0.061417 -0.022978 -0.997848,-0.034792 0.078459 -0.996310,0.000012 0.000019 -0.000001,0.022565,0.165181,0.165000
3.38000,-0.034737 0.055015 -0.087778 0.015789 0.259085 0.097679 -0.175843,0.410008 -0.003302 0.255359,-0.060639 -0.020135 -0.997957,-0.034779 0.082808 -0.995958,0.000012 0.000019 -0.000001,0.023038,0.164977,0.165000
3.39000,-0.034791 0.053939 -0.089703 0.013744 0.263317 0.094975 -0.178725,0.410127 -0.002826 0.255344,-0.059924 -0.017247 -0.998054,-0.034766 0.087155 -0.995588,0.000013 0.000019 -0.000001,0.022823,0.164976,0.165000
3.40000,-0.034837 0.052875 -0.091591 0.011750 0.267434 0.092294 -0.181534,0.410242 -0.002344 0.255330,-0.059227 -0.014319 -0.998142,-0.034753 0.091501 -0.995198,0.000013 0.000019 -0.000001,0.022645,0.164976,0.165000
3.41000,-0.034875 0.051820 -0.093442 0.009804 0.271441 0.089637 -0.184272,0.410354 -0.001854 0.255317,-0.058548 -0.011351 -0.998220,-0.034738 0.095845 -0.994790,0.000013 0.000018 -0.000001,0.022501,0.164976,0.165000
3.42000,-0.034907 0.050777 -0.095258 0.007907 0.275339 0.087003 -0.186941,0.410464 -0.001359 0.255306,-0.057886 -0.008344 -0.998288,-0.034724 0.100188 -0.994362,0.000013 0.000018 -0.000001,0.022392,0.164975,0.165000
3.43000,-0.034933 0.049743 -0.097039 0.006055 0.279131 0.084391 -0.189543,0.410570 -0.000857 0.255297,-0.057241 -0.005300 -0.998346,-0.034708 0.104528 -0.993916,0.000014 0.000018 -0.000001,0.022317,0.164975,0.165000
3.44000,-0.034953 0.048718 -0.098787 0.004248 0.282820 0.081801 -0.192078,0.410674 -0.000349 0.255290,-0.056612 -0.002219 -0.998394,-0.034692 0.108867 -0.993451,0.000014 0.000017 -0.000001,0.022275,0.164975,0.165000
3.45000,-0.034967 0.047703 -0.100502 0.002486 0.286408 0.079231 -0.194549,0.410776 0.000165 0.255284,-0.055998 0.000897 -0.998430,-0.034675 0.113203 -0.992967,0.000014 0.000017 -0.000001,0.022265,0.164974,0.165000
3.46000,-0.034977 0.046696 -0.102185 0.000766 0.289899 0.076682 -0.196957,0.410875 0.000685 0.255280,-0.055400 0.004047 -0.998456,-0.034657 0.117537 -0.992464,0.000014 0.000017 -0.000001,0.022285,0.164974,0.165000
3.47000,-0.034983 0.045698 -0.103837 -0.000912 0.293294 0.074152 -0.199303,0.410971 0.001210 0.255278,-0.054817 0.007231 -0.998470,-0.034639 0.121869 -0.991942,0.000015 0.000017 -0.000001,0.022336,0.164973,0.165000
3.48000,-0.034984 0.044709 -0.105458 -0.002549 0.296595 0.071642 -0.201589,0.411066 0.001740 0.255278,-0.054248 0.010447 -0.998473,-0.034620 0.126199 -0.991401,0.000015 0.000017 -0.000001,0.022415,0.164973,0.165000
3.49000,-0.034982 0.043728 -0.107050 -0.004147 0.299805 0.069151 -0.203815,0.411157 0.002276 0.255280,-0.053694 0.013694 -0.998464,-0.034601 0.130526 -0.990841,0.000015 0.000016 -0.000001,0.022523,0.164973,0.165000
3.50000,-0.034976 0.042754 -0.108613 -0.005706 0.302927 0.066677 -0.205984,0.411247 0.002816 0.255284,-0.053153 0.016972 -0.998442,-0.034580 0.134851 -0.990262,0.000016 0.000016 -0.000001,0.022657,0.164972,0.165000
3.51000,-0.034967 0.041788 -0.110148 -0.007228 0.305962 0.064222 -0.208097,0.411334 0.003362 0.255290,-0.052625 0.020280 -0.998408,-0.034560 0.139173 -0.989665,0.000016 0.000016 -0.000001,0.022817,0.164972,0.165000
3.52000,-0.034956 0.040830 -0.111656 -0.008713 0.308913 0.061784 -0.210154,0.411420 0.003912 0.255298,-0.052110 0.023616 -0.998362,-0.034538 0.143492 -0.989049,0.000016 0.000016 -0.000000,0.023001,0.164971,0.165000
3.53000,-0.034943 0.039879 -0.113137 -0.010162 0.311782 0.059363 -0.212158,0.411503 0.004467 0.255309,-0.051608 0.026980 -0.998303,-0.034516 0.147809 -0.988413,0.000017 0.000016 -0.000000,0.023209,0.164971,0.165000
3.54000,-0.034927 0.038934 -0.114591 -0.011576 0.314571 0.056959 -0.214109,0.411584 0.005026 0.255321,-0.051118 0.030371 -0.998231,-0.034493 0.152123 -0.987759,0.000017 0.000016 -0.000000,0.023440,0.164971,0.165000
3.55000,-0.034910 0.037997 -0.116021 -0.012957 0.317281 0.054571 -0.216008,0.411663 0.005590 0.255335,-0.050639 0.033788 -0.998145,-0.034469 0.156434 -0.987087,0.000017 0.000016 -0.000000,0.023692,0.164970,0.165000
3.56000,-0.033810 0.036549 -0.113081 -0.012723 0.308641 0.052116 -0.210183,0.411741 0.006158 0.255352,-0.050172 0.037231 -0.998046,-0.034469 0.156434 -0.987087,0.000018 0.000016 -0.000000,0.023964,0.164970,0.165000
3.57000,-0.032749 0.035162 -0.110206 -0.012489 0.300227 0.049775 -0.204506,0.411816 0.006710 0.255370,-0.049718 0.040577 -0.997939,-0.034469 0.156434 -0.987087,0.000018 0.000016 -0.000000,0.024197,0.164969,0.165000
3.58000,-0.031725 0.033832 -0.107396 -0.012257 0.292031 0.047545 -0.198974,0.411889 0.007247 0.255390,-0.049277 0.043830 -0.997823,-0.034469 0.156434 -0.987087,0.000018 0.000016 -0.000000,0.024391,0.164969,0.165000
3.59000,-0.030737 0.032556 -0.104650 -0.012026 0.284051 0.045419 -0.193585,0.411960 0.007768 0.255410,-0.048847 0.046992 -0.997700,-0.034469 0.156434 -0.987087,0.000019 0.000016 -0.000000,0.024549,0.164969,0.165000
3.60000,-0.029782 0.031333 -0.101966 -0.011797 0.276281 0.043392 -0.188334,0.412029 0.008275 0.255432,-0.048430 0.050064 -0.997571,-0.034469 0.156434 -0.987087,0.000019 0.000016 -0.000000,0.024673,0.164969,0.165000
3.61000,-0.028860 0.030161 -0.099343 -0.011569 0.268715 0.041460 -0.183220,0.412096 0.008768 0.255454,-0.048024 0.053051 -0.997436,-0.034469 0.156434 -0.987087,0.000019 0.000016 -0.000000,0.024765,0.164968,0.165000
3.62000,-0.027969 0.029035 -0.096782 -0.011344 0.261349 0.039619 -0.178238,0.412162 0.009246 0.255478,-0.047630 0.055954 -0.997297,-0.034469 0.156434 -0.987087,0.000019 0.000016 -0.000000,0.024826,0.164968,0.165000
3.63000,-0.027108 0.027956 -0.094280 -0.011120 0.254179 0.037862 -0.173387,0.412225 0.009712 0.255501,-0.047246 0.058775 -0.997153,-0.034469 0.156434 -0.987087,0.000019 0.000016 0.000000,0.024858,0.164968,0.165000
3.64000,-0.026276 0.026920 -0.091836 -0.010899 0.247199 0.036188 -0.168662,0.412287 0.010164 0.255526,-0.046874 0.061517 -0.997005,-0.034469 0.156434 -0.987087,0.000019 0.000016 0.000000,0.024864,0.164968,0.165000
3.65000,-0.025472 0.025926 -0.089451 -0.010680 0.240406 0.034591 -0.164062,0.412346 0.010604 0.255551,-0.046512 0.064182 -0.996854,-0.034469 0.156434 -0.987087,0.000019 0.000016 0.000000,0.024845,0.164968,0.165000
3.66000,-0.024695 0.024972 -0.087122 -0.010464 0.233794 0.033068 -0.159582,0.412404 0.011031 0.255576,-0.046160 0.066772 -0.996700,-0.034469 0.156434 -0.987087,0.000019 0.000016 0.000000,0.024802,0.164968,0.165000
3.67000,-0.023943 0.024056 -0.084849 -0.010250 0.227359 0.031616 -0.155221,0.412461 0.011446 0.255602,-0.045818 0.069290 -0.996544,-0.034469 0.156434 -0.987087,0.000019 0.000015 0.000000,0.024737,0.164968,0.165000
3.68000,-0.023216 0.023176 -0.082630 -0.010039 0.221097 0.030230 -0.150975,0.412516 0.011850 0.255628,-0.045485 0.071736 -0.996386,-0.034469 0.156434 -0.987087,0.000019 0.000015 0.000000,0.024652,0.164969,0.165000
3.69000,-0.022513 0.022332 -0.080465 -0.009831 0.215003 0.028908 -0.146841,0.412569 0.012242 0.255654,-0.045162 0.074114 -0.996227,-0.034469 0.156434 -0.987087,0.000019 0.000015 0.000000,0.024547,0.164969,0.165000
3.70000,-0.021833 0.021521 -0.078353 -0.009625 0.209073 0.027647 -0.142818,0.412621 0.012623 0.255680,-0.044849 0.076425 -0.996066,-0.034469 0.156434 -0.987087,0.000019 0.000015 0.000000,0.024425,0.164969,0.165000
3.71000,-0.021175 0.020742 -0.076292 -0.009423 0.203304 0.026444 -0.138901,0.412671 0.012993 0.255707,-0.044544 0.078671 -0.995905,-0.034469 0.156434 -0.987087,0.000019 0.000015 0.000000,0.024287,0.164969,0.165000
3.72000,-0.020538 0.019993 -0.074281 -0.009223 0.197690 0.025296 -0.135090,0.412720 0.013353 0.255733,-0.044248 0.080854 -0.995743,-0.034469 0.156434 -0.987087,0.000019 0.000015 0.000000,0.024134,0.164969,0.165000
3.73000,-0.019922 0.019274 -0.072321 -0.009027 0.192229 0.024200 -0.131380,0.412767 0.013703 0.255760,-0.043960 0.082976 -0.995582,-0.034469 0.156434 -0.987087,0.000019 0.000015 0.000000,0.023966,0.164969,0.165000
3.74000,-0.019325 0.018583 -0.070409 -0.008833 0.186915 0.023154 -0.127769,0.412813 0.014043 0.255786,-0.043680 0.085038 -0.995420,-0.034469 0.156434 -0.987087,0.000019 0.000015 0.000000,0.023786,0.164970,0.165000
3.75000,-0.018748 0.017919 -0.068544 -0.008643 0.181746 0.022156 -0.124256,0.412858 0.014374 0.255813,-0.043409 0.087042 -0.995258,-0.034469 0.156434 -0.987087,0.000019 0.000014 0.000000,0.023594,0.164970,0.165000
3.76000,-0.018189 0.017280 -0.066726 -0.008455 0.176717 0.021203 -0.120837,0.412901 0.014695 0.255839,-0.043145 0.088989 -0.995098,-0.034469 0.156434 -0.987087,0.000019 0.000014 0.000000,0.023391,0.164970,0.165000
3.77000,-0.017647 0.016666 -0.064953 -0.008271 0.171826 0.020293 -0.117510,0.412943 0.015007 0.255865,-0.042889 0.090882 -0.994938,-0.034469 0.156434 -0.987087,0.000018 0.000014 0.000000,0.023178,0.164971,0.165000
3.78000,-0.017123 0.016076 -0.063225 -0.008090 0.167067 0.019424 -0.114273,0.412984 0.015310 0.255891,-0.042640 0.092721 -0.994779,-0.034469 0.156434 -0.987087,0.000018 0.000014 0.000001,0.022956,0.164971,0.165000
3.79000,-0.016615 0.015508 -0.061541 -0.007912 0.162439 0.018594 -0.111123,0.413023 0.015605 0.255917,-0.042399 0.094509 -0.994621,-0.034469 0.156434 -0.987087,0.000018 0.000014 0.000001,0.022727,0.164971,0.165000
3.80000,-0.016123 0.014962 -0.059899 -0.007737 0.157937 0.017802 -0.108058,0.413062 0.015892 0.255942,-0.042164 0.096247 -0.994464,-0.034469 0.156434 -0.987087,0.000018 0.000014 0.000001,0.022489,0.164972,0.165000
3.81000,-0.015646 0.014437 -0.058299 -0.007565 0.153559 0.017045 -0.105077,0.413099 0.016170 0.255968,-0.041936 0.097935 -0.994309,-0.034469 0.156434 -0.987087,0.000018 0.000013 0.000001,0.022246,0.164972,0.165000
3.82000,-0.015184 0.013932 -0.056739 -0.007397 0.149300 0.016322 -0.102176,0.413136 0.016441 0.255993,-0.041715 0.099576 -0.994155,-0.034469 0.156434 -0.987087,0.000018 0.000013 0.000001,0.021996,0.164972,0.165000
3.83000,-0.014737 0.013446 -0.055220 -0.007231 0.145158 0.015631 -0.099355,0.413171 0.016704 0.256017,-0.041500 0.101171 -0.994003,-0.034469 0.156434 -0.987087,0.000017 0.000013 0.000001,0.021741,0.164973,0.165000
3.84000,-0.014303 0.012977 -0.053739 -0.007069 0.141129 0.014971 -0.096610,0.413205 0.016959 0.256042,-0.041292 0.102722 -0.993853,-0.034469 0.156434 -0.987087,0.000017 0.000013 0.000001,0.021482,0.164973,0.165000
3.85000,-0.013883 0.012527 -0.052297 -0.006909 0.137211 0.014340 -0.093939,0.413238 0.017208 0.256066,-0.041089 0.104228 -0.993704,-0.034469 0.156434 -0.987087,0.000017 0.000013 0.000001,0.021218,0.164973,0.165000
3.86000,-0.013475 0.012093 -0.050892 -0.006753 0.133401 0.013737 -0.091342,0.413271 0.017449 0.256090,-0.040893 0.105692 -0.993558,-0.034469 0.156434 -0.987087,0.000017 0.000013 0.000001,0.020951,0.164974,0.165000
3.87000,-0.013080 0.011676 -0.049523 -0.006600 0.129696 0.013161 -0.088815,0.413302 0.017684 0.256113,-0.040702 0.107115 -0.993413,-0.034469 0.156434 -0.987087,0.000017 0.000012 0.000001,0.020681,0.164974,0.165000
3.88000,-0.012698 0.011274 -0.048189 -0.006450 0.126092 0.012610 -0.086357,0.413332 0.017912 0.256137,-0.040516 0.108498 -0.993271,-0.034469 0.156434 -0.987087,0.000016 0.000012 0.000001,0.020409,0.164974,0.165000
3.89000,-0.012326 0.010887 -0.046890 -0.006302 0.122588 0.012083 -0.083967,0.413362 0.018133 0.256159,-0.040336 0.109843 -0.993130,-0.034469 0.156434 -0.987087,0.000016 0.000012 0.000001,0.020134,0.164975,0.165000
3.90000,-0.011967 0.010514 -0.045625 -0.006158 0.119181 0.011580 -0.081642,0.413390 0.018349 0.256182,-0.040162 0.111149 -0.992992,-0.034469 0.156434 -0.987087,0.000016 0.000012 0.000001,0.019859,0.164975,0.165000
3.91000,-0.011618 0.010154 -0.044393 -0.006016 0.115867 0.011098 -0.079380,0.413418 0.018558 0.256204,-0.039992 0.112419 -0.992856,-0.034469 0.156434 -0.987087,0.000016 0.000012 0.000001,0.019581,0.164975,0.165000
3.92000,-0.011279 0.009808 -0.043193 -0.005878 0.112645 0.010637 -0.077181,0.413445 0.018761 0.256226,-0.039828 0.113652 -0.992722,-0.034469 0.156434 -0.987087,0.000015 0.000012 0.000001,0.019303,0.164976,0.165000
3.93000,-0.010951 0.009475 -0.042024 -0.005742 0.109512 0.010197 -0.075042,0.413471 0.018959 0.256247,-0.039668 0.114852 -0.992590,-0.034469 0.156434 -0.987087,0.000015 0.000011 0.000001,0.019025,0.164976,0.165000
3.94000,-0.010633 0.009153 -0.040887 -0.005609 0.106465 0.009775 -0.072961,0.413496 0.019151 0.256268,-0.039513 0.116017 -0.992461,-0.034469 0.156434 -0.987087,0.000015 0.000011 0.000001,0.018746,0.164976,0.165000
3.95000,-0.010324 0.008844 -0.039779 -0.005479 0.103503 0.009372 -0.070938,0.413521 0.019338 0.256289,-0.039362 0.117150 -0.992334,-0.034469 0.156434 -0.987087,0.000015 0.000011 0.000001,0.018468,0.164977,0.165000
3.96000,-0.010024 0.008545 -0.038700 -0.005351 0.100622 0.008986 -0.068970,0.413545 0.019520 0.256309,-0.039216 0.118251 -0.992209,-0.034469 0.156434 -0.987087,0.000015 0.000011 0.000001,0.018190,0.164977,0.165000
3.97000,-0.009734 0.008257 -0.037650 -0.005227 0.097821 0.008617 -0.067056,0.413568 0.019696 0.256329,-0.039074 0.119321 -0.992087,-0.034469 0.156434 -0.987087,0.000014 0.000011 0.000001,0.017913,0.164978,0.165000
3.98000,-0.009452 0.007980 -0.036627 -0.005104 0.095098 0.008264 -0.065196,0.413591 0.019867 0.256348,-0.038936 0.120361 -0.991966,-0.034469 0.156434 -0.987087,0.000014 0.000011 0.000001,0.017636,0.164978,0.165000
3.99000,-0.009179 0.007712 -0.035631 -0.004985 0.092450 0.007926 -0.063386,0.413612 0.020034 0.256367,-0.038803 0.121372 -0.991848,-0.034469 0.156434 -0.987087,0.000014 0.000010 0.000001,0.017361,0.164978,0.165000
4.00000,-0.008913 0.007454 -0.034662 -0.004868 0.089876 0.007602 -0.061626,0.413634 0.020196 0.256386,-0.038673 0.122354 -0.991733,-0.034469 0.156434 -0.987087,0.000014 0.000010 0.000001,0.017087,0.164979,0.165000
4.01000,-0.008656 0.007205 -0.033719 -0.004753 0.087373 0.007292 -0.059915,0.413654 0.020353 0.256404,-0.038547 0.123309 -0.991619,-0.034469 0.156434 -0.987087,0.000014 0.000010 0.000001,0.016815,0.164979,0.165000
4.02000,-0.008406 0.006965 -0.032801 -0.004641 0.084939 0.006995 -0.058250,0.413674 0.020506 0.256422,-0.038425 0.124237 -0.991508,-0.034469 0.156434 -0.987087,0.000013 0.000010 0.000001,0.016545,0.164979,0.165000
4.03000,-0.008164 0.006734 -0.031907 -0.004532 0.082573 0.006711 -0.056632,0.413693 0.020655 0.256440,-0.038306 0.125139 -0.991399,-0.034469 0.156434 -0.987087,0.000013 0.000010 0.000001,0.016276,0.164980,0.165000
4.04000,-0.007928 0.006510 -0.031037 -0.004425 0.080272 0.006438 -0.055058,0.413712 0.020800 0.256457,-0.038191 0.126016 -0.991293,-0.034469 0.156434 -0.987087,0.000013 0.000010 0.000001,0.016009,0.164980,0.165000
4.05000,-0.007700 0.006295 -0.030190 -0.004320 0.078035 0.006178 -0.053528,0.413730 0.020940 0.256474,-0.038079 0.126868 -0.991188,-0.034469 0.156434 -0.987087,0.000013 0.000009 0.000001,0.015745,0.164980,0.165000
4.06000,-0.007478 0.006087 -0.029366 -0.004217 0.075860 0.005928 -0.052040,0.413748 0.021077 0.256491,-0.037971 0.127696 -0.991086,-0.034469 0.156434 -0.987087,0.000012 0.000009 0.000001,0.015483,0.164981,0.165000
4.07000,-0.007263 0.005886 -0.028564 -0.004117 0.073746 0.005689 -0.050594,0.413765 0.021209 0.256507,-0.037866 0.128501 -0.990986,-0.034469 0.156434 -0.987087,0.000012 0.000009 0.000001,0.015223,0.164981,0.165000
4.08000,-0.007055 0.005692 -0.027783 -0.004019 0.071690 0.005459 -0.049187,0.413782 0.021338 0.256523,-0.037764 0.129283 -0.990888,-0.034469 0.156434 -0.987087,0.000012 0.000009 0.000001,0.014966,0.164981,0.165000
4.09000,-0.006852 0.005505 -0.027024 -0.003923 0.069692 0.005240 -0.047819,0.413798 0.021463 0.256538,-0.037665 0.130043 -0.990793,-0.034469 0.156434 -0.987087,0.000012 0.000009 0.000001,0.014712,0.164982,0.165000
4.10000,-0.006655 0.005324 -0.026284 -0.003830 0.067749 0.005029 -0.046489,0.413813 0.021585 0.256553,-0.037569 0.130782 -0.990699,-0.034469 0.156434 -0.987087,0.000012 0.000009 0.000001,0.014460,0.164982,0.165000
4.11000,-0.006464 0.005150 -0.025565 -0.003738 0.065860 0.004827 -0.045196,0.413829 0.021704 0.256568,-0.037475 0.131501 -0.990607,-0.034469 0.156434 -0.987087,0.000011 0.000008 0.000001,0.014210,0.164982,0.165000
4.12000,-0.006279 0.004981 -0.024865 -0.003649 0.064024 0.004634 -0.043939,0.413843 0.021819 0.256582,-0.037385 0.132199 -0.990518,-0.034469 0.156434 -0.987087,0.000011 0.000008 0.000001,0.013964,0.164983,0.165000
4.13000,-0.006099 0.004819 -0.024184 -0.003561 0.062238 0.004448 -0.042716,0.413858 0.021931 0.256597,-0.037297 0.132877 -0.990431,-0.034469 0.156434 -0.987087,0.000011 0.000008 0.000001,0.013721,0.164983,0.165000
4.14000,-0.005924 0.004662 -0.023521 -0.003476 0.060502 0.004270 -0.041527,0.413872 0.022039 0.256610,-0.037212 0.133537 -0.990345,-0.034469 0.156434 -0.987087,0.000011 0.000008 0.000001,0.013480,0.164983,0.165000
4.15000,-0.005755 0.004510 -0.022876 -0.003392 0.058815 0.004100 -0.040372,0.413885 0.022145 0.256624,-0.037129 0.134178 -0.990261,-0.034469 0.156434 -0.987087,0.000011 0.000008 0.000001,0.013243,0.164984,0.165000
4.16000,-0.005590 0.004363 -0.022249 -0.003310 0.057174 0.003937 -0.039248,0.413898 0.022248 0.256637,-0.037049 0.134801 -0.990180,-0.034469 0.156434 -0.987087,0.000010 0.000008 0.000001,0.013008,0.164984,0.165000
4.17000,-0.005430 0.004222 -0.021638 -0.003231 0.055580 0.003780 -0.038155,0.413911 0.022347 0.256650,-0.036971 0.135406 -0.990100,-0.034469 0.156434 -0.987087,0.000010 0.000008 0.000001,0.012777,0.164984,0.165000
4.18000,-0.005275 0.004085 -0.021044 -0.003153 0.054029 0.003629 -0.037093,0.413923 0.022444 0.256662,-0.036896 0.135995 -0.990022,-0.034469 0.156434 -0.987087,0.000010 0.000007 0.000001,0.012549,0.164984,0.165000
4.19000,-0.005124 0.003953 -0.020466 -0.003077 0.052522 0.003485 -0.036060,0.413935 0.022539 0.256675,-0.036822 0.136567 -0.989946,-0.034469 0.156434 -0.987087,0.000010 0.000007 0.000001,0.012323,0.164985,0.165000
4.20000,-0.004978 0.003825 -0.019904 -0.003002 0.051057 0.003347 -0.035056,0.413946 0.022630 0.256687,-0.036751 0.137123 -0.989872,-0.034469 0.156434 -0.987087,0.000010 0.000007 0.000001,0.012101,0.164985,0.165000
4.21000,-0.004836 0.003702 -0.019357 -0.002929 0.049632 0.003214 -0.034080,0.413958 0.022719 0.256698,-0.036682 0.137663 -0.989800,-0.034469 0.156434 -0.987087,0.000010 0.000007 0.000001,0.011882,0.164985,0.165000
4.22000,-0.004698 0.003583 -0.018825 -0.002858 0.048247 0.003087 -0.033131,0.413968 0.022806 0.256710,-0.036615 0.138189 -0.989729,-0.034469 0.156434 -0.987087,0.000009 0.000007 0.000001,0.011666,0.164986,0.165000
4.23000,-0.004564 0.003467 -0.018308 -0.002789 0.046901 0.002964 -0.032208,0.413979 0.022890 0.256721,-0.036550 0.138699 -0.989660,-0.034469 0.156434 -0.987087,0.000009 0.000007 0.000001,0.011454,0.164986,0.165000
4.24000,-0.004434 0.003356 -0.017804 -0.002721 0.045592 0.002847 -0.031311,0.413989 0.022972 0.256732,-0.036487 0.139195 -0.989592,-0.034469 0.156434 -0.987087,0.000009 0.000007 0.000001,0.011244,0.164986,0.165000
4.25000,-0.004307 0.003248 -0.017314 -0.002655 0.044320 0.002735 -0.030439,0.413999 0.023051 0.256742,-0.036426 0.139678 -0.989527,-0.034469 0.156434 -0.987087,0.000009 0.000007 0.000001,0.011038,0.164986,0.165000
4.26000,-0.004185 0.003144 -0.016838 -0.002591 0.043083 0.002627 -0.029591,0.414009 0.023129 0.256752,-0.036367 0.140147 -0.989463,-0.034469 0.156434 -0.987087,0.000009 0.000006 0.000001,0.010834,0.164987,0.165000
4.27000,-0.004065 0.003044 -0.016374 -0.002528 0.041881 0.002523 -0.028766,0.414018 0.023204 0.256763,-0.036310 0.140602 -0.989400,-0.034469 0.156434 -0.987087,0.000009 0.000006 0.000001,0.010634,0.164987,0.165000
4.28000,-0.003950 0.002946 -0.015923 -0.002466 0.040712 0.002423 -0.027965,0.414027 0.023277 0.256772,-0.036254 0.141045 -0.989339,-0.034469 0.156434 -0.987087,0.000008 0.000006 0.000001,0.010437,0.164987,0.165000
4.29000,-0.003837 0.002852 -0.015485 -0.002406 0.039575 0.002328 -0.027186,0.414036 0.023348 0.256782,-0.036200 0.141476 -0.989280,-0.034469 0.156434 -0.987087,0.000008 0.000006 0.000001,0.010243,0.164987,0.165000
4.30000,-0.003728 0.002761 -0.015058 -0.002347 0.038471 0.002236 -0.026428,0.414044 0.023417 0.256791,-0.036147 0.141894 -0.989222,-0.034469 0.156434 -0.987087,0.000008 0.000006 0.000001,0.010052,0.164988,0.165000
4.31000,-0.003622 0.002673 -0.014643 -0.002290 0.037397 0.002148 -0.025692,0.414052 0.023484 0.256800,-0.036096 0.142301 -0.989165,-0.034469 0.156434 -0.987087,0.000008 0.000006 0.000001,0.009864,0.164988,0.165000
4.32000,-0.003519 0.002588 -0.014239 -0.002234 0.036353 0.002063 -0.024976,0.414060 0.023549 0.256809,-0.036047 0.142696 -0.989110,-0.034469 0.156434 -0.987087,0.000008 0.000006 0.000001,0.009679,0.164988,0.165000
4.33000,-0.003419 0.002506 -0.013847 -0.002179 0.035338 0.001982 -0.024280,0.414068 0.023612 0.256818,-0.035999 0.143081 -0.989056,-0.034469 0.156434 -0.987087,0.000008 0.000006 0.000001,0.009498,0.164988,0.165000
4.34000,-0.003322 0.002426 -0.013465 -0.002126 0.034352 0.001904 -0.023603,0.414076 0.023674 0.256826,-0.035953 0.143454 -0.989004,-0.034469 0.156434 -0.987087,0.000008 0.000006 0.000001,0.009319,0.164989,0.165000
4.35000,-0.003227 0.002349 -0.013093 -0.002074 0.033393 0.001829 -0.022945,0.414083 0.023734 0.256834,-0.035908 0.143817 -0.988953,-0.034469 0.156434 -0.987087,0.000007 0.000005 0.000001,0.009143,0.164989,0.165000
4.36000,-0.003135 0.002275 -0.012732 -0.002023 0.032461 0.001757 -0.022305,0.414090 0.023792 0.256842,-0.035864 0.144170 -0.988903,-0.034469 0.156434 -0.987087,0.000007 0.000005 0.000001,0.008970,0.164989,0.165000
4.37000,-0.003046 0.002203 -0.012381 -0.001973 0.031554 0.001688 -0.021684,0.414097 0.023848 0.256850,-0.035821 0.144513 -0.988854,-0.034469 0.156434 -0.987087,0.000007 0.000005 0.000001,0.008800,0.164989,0.165000
4.38000,-0.002960 0.002133 -0.012039 -0.001925 0.030674 0.001622 -0.021079,0.414104 0.023903 0.256858,-0.035780 0.144846 -0.988807,-0.034469 0.156434 -0.987087,0.000007 0.000005 0.000000,0.008633,0.164989,0.165000
4.39000,-0.002876 0.002065 -0.011707 -0.001877 0.029817 0.001558 -0.020491,0.414110 0.023957 0.256865,-0.035740 0.145170 -0.988761,-0.034469 0.156434 -0.987087,0.000007 0.000005 0.000000,0.008469,0.164990,0.165000
4.40000,-0.002794 0.002000 -0.011383 -0.001831 0.028985 0.001496 -0.019920,0.414116 0.024009 0.256872,-0.035702 0.145485 -0.988716,-0.034469 0.156434 -0.987087,0.000007 0.000005 0.000000,0.008308,0.164990,0.165000
4.41000,-0.002715 0.001937 -0.011069 -0.001786 0.028175 0.001438 -0.019365,0.414122 0.024059 0.256879,-0.035664 0.145792 -0.988672,-0.034469 0.156434 -0.987087,0.000007 0.000005 0.000000,0.008149,0.164990,0.165000
4.42000,-0.002638 0.001876 -0.010763 -0.001742 0.027389 0.001381 -0.018825,0.414128 0.024108 0.256886,-0.035628 0.146089 -0.988630,-0.034469 0.156434 -0.987087,0.000006 0.000005 0.000000,0.007993,0.164990,0.165000
4.43000,-0.002563 0.001817 -0.010466 -0.001699 0.026624 0.001327 -0.018300,0.414134 0.024156 0.256893,-0.035592 0.146378 -0.988588,-0.034469 0.156434 -0.987087,0.000006 0.000005 0.000000,0.007840,0.164990,0.165000
4.44000,-0.002490 0.001760 -0.010177 -0.001657 0.025881 0.001274 -0.017790,0.414139 0.024202 0.256899,-0.035558 0.146660 -0.988548,-0.034469 0.156434 -0.987087,0.000006 0.000005 0.000000,0.007690,0.164991,0.165000
4.45000,-0.002420 0.001704 -0.009895 -0.001616 0.025158 0.001224 -0.017294,0.414145 0.024247 0.256906,-0.035525 0.146933 -0.988508,-0.034469 0.156434 -0.987087,0.000006 0.000004 0.000000,0.007542,0.164991,0.165000
4.46000,-0.002351 0.001651 -0.009622 -0.001576 0.024456 0.001176 -0.016811,0.414150 0.024291 0.256912,-0.035493 0.147199 -0.988470,-0.034469 0.156434 -0.987087,0.000006 0.000004 0.000000,0.007397,0.164991,0.165000
4.47000,-0.002284 0.001599 -0.009356 -0.001537 0.023773 0.001130 -0.016342,0.414155 0.024333 0.256918,-0.035462 0.147457 -0.988433,-0.034469 0.156434 -0.987087,0.000006 0.000004 0.000000,0.007254,0.164991,0.165000
4.48000,-0.002220 0.001548 -0.009097 -0.001499 0.023109 0.001085 -0.015887,0.414160 0.024375 0.256924,-0.035431 0.147708 -0.988396,-0.034469 0.156434 -0.987087,0.000006 0.000004 0.000000,0.007114,0.164991,0.165000
4.49000,-0.002157 0.001500 -0.008845 -0.001462 0.022464 0.001042 -0.015444,0.414165 0.024415 0.256929,-0.035402 0.147952 -0.988361,-0.034469 0.156434 -0.987087,0.000006 0.000004 0.000000,0.006977,0.164991,0.165000
4.50000,0.001677 -0.029497 0.008205 0.075005 0.028809 0.101954 -0.015197,0.414169 0.024454 0.256935,-0.035373 0.148189 -0.988326,-0.034469 0.156434 -0.987087,0.000006 0.000004 0.000000,0.006842,0.164992,0.165400
4.51000,0.001761 -0.029537 0.008516 0.075125 0.028196 0.102223 -0.014750,0.414146 0.024553 0.256546,-0.035427 0.148430 -0.988288,-0.034469 0.156434 -0.987087,0.000005 0.000004 0.000000,0.006440,0.165392,0.165800
4.52000,0.001844 -0.029579 0.008819 0.075239 0.027599 0.102488 -0.014314,0.414123 0.024651 0.256157,-0.035480 0.148664 -0.988251,-0.034469 0.156434 -0.987087,0.000005 0.000004 0.000000,0.006048,0.165791,0.166200
4.53000,0.001925 -0.029624 0.009112 0.075348 0.027019 0.102747 -0.013890,0.414100 0.024748 0.255767,-0.035531 0.148891 -0.988215,-0.034469 0.156434 -0.987087,0.000005 0.000003 0.000000,0.005664,0.166191,0.166600
4.54000,0.002004 -0.029671 0.009396 0.075452 0.026455 0.103001 -0.013478,0.414077 0.024844 0.255378,-0.035581 0.149112 -0.988180,-0.034469 0.156434 -0.987087,0.000004 0.000003 0.000000,0.005289,0.166591,0.167000
4.55000,0.002082 -0.029720 0.009672 0.075551 0.025906 0.103250 -0.013077,0.414054 0.024939 0.254989,-0.035630 0.149328 -0.988146,-0.034469 0.156434 -0.987087,0.000004 0.000003 0.000000,0.004923,0.166991,0.167400
4.56000,0.002159 -0.029771 0.009940 0.075646 0.025372 0.103494 -0.012687,0.414032 0.025034 0.254599,-0.035677 0.149537 -0.988112,-0.034469 0.156434 -0.987087,0.000004 0.000003 0.000000,0.004565,0.167391,0.167800
4.57000,0.002234 -0.029824 0.010200 0.075735 0.024853 0.103733 -0.012308,0.414009 0.025127 0.254209,-0.035723 0.149740 -0.988080,-0.034469 0.156434 -0.987087,0.000003 0.000002 0.000000,0.004216,0.167791,0.168200
4.58000,0.002308 -0.029879 0.010452 0.075821 0.024348 0.103968 -0.011938,0.413987 0.025220 0.253819,-0.035768 0.149938 -0.988048,-0.034469 0.156434 -0.987087,0.000003 0.000002 0.000000,0.003874,0.168191,0.168600
4.59000,0.002380 -0.029936 0.010696 0.075902 0.023857 0.104198 -0.011579,0.413965 0.025312 0.253429,-0.035812 0.150130 -0.988017,-0.034469 0.156434 -0.987087,0.000003 0.000002 0.000000,0.003540,0.168591,0.169000
4.60000,0.002451 -0.029995 0.010933 0.075979 0.023379 0.104424 -0.011230,0.413944 0.025404 0.253039,-0.035855 0.150316 -0.987988,-0.034469 0.156434 -0.987087,0.000003 0.000002 0.000000,0.003213,0.168991,0.169400
4.61000,0.002521 -0.030056 0.011163 0.076052 0.022915 0.104646 -0.010890,0.413922 0.025495 0.252649,-0.035897 0.150498 -0.987958,-0.034469 0.156434 -0.987087,0.000002 0.000002 0.000000,0.002894,0.169391,0.169800
4.62000,0.002590 -0.030118 0.011386 0.076120 0.022463 0.104863 -0.010559,0.413900 0.025585 0.252259,-0.035937 0.150675 -0.987930,-0.034469 0.156434 -0.987087,0.000002 0.000001 0.000000,0.002583,0.169791,0.170200
4.63000,0.002657 -0.030183 0.011602 0.076185 0.022024 0.105076 -0.010237,0.413879 0.025674 0.251868,-0.035977 0.150846 -0.987902,-0.034469 0.156434 -0.987087,0.000002 0.000001 0.000000,0.002278,0.170191,0.170600
4.64000,0.002724 -0.030249 0.011812 0.076246 0.021596 0.105286 -0.009924,0.413858 0.025762 0.251478,-0.036015 0.151013 -0.987875,-0.034469 0.156434 -0.987087,0.000002 0.000001 0.000000,0.001980,0.170591,0.171000
4.65000,0.002789 -0.030317 0.012015 0.076304 0.021180 0.105491 -0.009619,0.413837 0.025850 0.251087,-0.036053 0.151175 -0.987849,-0.034469 0.156434 -0.987087,0.000001 0.000001 0.000000,0.001689,0.170991,0.171400
4.66000,0.002853 -0.030387 0.012212 0.076357 0.020776 0.105693 -0.009323,0.413816 0.025938 0.250696,-0.036089 0.151333 -0.987824,-0.034469 0.156434 -0.987087,0.000001 0.000001 0.000000,0.001404,0.171391,0.171800
4.67000,0.002916 -0.030458 0.012403 0.076407 0.020383 0.105891 -0.009034,0.413795 0.026025 0.250305,-0.036125 0.151486 -0.987799,-0.034469 0.156434 -0.987087,0.000001 0.000001 0.000000,0.001126,0.171791,0.172200
4.68000,0.002978 -0.030531 0.012588 0.076454 0.020000 0.106085 -0.008753,0.413774 0.026111 0.249914,-0.036160 0.151636 -0.987775,-0.034469 0.156434 -0.987087,0.000001 0.000000 0.000000,0.000855,0.172191,0.172600
4.69000,0.003039 -0.030606 0.012767 0.076497 0.019628 0.106276 -0.008480,0.413754 0.026196 0.249523,-0.036193 0.151781 -0.987751,-0.034469 0.156434 -0.987087,0.000001 0.000000 0.000000,0.000590,0.172591,0.173000
4.70000,0.003099 -0.030682 0.012941 0.076538 0.019266 0.106463 -0.008214,0.413734 0.026281 0.249132,-0.036226 0.151921 -0.987728,-0.034469 0.156434 -0.987087,0.000000 0.000000 0.000000,0.000334,0.172991,0.173400
4.71000,0.003159 -0.030759 0.013110 0.076574 0.018914 0.106647 -0.007955,0.413713 0.026365 0.248741,-0.036258 0.152058 -0.987706,-0.034469 0.156434 -0.987087,0.000000 -0.000000 -0.000000,0.000107,0.173390,0.173800
4.72000,0.003217 -0.030838 0.013273 0.076608 0.018572 0.106828 -0.007704,0.413693 0.026449 0.248350,-0.036290 0.152192 -0.987685,-0.034469 0.156434 -0.987087,-0.000000 -0.000000 -0.000000,0.000197,0.173790,0.174200
4.73000,0.003275 -0.030919 0.013431 0.076639 0.018239 0.107005 -0.007458,0.413673 0.026533 0.247959,-0.036320 0.152321 -0.987663,-0.034469 0.156434 -0.987087,-0.000000 -0.000000 -0.000000,0.000431,0.174190,0.174600
4.74000,0.003331 -0.031000 0.013584 0.076667 0.017915 0.107179 -0.007220,0.413653 0.026615 0.247567,-0.036350 0.152447 -0.987643,-0.034469 0.156434 -0.987087,-0.000001 -0.000000 -0.000000,0.000667,0.174590,0.175000
4.75000,0.003387 -0.031084 0.013733 0.076692 0.017599 0.107351 -0.006988,0.413633 0.026698 0.247176,-0.036378 0.152570 -0.987623,-0.034469 0.156434 -0.987087,-0.000001 -0.000001 -0.000000,0.000899,0.174990,0.175400
4.76000,0.003442 -0.031168 0.013877 0.076714 0.017293 0.107519 -0.006762,0.413614 0.026779 0.246784,-0.036407 0.152689 -0.987604,-0.034469 0.156434 -0.987087,-0.000001 -0.000001 -0.000000,0.001126,0.175390,0.175800
4.77000,0.003496 -0.031254 0.014016 0.076734 0.016994 0.107684 -0.006541,0.413594 0.026861 0.246392,-0.036434 0.152804 -0.987585,-0.034469 0.156434 -0.987087,-0.000001 -0.000001 -0.000000,0.001348,0.175790,0.176200
4.78000,0.003550 -0.031341 0.014151 0.076751 0.016704 0.107847 -0.006327,0.413575 0.026942 0.246001,-0.036461 0.152917 -0.987566,-0.034469 0.156434 -0.987087,-0.000001 -0.000001 -0.000000,0.001566,0.176190,0.176600
4.79000,0.003603 -0.031429 0.014282 0.076765 0.016422 0.108007 -0.006119,0.413555 0.027022 0.245609,-0.036487 0.153026 -0.987548,-0.034469 0.156434 -0.987087,-0.000001 -0.000001 -0.000000,0.001779,0.176590,0.177000
4.80000,0.003655 -0.031519 0.014409 0.076777 0.016147 0.108164 -0.005916,0.413536 0.027102 0.245217,-0.036512 0.153132 -0.987531,-0.034469 0.156434 -0.987087,-0.000002 -0.000001 -0.000000,0.001988,0.176990,0.177400
4.81000,0.003707 -0.031609 0.014531 0.076786 0.015880 0.108319 -0.005718,0.413517 0.027181 0.244825,-0.036537 0.153236 -0.987514,-0.034469 0.156434 -0.987087,-0.000002 -0.000001 -0.000000,0.002192,0.177390,0.177800
4.82000,0.003758 -0.031701 0.014650 0.076793 0.015620 0.108471 -0.005526,0.413498 0.027260 0.244433,-0.036561 0.153336 -0.987497,-0.034469 0.156434 -0.987087,-0.000002 -0.000001 -0.000000,0.002392,0.177790,0.178200
4.83000,0.003808 -0.031794 0.014765 0.076798 0.015368 0.108620 -0.005338,0.413479 0.027339 0.244041,-0.036584 0.153434 -0.987481,-0.034469 0.156434 -0.987087,-0.000002 -0.000001 -0.000000,0.002588,0.178190,0.178600
4.84000,0.003858 -0.031888 0.014876 0.076800 0.015122 0.108767 -0.005156,0.413460 0.027417 0.243649,-0.036607 0.153529 -0.987466,-0.034469 0.156434 -0.987087,-0.000002 -0.000001 -0.000000,0.002779,0.178590,0.179000
4.85000,0.003907 -0.031984 0.014984 0.076800 0.014882 0.108912 -0.004978,0.413441 0.027495 0.243256,-0.036629 0.153622 -0.987451,-0.034469 0.156434 -0.987087,-0.000003 -0.000002 -0.000000,0.002966,0.178990,0.179400
4.86000,0.003955 -0.032080 0.015088 0.076798 0.014650 0.109054 -0.004805,0.413423 0.027573 0.242864,-0.036651 0.153711 -0.987436,-0.034469 0.156434 -0.987087,-0.000003 -0.000002 -0.000000,0.003150,0.179390,0.179800
4.87000,0.004003 -0.032177 0.015189 0.076794 0.014423 0.109195 -0.004637,0.413404 0.027650 0.242472,-0.036672 0.153799 -0.987421,-0.034469 0.156434 -0.987087,-0.000003 -0.000002 -0.000000,0.003329,0.179790,0.180200
4.88000,0.004051 -0.032275 0.015287 0.076788 0.014203 0.109333 -0.004473,0.413385 0.027726 0.242079,-0.036692 0.153884 -0.987407,-0.034469 0.156434 -0.987087,-0.000003 -0.000002 -0.000000,0.003505,0.180190,0.180600
4.89000,0.004097 -0.032375 0.015381 0.076780 0.013988 0.109469 -0.004313,0.413367 0.027803 0.241687,-0.036712 0.153966 -0.987394,-0.034469 0.156434 -0.987087,-0.000003 -0.000002 -0.000000,0.003677,0.180589,0.181000
4.90000,0.004144 -0.032475 0.015472 0.076770 0.013780 0.109602 -0.004158,0.413349 0.027879 0.241294,-0.036732 0.154047 -0.987381,-0.034469 0.156434 -0.987087,-0.000003 -0.000002 -0.000000,0.003845,0.180989,0.181400
4.91000,0.004190 -0.032576 0.015561 0.076758 0.013577 0.109734 -0.004006,0.413330 0.027955 0.240902,-0.036751 0.154125 -0.987368,-0.034469 0.156434 -0.987087,-0.000004 -0.000002 -0.000000,0.004010,0.181389,0.181800
4.92000,0.004235 -0.032678 0.015646 0.076744 0.013379 0.109864 -0.003859,0.413312 0.028030 0.240509,-0.036769 0.154201 -0.987355,-0.034469 0.156434 -0.987087,-0.000004 -0.000002 -0.000000,0.004171,0.181789,0.182200
4.93000,0.004280 -0.032781 0.015728 0.076729 0.013187 0.109992 -0.003715,0.413294 0.028105 0.240117,-0.036787 0.154274 -0.987343,-0.034469 0.156434 -0.987087,-0.000004 -0.000002 -0.000000,0.004329,0.182189,0.182600
4.94000,0.004325 -0.032885 0.015808 0.076711 0.013000 0.110118 -0.003575,0.413276 0.028180 0.239724,-0.036805 0.154346 -0.987331,-0.034469 0.156434 -0.987087,-0.000004 -0.000002 -0.000000,0.004484,0.182589,0.183000
4.95000,0.004369 -0.032989 0.015885 0.076692 0.012818 0.110242 -0.003439,0.413258 0.028254 0.239331,-0.036822 0.154416 -0.987320,-0.034469 0.156434 -0.987087,-0.000004 -0.000002 -0.000000,0.004635,0.182989,0.183400
4.96000,0.004413 -0.033095 0.015959 0.076672 0.012641 0.110364 -0.003306,0.413240 0.028328 0.238938,-0.036838 0.154484 -0.987308,-0.034469 0.156434 -0.987087,-0.000004 -0.000002 -0.000000,0.004783,0.183389,0.183800
4.97000,0.004456 -0.033201 0.016031 0.076650 0.012469 0.110485 -0.003176,0.413222 0.028402 0.238545,-0.036854 0.154550 -0.987297,-0.034469 0.156434 -0.987087,-0.000004 -0.000002 -0.000000,0.004928,0.183789,0.184200
4.98000,0.004499 -0.033308 0.016101 0.076626 0.012301 0.110604 -0.003050,0.413204 0.028476 0.238153,-0.036870 0.154614 -0.987287,-0.034469 0.156434 -0.987087,-0.000004 -0.000002 -0.000000,0.005070,0.184189,0.184600
4.99000,0.004542 -0.033416 0.016168 0.076600 0.012138 0.110721 -0.002927,0.413187 0.028549 0.237760,-0.036886 0.154676 -0.987276,-0.034469 0.156434 -0.987087,-0.000005 -0.000002 -0.000000,0.005210,0.184589,0.185000
5.00000,0.004584 -0.033525 0.016233 0.076574 0.011979 0.110837 -0.002808,0.413169 0.028622 0.237367,-0.036901 0.154737 -0.987266,-0.034469 0.156434 -0.987087,-0.000005 -0.000002 -0.000000,0.005346,0.184989,0.185400
5.01000,0.004626 -0.033634 0.016295 0.076545 0.011825 0.110951 -0.002691,0.413151 0.028695 0.236974,-0.036915 0.154796 -0.987257,-0.034469 0.156434 -0.987087,-0.000005 -0.000002 -0.000000,0.005479,0.185389,0.185800
5.02000,0.004668 -0.033745 0.016355 0.076515 0.011674 0.111064 -0.002577,0.413134 0.028767 0.236580,-0.036929 0.154853 -0.987247,-0.034469 0.156434 -0.987087,-0.000005 -0.000003 -0.000000,0.005610,0.185789,0.186200
5.03000,0.004709 -0.033856 0.016413 0.076484 0.011528 0.111175 -0.002467,0.413116 0.028840 0.236187,-0.036943 0.154909 -0.987238,-0.034469 0.156434 -0.987087,-0.000005 -0.000003 -0.000000,0.005738,0.186189,0.186600
5.04000,0.004750 -0.033967 0.016469 0.076452 0.011386 0.111285 -0.002359,0.413099 0.028912 0.235794,-0.036957 0.154963 -0.987229,-0.034469 0.156434 -0.987087,-0.000005 -0.000003 -0.000000,0.005864,0.186589,0.187000
5.05000,0.004790 -0.034079 0.016524 0.076418 0.011247 0.111393 -0.002253,0.413082 0.028984 0.235401,-0.036970 0.155016 -0.987220,-0.034469 0.156434 -0.987087,-0.000005 -0.000003 -0.000000,0.005987,0.186989,0.187400
5.06000,0.004831 -0.034192 0.016576 0.076383 0.011112 0.111500 -0.002151,0.413064 0.029055 0.235008,-0.036982 0.155067 -0.987212,-0.034469 0.156434 -0.987087,-0.000005 -0.000003 -0.000000,0.006107,0.187388,0.187800
5.07000,0.004871 -0.034306 0.016626 0.076347 0.010981 0.111606 -0.002051,0.413047 0.029126 0.234614,-0.036995 0.155117 -0.987203,-0.034469 0.156434 -0.987087,-0.000006 -0.000003 -0.000000,0.006225,0.187788,0.188200
5.08000,0.004911 -0.034420 0.016674 0.076309 0.010853 0.111711 -0.001953,0.413030 0.029198 0.234221,-0.037007 0.155165 -0.987195,-0.034469 0.156434 -0.987087,-0.000006 -0.000003 -0.000000,0.006341,0.188188,0.188600
5.09000,0.004950 -0.034535 0.016721 0.076271 0.010728 0.111814 -0.001858,0.413013 0.029268 0.233828,-0.037019 0.155212 -0.987187,-0.034469 0.156434 -0.987087,-0.000006 -0.000003 -0.000000,0.006454,0.188588,0.189000
5.10000,0.004989 -0.034650 0.016765 0.076231 0.010607 0.111916 -0.001765,0.412996 0.029339 0.233434,-0.037030 0.155258 -0.987180,-0.034469 0.156434 -0.987087,-0.000006 -0.000003 -0.000000,0.006565,0.188988,0.189400
5.11000,0.005028 -0.034766 0.016808 0.076190 0.010489 0.112016 -0.001675,0.412979 0.029410 0.233041,-0.037041 0.155303 -0.987172,-0.034469 0.156434 -0.987087,-0.000006 -0.000003 -0.000000,0.006674,0.189388,0.189800
5.12000,0.002227 -0.016301 0.008683 0.040917 0.006767 0.061310 -0.001673,0.412962 0.029480 0.232648,-0.037052 0.155346 -0.987165,-0.034469 0.156434 -0.987087,-0.000006 -0.000003 -0.000000,0.006780,0.189788,0.190000
5.13000,-0.000719 0.003031 0.000192 0.004150 0.002906 0.008260 -0.001698,0.412960 0.029519 0.232447,-0.037023 0.155383 -0.987160,-0.034469 0.156434 -0.987087,-0.000006 -0.000003 -0.000000,0.006718,0.189992,0.190000
5.14000,-0.000699 0.002948 0.000188 0.004038 0.002823 0.008036 -0.001649,0.412973 0.029525 0.232447,-0.036954 0.155413 -0.987158,-0.034469 0.156434 -0.987087,-0.000006 -0.000003 -0.000000,0.006584,0.189992,0.190000
5.15000,-0.000679 0.002868 0.000185 0.003929 0.002741 0.007819 -0.001601,0.412986 0.029530 0.232447,-0.036886 0.155443 -0.987156,-0.034469 0.156434 -0.987087,-0.000006 -0.000003 -0.000000,0.006452,0.189993,0.190000
5.16000,-0.000660 0.002789 0.000182 0.003822 0.002663 0.007607 -0.001554,0.412999 0.029536 0.232448,-0.036821 0.155471 -0.987154,-0.034469 0.156434 -0.987087,-0.000006 -0.000003 -0.000000,0.006324,0.189993,0.190000
5.17000,-0.000642 0.002713 0.000178 0.003719 0.002586 0.007401 -0.001509,0.413011 0.029541 0.232448,-0.036757 0.155499 -0.987152,-0.034469 0.156434 -0.987087,-0.000006 -0.000003 -0.000000,0.006198,0.189993,0.190000
5.18000,-0.000624 0.002639 0.000175 0.003619 0.002512 0.007200 -0.001465,0.413023 0.029546 0.232448,-0.036694 0.155526 -0.987150,-0.034469 0.156434 -0.987087,-0.000006 -0.000003 -0.000000,0.006074,0.189993,0.190000
5.19000,-0.000607 0.002566 0.000172 0.003521 0.002439 0.007005 -0.001423,0.413034 0.029551 0.232448,-0.036634 0.155552 -0.987148,-0.034469 0.156434 -0.987087,-0.000005 -0.000003 -0.000000,0.005953,0.189993,0.190000
5.20000,-0.000590 0.002496 0.000169 0.003426 0.002369 0.006816 -0.001381,0.413046 0.029556 0.232449,-0.036575 0.155578 -0.987146,-0.034469 0.156434 -0.987087,-0.000005 -0.000002 -0.000000,0.005834,0.189993,0.190000
5.21000,-0.000573 0.002428 0.000165 0.003333 0.002301 0.006631 -0.001341,0.413057 0.029561 0.232449,-0.036518 0.155603 -0.987145,-0.034469 0.156434 -0.987087,-0.000005 -0.000002 -0.000000,0.005718,0.189993,0.190000
5.22000,-0.000557 0.002361 0.000162 0.003243 0.002235 0.006451 -0.001302,0.413067 0.029566 0.232449,-0.036462 0.155627 -0.987143,-0.034469 0.156434 -0.987087,-0.000005 -0.000002 -0.000000,0.005604,0.189994,0.190000
5.23000,-0.000542 0.002297 0.000159 0.003155 0.002170 0.006277 -0.001264,0.413078 0.029570 0.232449,-0.036408 0.155650 -0.987141,-0.034469 0.156434 -0.987087,-0.000005 -0.000002 -0.000000,0.005492,0.189994,0.190000
5.24000,-0.000527 0.002234 0.000156 0.003070 0.002108 0.006107 -0.001227,0.413088 0.029575 0.232449,-0.036355 0.155673 -0.987139,-0.034469 0.156434 -0.987087,-0.000005 -0.000002 -0.000000,0.005382,0.189994,0.190000
5.25000,-0.000512 0.002173 0.000153 0.002987 0.002047 0.005941 -0.001192,0.413098 0.029579 0.232450,-0.036304 0.155695 -0.987138,-0.034469 0.156434 -0.987087,-0.000005 -0.000002 -0.000000,0.005275,0.189994,0.190000
5.26000,-0.000498 0.002113 0.000151 0.002906 0.001988 0.005780 -0.001157,0.413107 0.029583 0.232450,-0.036254 0.155716 -0.987136,-0.034469 0.156434 -0.987087,-0.000005 -0.000002 -0.000000,0.005169,0.189994,0.190000
5.27000,-0.000484 0.002055 0.000148 0.002828 0.001931 0.005624 -0.001123,0.413117 0.029587 0.232450,-0.036205 0.155737 -0.987135,-0.034469 0.156434 -0.987087,-0.000005 -0.000002 -0.000000,0.005066,0.189994,0.190000
5.28000,-0.000470 0.001999 0.000145 0.002752 0.001875 0.005472 -0.001091,0.413126 0.029591 0.232450,-0.036158 0.155757 -0.987133,-0.034469 0.156434 -0.987087,-0.000004 -0.000002 -0.000000,0.004965,0.189994,0.190000
5.29000,-0.000457 0.001944 0.000142 0.002677 0.001821 0.005323 -0.001059,0.413134 0.029595 0.232450,-0.036112 0.155776 -0.987132,-0.034469 0.156434 -0.987087,-0.000004 -0.000002 -0.000000,0.004866,0.189994,0.190000
5.30000,-0.000445 0.001891 0.000139 0.002605 0.001769 0.005179 -0.001028,0.413143 0.029598 0.232450,-0.036068 0.155795 -0.987131,-0.034469 0.156434 -0.987087,-0.000004 -0.000002 -0.000000,0.004769,0.189995,0.190000
5.31000,-0.000432 0.001839 0.000137 0.002535 0.001718 0.005039 -0.000998,0.413151 0.029602 0.232451,-0.036024 0.155814 -0.987129,-0.034469 0.156434 -0.987087,-0.000004 -0.000002 -0.000000,0.004674,0.189995,0.190000
5.32000,-0.000420 0.001789 0.000134 0.002466 0.001668 0.004903 -0.000969,0.413159 0.029605 0.232451,-0.035982 0.155832 -0.987128,-0.034469 0.156434 -0.987087,-0.000004 -0.000002 -0.000000,0.004580,0.189995,0.190000
5.33000,-0.000408 0.001740 0.000131 0.002399 0.001620 0.004770 -0.000941,0.413167 0.029609 0.232451,-0.035941 0.155849 -0.987127,-0.034469 0.156434 -0.987087,-0.000004 -0.000002 -0.000000,0.004489,0.189995,0.190000
5.34000,-0.000397 0.001692 0.000129 0.002335 0.001573 0.004641 -0.000913,0.413175 0.029612 0.232451,-0.035901 0.155866 -0.987126,-0.034469 0.156434 -0.987087,-0.000004 -0.000002 -0.000000,0.004399,0.189995,0.190000
5.35000,-0.000386 0.001646 0.000126 0.002272 0.001528 0.004515 -0.000887,0.413183 0.029615 0.232451,-0.035862 0.155883 -0.987124,-0.034469 0.156434 -0.987087,-0.000004 -0.000002 -0.000000,0.004311,0.189995,0.190000
5.36000,-0.000375 0.001601 0.000124 0.002210 0.001484 0.004393 -0.000861,0.413190 0.029618 0.232451,-0.035824 0.155899 -0.987123,-0.034469 0.156434 -0.987087,-0.000004 -0.000002 -0.000000,0.004225,0.189995,0.190000
5.37000,-0.000365 0.001557 0.000121 0.002150 0.001441 0.004274 -0.000836,0.413197 0.029621 0.232451,-0.035787 0.155914 -0.987122,-0.034469 0.156434 -0.987087,-0.000004 -0.000002 -0.000000,0.004141,0.189995,0.190000
5.38000,-0.000355 0.001515 0.000119 0.002092 0.001400 0.004158 -0.000811,0.413204 0.029624 0.232451,-0.035751 0.155929 -0.987121,-0.034469 0.156434 -0.987087,-0.000004 -0.000002 -0.000000,0.004058,0.189995,0.190000
5.39000,-0.000345 0.001473 0.000117 0.002036 0.001359 0.004045 -0.000788,0.413210 0.029627 0.232452,-0.035717 0.155944 -0.987120,-0.034469 0.156434 -0.987087,-0.000004 -0.000002 -0.000000,0.003977,0.189995,0.190000
5.40000,-0.000335 0.001433 0.000114 0.001981 0.001320 0.003936 -0.000765,0.413217 0.029630 0.232452,-0.035683 0.155958 -0.987119,-0.034469 0.156434 -0.987087,-0.000004 -0.000002 -0.000000,0.003898,0.189996,0.190000
5.41000,-0.000326 0.001394 0.000112 0.001927 0.001282 0.003829 -0.000742,0.413223 0.029632 0.232452,-0.035650 0.155972 -0.987118,-0.034469 0.156434 -0.987087,-0.000003 -0.000002 -0.000000,0.003820,0.189996,0.190000
5.42000,-0.000317 0.001356 0.000110 0.001875 0.001245 0.003726 -0.000721,0.413229 0.029635 0.232452,-0.035618 0.155985 -0.987117,-0.034469 0.156434 -0.987087,-0.000003 -0.000002 -0.000000,0.003743,0.189996,0.190000
5.43000,-0.000308 0.001319 0.000108 0.001825 0.001209 0.003625 -0.000700,0.413235 0.029637 0.232452,-0.035586 0.155998 -0.987116,-0.034469 0.156434 -0.987087,-0.000003 -0.000002 -0.000000,0.003669,0.189996,0.190000
5.44000,-0.000299 0.001282 0.000106 0.001775 0.001174 0.003527 -0.000679,0.413241 0.029640 0.232452,-0.035556 0.156011 -0.987115,-0.034469 0.156434 -0.987087,-0.000003 -0.000002 -0.000000,0.003595,0.189996,0.190000
5.45000,-0.000291 0.001247 0.000103 0.001727 0.001140 0.003431 -0.000659,0.413247 0.029642 0.232452,-0.035526 0.156023 -0.987114,-0.034469 0.156434 -0.987087,-0.000003 -0.000001 -0.000000,0.003524,0.189996,0.190000
5.46000,-0.000283 0.001213 0.000101 0.001681 0.001107 0.003338 -0.000640,0.413252 0.029645 0.232452,-0.035498 0.156035 -0.987113,-0.034469 0.156434 -0.987087,-0.000003 -0.000001 -0.000000,0.003453,0.189996,0.190000
5.47000,-0.000275 0.001180 0.000099 0.001635 0.001075 0.003248 -0.000621,0.413258 0.029647 0.232452,-0.035470 0.156046 -0.987113,-0.034469 0.156434 -0.987087,-0.000003 -0.000001 -0.000000,0.003384,0.189996,0.190000
5.48000,-0.000268 0.001148 0.000097 0.001591 0.001044 0.003160 -0.000603,0.413263 0.029649 0.232452,-0.035443 0.156058 -0.987112,-0.034469 0.156434 -0.987087,-0.000003 -0.000001 -0.000000,0.003317,0.189996,0.190000
5.49000,-0.000260 0.001116 0.000095 0.001548 0.001014 0.003074 -0.000586,0.413268 0.029651 0.232452,-0.035416 0.156068 -0.987111,-0.034469 0.156434 -0.987087,-0.000003 -0.000001 -0.000000,0.003250,0.189996,0.190000
5.50000,-0.000253 0.001086 0.000093 0.001506 0.000985 0.002991 -0.000569,0.413273 0.029653 0.232453,-0.035390 0.156079 -0.987110,-0.034469 0.156434 -0.987087,-0.000003 -0.000001 -0.000000,0.003185,0.189996,0.190000
5.51000,-0.000246 0.001056 0.000092 0.001466 0.000956 0.002910 -0.000552,0.413278 0.029655 0.232453,-0.035365 0.156089 -0.987110,-0.034469 0.156434 -0.987087,-0.000003 -0.000001 -0.000000,0.003122,0.189996,0.190000
5.52000,-0.000239 0.001027 0.000090 0.001426 0.000929 0.002831 -0.000536,0.413283 0.029657 0.232453,-0.035341 0.156099 -0.987109,-0.034469 0.156434 -0.987087,-0.000003 -0.000001 -0.000000,0.003059,0.189996,0.190000
5.53000,-0.000232 0.000999 0.000088 0.001388 0.000902 0.002755 -0.000520,0.413287 0.029659 0.232453,-0.035317 0.156109 -0.987108,-0.034469 0.156434 -0.987087,-0.000003 -0.000001 -0.000000,0.002998,0.189997,0.190000
5.54000,-0.000226 0.000972 0.000086 0.001350 0.000876 0.002680 -0.000505,0.413292 0.029661 0.232453,-0.035294 0.156118 -0.987108,-0.034469 0.156434 -0.987087,-0.000003 -0.000001 -0.000000,0.002938,0.189997,0.190000
5.55000,-0.000220 0.000945 0.000084 0.001314 0.000851 0.002608 -0.000490,0.413296 0.029662 0.232453,-0.035272 0.156128 -0.987107,-0.034469 0.156434 -0.987087,-0.000003 -0.000001 -0.000000,0.002880,0.189997,0.190000
5.56000,-0.000213 0.000919 0.000083 0.001278 0.000826 0.002537 -0.000476,0.413300 0.029664 0.232453,-0.035250 0.156136 -0.987106,-0.034469 0.156434 -0.987087,-0.000003 -0.000001 -0.000000,0.002822,0.189997,0.190000
5.57000,-0.000208 0.000894 0.000081 0.001244 0.000802 0.002468 -0.000462,0.413304 0.029666 0.232453,-0.035229 0.156145 -0.987106,-0.034469 0.156434 -0.987087,-0.000003 -0.000001 -0.000000,0.002766,0.189997,0.190000
5.58000,-0.000202 0.000870 0.000079 0.001210 0.000779 0.002402 -0.000448,0.413308 0.029668 0.232453,-0.035208 0.156153 -0.987105,-0.034469 0.156434 -0.987087,-0.000002 -0.000001 -0.000000,0.002710,0.189997,0.190000
5.59000,-0.000196 0.000846 0.000077 0.001178 0.000757 0.002337 -0.000435,0.413312 0.029669 0.232453,-0.035188 0.156162 -0.987105,-0.034469 0.156434 -0.987087,-0.000002 -0.000001 -0.000000,0.002656,0.189997,0.190000
5.60000,-0.000191 0.000823 0.000076 0.001146 0.000735 0.002273 -0.000422,0.413316 0.029671 0.232453,-0.035169 0.156169 -0.987104,-0.034469 0.156434 -0.987087,-0.000002 -0.000001 -0.000000,0.002603,0.189997,0.190000
5.61000,-0.000185 0.000800 0.000074 0.001115 0.000713 0.002212 -0.000410,0.413319 0.029672 0.232453,-0.035150 0.156177 -0.987103,-0.034469 0.156434 -0.987087,-0.000002 -0.000001 -0.000000,0.002551,0.189997,0.190000
5.62000,-0.000180 0.000778 0.000073 0.001085 0.000693 0.002152 -0.000398,0.413323 0.029674 0.232453,-0.035131 0.156185 -0.987103,-0.034469 0.156434 -0.987087,-0.000002 -0.000001 -0.000000,0.002500,0.189997,0.190000
5.63000,-0.000175 0.000757 0.000071 0.001055 0.000673 0.002094 -0.000386,0.413326 0.029675 0.232453,-0.035113 0.156192 -0.987102,-0.034469 0.156434 -0.987087,-0.000002 -0.000001 -0.000000,0.002450,0.189997,0.190000
5.64000,-0.000170 0.000736 0.000070 0.001027 0.000653 0.002037 -0.000375,0.413330 0.029676 0.232453,-0.035096 0.156199 -0.987102,-0.034469 0.156434 -0.987087,-0.000002 -0.000001 -0.000000,0.002401,0.189997,0.190000
5.65000,-0.000166 0.000716 0.000068 0.000999 0.000634 0.001982 -0.000364,0.413333 0.029678 0.232453,-0.035079 0.156206 -0.987101,-0.034469 0.156434 -0.987087,-0.000002 -0.000001 -0.000000,0.002353,0.189997,0.190000
5.66000,-0.000161 0.000697 0.000067 0.000972 0.000616 0.001928 -0.000353,0.413336 0.029679 0.232453,-0.035062 0.156212 -0.987101,-0.034469 0.156434 -0.987087,-0.000002 -0.000001 -0.000000,0.002306,0.189997,0.190000
5.67000,-0.000157 0.000678 0.000065 0.000946 0.000598 0.001876 -0.000343,0.413339 0.029680 0.232453,-0.035046 0.156219 -0.987101,-0.034469 0.156434 -0.987087,-0.000002 -0.000001 -0.000000,0.002260,0.189997,0.190000
5.68000,-0.000152 0.000659 0.000064 0.000920 0.000581 0.001825 -0.000333,0.413342 0.029681 0.232453,-0.035030 0.156225 -0.987100,-0.034469 0.156434 -0.987087,-0.000002 -0.000001 -0.000000,0.002215,0.189997,0.190000
5.69000,-0.000148 0.000641 0.000063 0.000896 0.000564 0.001776 -0.000323,0.413345 0.029683 0.232453,-0.035015 0.156231 -0.987100,-0.034469 0.156434 -0.987087,-0.000002 -0.000001 -0.000000,0.002170,0.189997,0.190000
5.70000,-0.000144 0.000623 0.000061 0.000871 0.000548 0.001728 -0.000314,0.413348 0.029684 0.232454,-0.035000 0.156237 -0.987099,-0.034469 0.156434 -0.987087,-0.000002 -0.000001 -0.000000,0.002127,0.189998,0.190000
5.71000,-0.000140 0.000606 0.000060 0.000848 0.000532 0.001681 -0.000305,0.413351 0.029685 0.232454,-0.034986 0.156243 -0.987099,-0.034469 0.156434 -0.987087,-0.000002 -0.000001 -0.000000,0.002085,0.189998,0.190000
5.72000,-0.000136 0.000590 0.000059 0.000825 0.000517 0.001636 -0.000296,0.413354 0.029686 0.232454,-0.034972 0.156248 -0.987099,-0.034469 0.156434 -0.987087,-0.000002 -0.000001 -0.000000,0.002043,0.189998,0.190000
5.73000,-0.000132 0.000574 0.000058 0.000803 0.000502 0.001592 -0.000287,0.413356 0.029687 0.232454,-0.034958 0.156254 -0.987098,-0.034469 0.156434 -0.987087,-0.000002 -0.000001 -0.000000,0.002002,0.189998,0.190000
5.74000,-0.000129 0.000558 0.000056 0.000781 0.000487 0.001548 -0.000279,0.413359 0.029688 0.232454,-0.034945 0.156259 -0.987098,-0.034469 0.156434 -0.987087,-0.000002 -0.000001 -0.000000,0.001962,0.189998,0.190000
5.75000,-0.000125 0.000543 0.000055 0.000760 0.000473 0.001507 -0.000270,0.413361 0.029689 0.232454,-0.034932 0.156264 -0.987097,-0.034469 0.156434 -0.987087,-0.000002 -0.000001 -0.000000,0.001923,0.189998,0.190000
5.76000,-0.000121 0.000528 0.000054 0.000739 0.000459 0.001466 -0.000262,0.413364 0.029690 0.232454,-0.034919 0.156269 -0.987097,-0.034469 0.156434 -0.987087,-0.000002 -0.000001 -0.000000,0.001884,0.189998,0.190000
5.77000,-0.000118 0.000513 0.000053 0.000719 0.000446 0.001426 -0.000255,0.413366 0.029691 0.232454,-0.034907 0.156274 -0.987097,-0.034469 0.156434 -0.987087,-0.000002 -0.000001 -0.000000,0.001847,0.189998,0.190000
5.78000,-0.000115 0.000499 0.000052 0.000700 0.000433 0.001388 -0.000247,0.413368 0.029692 0.232454,-0.034895 0.156278 -0.987096,-0.034469 0.156434 -0.987087,-0.000002 -0.000001 -0.000000,0.001810,0.189998,0.190000
5.79000,-0.000112 0.000486 0.000051 0.000681 0.000421 0.001350 -0.000240,0.413371 0.029693 0.232454,-0.034884 0.156283 -0.987096,-0.034469 0.156434 -0.987087,-0.000002 -0.000001 -0.000000,0.001774,0.189998,0.190000
5.80000,-0.000109 0.000472 0.000049 0.000663 0.000408 0.001314 -0.000233,0.413373 0.029694 0.232454,-0.034872 0.156287 -0.987096,-0.034469 0.156434 -0.987087,-0.000002 -0.000001 -0.000000,0.001738,0.189998,0.190000
5.81000,-0.000105 0.000459 0.000048 0.000645 0.000397 0.001278 -0.000226,0.413375 0.029694 0.232454,-0.034861 0.156291 -0.987096,-0.034469 0.156434 -0.987087,-0.000002 -0.000001 -0.000000,0.001703,0.189998,0.190000
5.82000,-0.000103 0.000447 0.000047 0.000627 0.000385 0.001243 -0.000219,0.413377 0.029695 0.232454,-0.034851 0.156296 -0.987095,-0.034469 0.156434 -0.987087,-0.000002 -0.000001 -0.000000,0.001669,0.189998,0.190000
5.83000,-0.000100 0.000435 0.000046 0.000611 0.000374 0.001210 -0.000213,0.413379 0.029696 0.232454,-0.034840 0.156300 -0.987095,-0.034469 0.156434 -0.987087,-0.000001 -0.000001 -0.000000,0.001636,0.189998,0.190000
5.84000,-0.000097 0.000423 0.000045 0.000594 0.000363 0.001177 -0.000207,0.413381 0.029697 0.232454,-0.034830 0.156303 -0.987095,-0.034469 0.156434 -0.987087,-0.000001 -0.000001 -0.000000,0.001603,0.189998,0.190000
5.85000,-0.000094 0.000411 0.000044 0.000578 0.000353 0.001145 -0.000201,0.413383 0.029697 0.232454,-0.034821 0.156307 -0.987095,-0.034469 0.156434 -0.987087,-0.000001 -0.000001 -0.000000,0.001571,0.189998,0.190000
5.86000,-0.000092 0.000400 0.000043 0.000562 0.000342 0.001114 -0.000195,0.413385 0.029698 0.232454,-0.034811 0.156311 -0.987094,-0.034469 0.156434 -0.987087,-0.000001 -0.000001 -0.000000,0.001540,0.189998,0.190000
5.87000,-0.000089 0.000389 0.000042 0.000547 0.000332 0.001084 -0.000189,0.413386 0.029699 0.232454,-0.034802 0.156315 -0.987094,-0.034469 0.156434 -0.987087,-0.000001 -0.000001 -0.000000,0.001509,0.189998,0.190000
5.88000,-0.000087 0.000378 0.000042 0.000532 0.000323 0.001055 -0.000183,0.413388 0.029700 0.232454,-0.034793 0.156318 -0.987094,-0.034469 0.156434 -0.987087,-0.000001 -0.000001 -0.000000,0.001479,0.189998,0.190000
5.89000,-0.000084 0.000368 0.000041 0.000518 0.000313 0.001026 -0.000178,0.413390 0.029700 0.232454,-0.034784 0.156321 -0.987094,-0.034469 0.156434 -0.987087,-0.000001 -0.000001 -0.000000,0.001449,0.189998,0.190000
5.90000,-0.000082 0.000358 0.000040 0.000504 0.000304 0.000999 -0.000173,0.413391 0.029701 0.232454,-0.034775 0.156325 -0.987093,-0.034469 0.156434 -0.987087,-0.000001 -0.000001 -0.000000,0.001420,0.189998,0.190000
5.91000,-0.000080 0.000348 0.000039 0.000491 0.000296 0.000972 -0.000168,0.413393 0.029701 0.232454,-0.034767 0.156328 -0.987093,-0.034469 0.156434 -0.987087,-0.000001 -0.000001 -0.000000,0.001392,0.189998,0.190000
5.92000,-0.000077 0.000339 0.000038 0.000477 0.000287 0.000945 -0.000163,0.413395 0.029702 0.232454,-0.034759 0.156331 -0.987093,-0.034469 0.156434 -0.987087,-0.000001 -0.000001 -0.000000,0.001364,0.189998,0.190000
5.93000,-0.000075 0.000329 0.000037 0.000464 0.000279 0.000920 -0.000158,0.413396 0.029703 0.232454,-0.034751 0.156334 -0.987093,-0.034469 0.156434 -0.987087,-0.000001 -0.000001 -0.000000,0.001337,0.189998,0.190000
5.94000,-0.000073 0.000320 0.000036 0.000452 0.000271 0.000895 -0.000153,0.413398 0.029703 0.232454,-0.034743 0.156337 -0.987093,-0.034469 0.156434 -0.987087,-0.000001 -0.000001 -0.000000,0.001310,0.189998,0.190000
5.95000,-0.000071 0.000312 0.000036 0.000440 0.000263 0.000871 -0.000149,0.413399 0.029704 0.232454,-0.034736 0.156340 -0.987092,-0.034469 0.156434 -0.987087,-0.000001 -0.000001 -0.000000,0.001284,0.189998,0.190000
5.96000,-0.000069 0.000303 0.000035 0.000428 0.000255 0.000847 -0.000144,0.413400 0.029704 0.232454,-0.034729 0.156342 -0.987092,-0.034469 0.156434 -0.987087,-0.000001 -0.000001 -0.000000,0.001258,0.189999,0.190000
5.97000,-0.000067 0.000295 0.000034 0.000416 0.000248 0.000824 -0.000140,0.413402 0.029705 0.232454,-0.034722 0.156345 -0.987092,-0.034469 0.156434 -0.987087,-0.000001 -0.000001 -0.000000,0.001233,0.189999,0.190000
5.98000,-0.000065 0.000287 0.000033 0.000405 0.000240 0.000802 -0.000136,0.413403 0.029705 0.232454,-0.034715 0.156348 -0.987092,-0.034469 0.156434 -0.987087,-0.000001 -0.000001 -0.000000,0.001208,0.189999,0.190000
5.99000,-0.000064 0.000279 0.000033 0.000394 0.000234 0.000780 -0.000132,0.413404 0.029706 0.232454,-0.034708 0.156350 -0.987092,-0.034469 0.156434 -0.987087,-0.000001 -0.000001 -0.000000,0.001184,0.189999,0.190000
6.00000,-0.004316 0.033392 -0.014525 -0.077251 -0.019031 -0.116456 0.007284,0.413406 0.029706 0.232454,-0.034702 0.156353 -0.987092,-0.038803 0.152123 -0.987600,-0.000001 -0.000000 -0.000000,0.001160,0.189999,0.189600
6.01000,-0.002644 0.028031 -0.012465 -0.083290 -0.030505 -0.129615 0.014639,0.413413 0.029619 0.232845,-0.034734 0.156222 -0.987111,-0.043140 0.147809 -0.988075,-0.000001 -0.000001 -0.000000,0.001418,0.189599,0.189200
6.02000,-0.000993 0.022756 -0.010453 -0.089220 -0.041624 -0.142418 0.021772,0.413399 0.029509 0.233234,-0.034883 0.155974 -0.987145,-0.047481 0.143492 -0.988512,-0.000002 -0.000001 -0.000000,0.001757,0.189198,0.188800
6.03000,0.000641 0.017563 -0.008488 -0.095044 -0.052394 -0.154878 0.028687,0.413362 0.029378 0.233619,-0.035148 0.155611 -0.987193,-0.051826 0.139173 -0.988911,-0.000002 -0.000001 -0.000000,0.002180,0.188798,0.188400
6.04000,0.002260 0.012448 -0.006572 -0.100765 -0.062820 -0.167004 0.035385,0.413305 0.029226 0.234003,-0.035525 0.155136 -0.987254,-0.056175 0.134851 -0.989272,-0.000002 -0.000001 -0.000000,0.002686,0.188398,0.188000
6.05000,0.003868 0.007407 -0.004702 -0.106387 -0.072909 -0.178806 0.041869,0.413227 0.029054 0.234384,-0.036011 0.154553 -0.987328,-0.060526 0.130526 -0.989596,-0.000003 -0.000002 -0.000000,0.003277,0.187998,0.187600
6.06000,0.005465 0.002436 -0.002879 -0.111913 -0.082667 -0.190295 0.048142,0.413130 0.028862 0.234763,-0.036603 0.153865 -0.987414,-0.064880 0.126199 -0.989881,-0.000003 -0.000002 -0.000000,0.003951,0.187598,0.187200
6.07000,0.007054 -0.002466 -0.001103 -0.117343 -0.092101 -0.201480 0.054208,0.413014 0.028652 0.235140,-0.037299 0.153075 -0.987510,-0.069236 0.121869 -0.990128,-0.000004 -0.000003 -0.000000,0.004709,0.187198,0.186800
6.08000,0.008636 -0.007303 0.000627 -0.122683 -0.101216 -0.212370 0.060070,0.412880 0.028424 0.235515,-0.038094 0.152185 -0.987618,-0.073594 0.117537 -0.990338,-0.000004 -0.000004 -0.000000,0.005548,0.186797,0.186400
6.09000,0.010214 -0.012078 0.002311 -0.127932 -0.110020 -0.222973 0.065732,0.412728 0.028179 0.235889,-0.038988 0.151199 -0.987734,-0.077954 0.113203 -0.990509,-0.000005 -0.000004 -0.000000,0.006466,0.186397,0.186000
6.10000,0.011788 -0.016794 0.003950 -0.133095 -0.118519 -0.233299 0.071196,0.412559 0.027916 0.236261,-0.039976 0.150119 -0.987859,-0.082316 0.108867 -0.990642,-0.000005 -0.000005 -0.000001,0.007462,0.185997,0.185600
6.11000,0.013360 -0.021452 0.005544 -0.138172 -0.126719 -0.243355 0.076468,0.412374 0.027638 0.236631,-0.041057 0.148947 -0.987992,-0.086678 0.104528 -0.990738,-0.000006 -0.000006 -0.000001,0.008533,0.185596,0.185200
6.12000,0.014930 -0.026055 0.007095 -0.143167 -0.134628 -0.253149 0.081550,0.412173 0.027344 0.237001,-0.042229 0.147687 -0.988132,-0.091041 0.100188 -0.990795,-0.000007 -0.000007 -0.000001,0.009678,0.185196,0.184800
6.13000,0.016501 -0.030606 0.008601 -0.148080 -0.142253 -0.262688 0.086447,0.411956 0.027035 0.237370,-0.043487 0.146340 -0.988278,-0.095404 0.095845 -0.990814,-0.000007 -0.000008 -0.000001,0.010893,0.184796,0.184400
6.14000,0.018072 -0.035105 0.010066 -0.152914 -0.149599 -0.271980 0.091163,0.411725 0.026712 0.237738,-0.044831 0.144910 -0.988429,-0.099767 0.091501 -0.990795,-0.000008 -0.000009 -0.000001,0.012176,0.184395,0.184000
6.15000,0.019644 -0.039556 0.011488 -0.157670 -0.156674 -0.281032 0.095701,0.411480 0.026374 0.238105,-0.046258 0.143398 -0.988583,-0.104130 0.087155 -0.990738,-0.000009 -0.000010 -0.000001,0.013526,0.183995,0.183600
6.16000,0.021219 -0.043959 0.012868 -0.162350 -0.163484 -0.289849 0.100066,0.411221 0.026023 0.238472,-0.047765 0.141806 -0.988741,-0.108493 0.082808 -0.990642,-0.000010 -0.000011 -0.000001,0.014938,0.183594,0.183200
6.17000,0.022796 -0.048317 0.014208 -0.166955 -0.170037 -0.298440 0.104262,0.410949 0.025660 0.238838,-0.049351 0.140137 -0.988901,-0.112854 0.078459 -0.990509,-0.000010 -0.000013 -0.000001,0.016411,0.183194,0.182800
6.18000,0.024376 -0.052631 0.015508 -0.171487 -0.176338 -0.306809 0.108292,0.410664 0.025283 0.239205,-0.051013 0.138393 -0.989063,-0.117214 0.074108 -0.990338,-0.000011 -0.000014 -0.000001,0.017942,0.182793,0.182400
6.19000,0.025959 -0.056901 0.016769 -0.175947 -0.182394 -0.314963 0.112161,0.410367 0.024895 0.239572,-0.052749 0.136576 -0.989224,-0.121572 0.069756 -0.990128,-0.000012 -0.000015 -0.000001,0.019529,0.182392,0.182000
6.20000,0.025597 -0.055347 0.015854 -0.173943 -0.176893 -0.309400 0.108642,0.410058 0.024495 0.239939,-0.054558 0.134688 -0.989385,-0.121572 0.069756 -0.990128,-0.000013 -0.000017 -0.000002,0.021168,0.181992,0.181600
6.21000,0.025230 -0.053819 0.014966 -0.171982 -0.171570 -0.303978 0.105241,0.409760 0.024106 0.240308,-0.056316 0.132852 -0.989535,-0.121572 0.069756 -0.990128,-0.000014 -0.000018 -0.000002,0.022711,0.181591,0.181200
6.22000,0.024859 -0.052318 0.014106 -0.170064 -0.166418 -0.298694 0.101954,0.409472 0.023729 0.240679,-0.058026 0.131066 -0.989674,-0.121572 0.069756 -0.990128,-0.000014 -0.000019 -0.000002,0.024162,0.181190,0.180800
6.23000,0.024485 -0.050844 0.013271 -0.168189 -0.161432 -0.293545 0.098776,0.409194 0.023361 0.241052,-0.059688 0.129331 -0.989803,-0.121572 0.069756 -0.990128,-0.000015 -0.000021 -0.000002,0.025524,0.180790,0.180400
6.24000,0.024109 -0.049398 0.012463 -0.166355 -0.156606 -0.288528 0.095704,0.408926 0.023004 0.241427,-0.061305 0.127643 -0.989924,-0.121572 0.069756 -0.990128,-0.000016 -0.000022 -0.000002,0.026801,0.180389,0.180000
6.25000,0.023732 -0.047979 0.011678 -0.164562 -0.151933 -0.283640 0.092734,0.408667 0.022656 0.241803,-0.062877 0.126002 -0.990035,-0.121572 0.069756 -0.990128,-0.000016 -0.000023 -0.000002,0.027997,0.179989,0.179600
6.26000,0.023353 -0.046587 0.010918 -0.162810 -0.147410 -0.278878 0.089862,0.408417 0.022318 0.242181,-0.064406 0.124407 -0.990139,-0.121572 0.069756 -0.990128,-0.000017 -0.000024 -0.000002,0.029116,0.179588,0.179200
6.27000,0.022975 -0.045222 0.010180 -0.161098 -0.143031 -0.274239 0.087085,0.408175 0.021990 0.242560,-0.065892 0.122856 -0.990235,-0.121572 0.069756 -0.990128,-0.000017 -0.000025 -0.000002,0.030160,0.179188,0.178800
6.28000,0.022597 -0.043884 0.009464 -0.159425 -0.138790 -0.269721 0.084398,0.407943 0.021670 0.242941,-0.067338 0.121349 -0.990323,-0.121572 0.069756 -0.990128,-0.000018 -0.000025 -0.000002,0.031134,0.178787,0.178400
6.29000,0.022220 -0.042573 0.008770 -0.157791 -0.134684 -0.265319 0.081800,0.407719 0.021359 0.243323,-0.068743 0.119883 -0.990405,-0.121572 0.069756 -0.990128,-0.000019 -0.000026 -0.000002,0.032041,0.178387,0.178000
6.30000,0.021844 -0.041289 0.008097 -0.156195 -0.130708 -0.261033 0.079286,0.407502 0.021057 0.243706,-0.070110 0.118458 -0.990481,-0.121572 0.069756 -0.990128,-0.000019 -0.000027 -0.000002,0.032884,0.177986,0.177600
6.31000,0.021471 -0.040032 0.007443 -0.154637 -0.126857 -0.256858 0.076854,0.407294 0.020763 0.244090,-0.071439 0.117073 -0.990551,-0.121572 0.069756 -0.990128,-0.000019 -0.000027 -0.000002,0.033666,0.177586,0.177200
6.32000,0.021099 -0.038800 0.006809 -0.153116 -0.123127 -0.252792 0.074501,0.407093 0.020477 0.244476,-0.072731 0.115727 -0.990615,-0.121572 0.069756 -0.990128,-0.000020 -0.000028 -0.000002,0.034389,0.177186,0.176800
6.33000,0.020731 -0.037595 0.006193 -0.151631 -0.119515 -0.248832 0.072224,0.406900 0.020199 0.244862,-0.073987 0.114419 -0.990674,-0.121572 0.069756 -0.990128,-0.000020 -0.000029 -0.000002,0.035057,0.176785,0.176400
6.34000,0.020365 -0.036416 0.005596 -0.150181 -0.116015 -0.244977 0.070021,0.406714 0.019928 0.245249,-0.075209 0.113147 -0.990728,-0.121572 0.069756 -0.990128,-0.000021 -0.000029 -0.000002,0.035672,0.176385,0.176000
6.35000,0.020003 -0.035263 0.005016 -0.148766 -0.112625 -0.241223 0.067888,0.406534 0.019665 0.245637,-0.076397 0.111910 -0.990777,-0.121572 0.069756 -0.990128,-0.000021 -0.000029 -0.000002,0.036237,0.175985,0.175600
6.36000,0.019645 -0.034135 0.004453 -0.147386 -0.109341 -0.237568 0.065823,0.406362 0.019409 0.246025,-0.077553 0.110709 -0.990822,-0.121572 0.069756 -0.990128,-0.000021 -0.000030 -0.000002,0.036755,0.175584,0.175200
6.37000,0.019290 -0.033031 0.003907 -0.146039 -0.106160 -0.234009 0.063825,0.406196 0.019160 0.246415,-0.078676 0.109541 -0.990864,-0.121572 0.069756 -0.990128,-0.000022 -0.000030 -0.000002,0.037226,0.175184,0.174800
6.38000,0.018940 -0.031953 0.003376 -0.144726 -0.103077 -0.230544 0.061890,0.406036 0.018917 0.246805,-0.079768 0.108406 -0.990901,-0.121572 0.069756 -0.990128,-0.000022 -0.000031 -0.000002,0.037655,0.174784,0.174400
6.39000,0.018593 -0.030899 0.002861 -0.143444 -0.100090 -0.227171 0.060017,0.405882 0.018681 0.247196,-0.080831 0.107303 -0.990935,-0.121572 0.069756 -0.990128,-0.000022 -0.000031 -0.000002,0.038042,0.174384,0.174000
6.40000,0.018252 -0.029870 0.002361 -0.142195 -0.097196 -0.223887 0.058203,0.405735 0.018451 0.247587,-0.081864 0.106230 -0.990966,-0.121572 0.069756 -0.990128,-0.000022 -0.000031 -0.000001,0.038390,0.173983,0.173600
6.41000,0.017915 -0.028864 0.001875 -0.140976 -0.094391 -0.220689 0.056447,0.405593 0.018228 0.247979,-0.082868 0.105188 -0.990994,-0.121572 0.069756 -0.990128,-0.000023 -0.000031 -0.000001,0.038701,0.173583,0.173200
6.42000,0.017583 -0.027881 0.001403 -0.139788 -0.091673 -0.217577 0.054746,0.405457 0.018010 0.248371,-0.083845 0.104175 -0.991018,-0.121572 0.069756 -0.990128,-0.000023 -0.000032 -0.000001,0.038976,0.173183,0.172800
6.43000,0.017255 -0.026922 0.000945 -0.138630 -0.089038 -0.214548 0.053099,0.405326 0.017798 0.248764,-0.084794 0.103191 -0.991041,-0.121572 0.069756 -0.990128,-0.000023 -0.000032 -0.000001,0.039218,0.172783,0.172400
6.44000,0.016933 -0.025985 0.000499 -0.137500 -0.086485 -0.211599 0.051504,0.405200 0.017592 0.249157,-0.085718 0.102235 -0.991060,-0.121572 0.069756 -0.990128,-0.000023 -0.000032 -0.000001,0.039428,0.172382,0.172000
6.45000,0.016616 -0.025071 0.000067 -0.136400 -0.084011 -0.208728 0.049959,0.405080 0.017391 0.249551,-0.086616 0.101305 -0.991078,-0.121572 0.069756 -0.990128,-0.000023 -0.000032 -0.000001,0.039608,0.171982,0.171600
6.46000,0.016304 -0.024179 -0.000353 -0.135327 -0.081612 -0.205934 0.048462,0.404965 0.017195 0.249945,-0.087489 0.100402 -0.991093,-0.121572 0.069756 -0.990128,-0.000024 -0.000032 -0.000001,0.039759,0.171582,0.171200
6.47000,0.015997 -0.023309 -0.000761 -0.134282 -0.079287 -0.203214 0.047012,0.404854 0.017005 0.250339,-0.088338 0.099524 -0.991106,-0.121572 0.069756 -0.990128,-0.000024 -0.000032 -0.000001,0.039882,0.171182,0.170800
6.48000,0.015696 -0.022460 -0.001158 -0.133264 -0.077033 -0.200567 0.045607,0.404749 0.016819 0.250734,-0.089164 0.098671 -0.991117,-0.121572 0.069756 -0.990128,-0.000024 -0.000032 -0.000001,0.039980,0.170782,0.170400
6.49000,0.015399 -0.021632 -0.001543 -0.132271 -0.074848 -0.197990 0.044246,0.404647 0.016638 0.251129,-0.089967 0.097842 -0.991127,-0.121572 0.069756 -0.990128,-0.000024 -0.000032 -0.000001,0.040053,0.170382,0.170000
6.50000,0.015109 -0.020825 -0.001918 -0.131305 -0.072730 -0.195482 0.042927,0.404550 0.016462 0.251525,-0.090748 0.097036 -0.991135,-0.121572 0.069756 -0.990128,-0.000024 -0.000032 -0.000001,0.040103,0.169981,0.169600
6.51000,0.014823 -0.020038 -0.002282 -0.130363 -0.070676 -0.193042 0.041649,0.404458 0.016291 0.251920,-0.091507 0.096253 -0.991142,-0.121572 0.069756 -0.990128,-0.000024 -0.000032 -0.000001,0.040131,0.169581,0.169200
6.52000,0.014543 -0.019271 -0.002635 -0.129446 -0.068685 -0.190666 0.040411,0.404370 0.016123 0.252316,-0.092246 0.095492 -0.991147,-0.121572 0.069756 -0.990128,-0.000024 -0.000032 -0.000001,0.040138,0.169181,0.168800
6.53000,0.014268 -0.018523 -0.002979 -0.128553 -0.066754 -0.188354 0.039211,0.404285 0.015961 0.252712,-0.092964 0.094753 -0.991151,-0.121572 0.069756 -0.990128,-0.000024 -0.000032 -0.000001,0.040125,0.168781,0.168400
6.54000,0.013999 -0.017795 -0.003313 -0.127683 -0.064882 -0.186103 0.038048,0.404205 0.015802 0.253108,-0.093662 0.094035 -0.991153,-0.121572 0.069756 -0.990128,-0.000024 -0.000032 -0.000001,0.040094,0.168381,0.168000
6.55000,0.013735 -0.017085 -0.003638 -0.126837 -0.063067 -0.183913 0.036921,0.404128 0.015647 0.253504,-0.094341 0.093337 -0.991155,-0.121572 0.069756 -0.990128,-0.000024 -0.000032 -0.000001,0.040045,0.167981,0.167600
6.56000,0.013476 -0.016394 -0.003953 -0.126012 -0.061307 -0.181782 0.035829,0.404055 0.015496 0.253901,-0.095001 0.092658 -0.991156,-0.121572 0.069756 -0.990128,-0.000024 -0.000032 -0.000001,0.039979,0.167581,0.167200
6.57000,0.013223 -0.015721 -0.004260 -0.125210 -0.059600 -0.179707 0.034770,0.403986 0.015349 0.254298,-0.095643 0.091999 -0.991155,-0.121572 0.069756 -0.990128,-0.000024 -0.000032 -0.000001,0.039898,0.167181,0.166800
6.58000,0.012975 -0.015066 -0.004559 -0.124428 -0.057945 -0.177688 0.033743,0.403920 0.015205 0.254694,-0.096268 0.091359 -0.991154,-0.121572 0.069756 -0.990128,-0.000024 -0.000031 -0.000001,0.039802,0.166780,0.166400
6.59000,0.012732 -0.014429 -0.004849 -0.123668 -0.056340 -0.175723 0.032749,0.403858 0.015065 0.255091,-0.096875 0.090736 -0.991152,-0.121572 0.069756 -0.990128,-0.000024 -0.000031 -0.000000,0.039692,0.166380,0.166000
6.60000,0.012494 -0.013808 -0.005131 -0.122928 -0.054783 -0.173811 0.031784,0.403798 0.014929 0.255488,-0.097465 0.090132 -0.991149,-0.121572 0.069756 -0.990128,-0.000024 -0.000031 -0.000000,0.039569,0.165980,0.165600
6.61000,0.012262 -0.013204 -0.005405 -0.122208 -0.053273 -0.171950 0.030849,0.403742 0.014796 0.255886,-0.098039 0.089544 -0.991146,-0.121572 0.069756 -0.990128,-0.000024 -0.000031 -0.000000,0.039434,0.165580,0.165200
6.62000,0.012034 -0.012617 -0.005672 -0.121508 -0.051809 -0.170138 0.029943,0.403689 0.014666 0.256283,-0.098598 0.088973 -0.991142,-0.121572 0.069756 -0.990128,-0.000024 -0.000031 -0.000000,0.039287,0.165180,0.164800
6.63000,0.011812 -0.012046 -0.005931 -0.120827 -0.050389 -0.168376 0.029064,0.403639 0.014539 0.256680,-0.099141 0.088419 -0.991137,-0.121572 0.069756 -0.990128,-0.000024 -0.000031 -0.000000,0.039129,0.164780,0.164400
6.64000,0.011594 -0.011490 -0.006183 -0.120164 -0.049011 -0.166660 0.028212,0.403592 0.014415 0.257078,-0.099669 0.087880 -0.991132,-0.121572 0.069756 -0.990128,-0.000024 -0.000030 -0.000000,0.038961,0.164380,0.164000
6.65000,0.011382 -0.010950 -0.006428 -0.119519 -0.047675 -0.164990 0.027386,0.403548 0.014294 0.257475,-0.100182 0.087356 -0.991127,-0.121572 0.069756 -0.990128,-0.000024 -0.000030 -0.000000,0.038783,0.163980,0.163600
6.66000,0.011174 -0.010425 -0.006667 -0.118892 -0.046379 -0.163365 0.026585,0.403506 0.014176 0.257873,-0.100681 0.086847 -0.991121,-0.121572 0.069756 -0.990128,-0.000024 -0.000030 -0.000000,0.038596,0.163580,0.163200
6.67000,0.010971 -0.009915 -0.006899 -0.118282 -0.045122 -0.161784 0.025809,0.403467 0.014061 0.258270,-0.101167 0.086353 -0.991115,-0.121572 0.069756 -0.990128,-0.000024 -0.000030 -0.000000,0.038401,0.163180,0.162800
6.68000,0.010773 -0.009419 -0.007124 -0.117689 -0.043902 -0.160244 0.025056,0.403431 0.013949 0.258668,-0.101639 0.085872 -0.991108,-0.121572 0.069756 -0.990128,-0.000024 -0.000030 -0.000000,0.038199,0.162780,0.162400
6.69000,0.010580 -0.008937 -0.007344 -0.117113 -0.042719 -0.158746 0.024326,0.403397 0.013839 0.259065,-0.102098 0.085406 -0.991101,-0.121572 0.069756 -0.990128,-0.000024 -0.000029 -0.000000,0.037989,0.162379,0.162000
6.70000,0.010391 -0.008469 -0.007557 -0.116553 -0.041571 -0.157288 0.023618,0.403366 0.013731 0.259463,-0.102545 0.084952 -0.991094,-0.121572 0.069756 -0.990128,-0.000024 -0.000029 -0.000000,0.037772,0.161979,0.161600
6.71000,0.010206 -0.008015 -0.007765 -0.116008 -0.040458 -0.155870 0.022931,0.403337 0.013626 0.259861,-0.102979 0.084511 -0.991087,-0.121572 0.069756 -0.990128,-0.000024 -0.000029 0.000000,0.037549,0.161579,0.161200
6.72000,0.010026 -0.007574 -0.007967 -0.115479 -0.039378 -0.154488 0.022265,0.403310 0.013524 0.260259,-0.103401 0.084083 -0.991079,-0.121572 0.069756 -0.990128,-0.000024 -0.000029 0.000000,0.037320,0.161179,0.160800
6.73000,0.009851 -0.007147 -0.008164 -0.114964 -0.038330 -0.153144 0.021619,0.403285 0.013424 0.260656,-0.103812 0.083667 -0.991072,-0.121572 0.069756 -0.990128,-0.000024 -0.000028 0.000000,0.037086,0.160779,0.160400
6.74000,0.009680 -0.006731 -0.008355 -0.114465 -0.037313 -0.151836 0.020993,0.403263 0.013325 0.261054,-0.104211 0.083263 -0.991064,-0.121572 0.069756 -0.990128,-0.000024 -0.000028 0.000000,0.036848,0.160379,0.160000
6.75000,0.009272 -0.027140 0.005178 -0.029385 -0.031352 -0.052686 0.020085,0.403243 0.013230 0.261452,-0.104600 0.082871 -0.991056,-0.121572 0.069756 -0.990128,-0.000024 -0.000028 0.000000,0.036604,0.159979,0.160000
6.76000,0.009023 -0.026413 0.005015 -0.028595 -0.030438 -0.051259 0.019497,0.403169 0.013170 0.261454,-0.105061 0.082497 -0.991038,-0.121572 0.069756 -0.990128,-0.000023 -0.000027 0.000000,0.035892,0.159979,0.160000
6.77000,0.008781 -0.025704 0.004858 -0.027827 -0.029552 -0.049871 0.018927,0.403098 0.013113 0.261457,-0.105510 0.082134 -0.991020,-0.121572 0.069756 -0.990128,-0.000023 -0.000027 0.000000,0.035193,0.159980,0.160000
6.78000,0.008544 -0.025015 0.004705 -0.027080 -0.028692 -0.048520 0.018373,0.403028 0.013057 0.261459,-0.105947 0.081781 -0.991003,-0.121572 0.069756 -0.990128,-0.000022 -0.000026 0.000000,0.034507,0.159980,0.160000
6.79000,0.008314 -0.024343 0.004557 -0.026352 -0.027857 -0.047205 0.017836,0.402961 0.013003 0.261462,-0.106372 0.081438 -0.990986,-0.121572 0.069756 -0.990128,-0.000022 -0.000026 0.000000,0.033833,0.159981,0.160000
6.80000,0.008090 -0.023690 0.004414 -0.025644 -0.027046 -0.045926 0.017315,0.402895 0.012950 0.261464,-0.106785 0.081105 -0.990969,-0.121572 0.069756 -0.990128,-0.000021 -0.000025 0.000000,0.033172,0.159981,0.160000
6.81000,0.007872 -0.023053 0.004276 -0.024955 -0.026260 -0.044682 0.016809,0.402831 0.012899 0.261466,-0.107187 0.080782 -0.990952,-0.121572 0.069756 -0.990128,-0.000021 -0.000025 0.000000,0.032524,0.159981,0.160000
6.82000,0.007660 -0.022434 0.004141 -0.024285 -0.025497 -0.043471 0.016319,0.402769 0.012849 0.261469,-0.107578 0.080467 -0.990935,-0.121572 0.069756 -0.990128,-0.000021 -0.000024 0.000000,0.031888,0.159982,0.160000
6.83000,0.007453 -0.021831 0.004011 -0.023632 -0.024756 -0.042293 0.015843,0.402708 0.012801 0.261471,-0.107958 0.080162 -0.990918,-0.121572 0.069756 -0.990128,-0.000020 -0.000024 0.000000,0.031263,0.159982,0.160000
6.84000,0.007251 -0.021244 0.003886 -0.022997 -0.024036 -0.041146 0.015381,0.402650 0.012754 0.261473,-0.108328 0.079865 -0.990902,-0.121572 0.069756 -0.990128,-0.000020 -0.000023 0.000000,0.030651,0.159983,0.160000
6.85000,0.007055 -0.020673 0.003764 -0.022379 -0.023338 -0.040031 0.014933,0.402592 0.012708 0.261476,-0.108688 0.079577 -0.990886,-0.121572 0.069756 -0.990128,-0.000019 -0.000023 0.000000,0.030050,0.159983,0.160000
6.86000,0.006864 -0.020117 0.003646 -0.021777 -0.022661 -0.038946 0.014498,0.402537 0.012664 0.261478,-0.109039 0.079297 -0.990870,-0.121572 0.069756 -0.990128,-0.000019 -0.000023 0.000000,0.029460,0.159983,0.160000
6.87000,0.006677 -0.019576 0.003532 -0.021192 -0.022003 -0.037890 0.014076,0.402483 0.012620 0.261480,-0.109379 0.079025 -0.990854,-0.121572 0.069756 -0.990128,-0.000019 -0.000022 0.000000,0.028882,0.159984,0.160000
6.88000,0.006496 -0.019049 0.003421 -0.020622 -0.021365 -0.036863 0.013666,0.402430 0.012579 0.261482,-0.109711 0.078760 -0.990838,-0.121572 0.069756 -0.990128,-0.000018 -0.000022 0.000000,0.028314,0.159984,0.160000
6.89000,0.006320 -0.018536 0.003314 -0.020068 -0.020745 -0.035864 0.013269,0.402379 0.012538 0.261484,-0.110033 0.078503 -0.990823,-0.121572 0.069756 -0.990128,-0.000018 -0.000021 0.000000,0.027757,0.159984,0.160000
6.90000,0.006148 -0.018037 0.003210 -0.019529 -0.020143 -0.034892 0.012883,0.402329 0.012499 0.261486,-0.110347 0.078254 -0.990808,-0.121572 0.069756 -0.990128,-0.000017 -0.000021 0.000000,0.027211,0.159985,0.160000
6.91000,0.005981 -0.017551 0.003109 -0.019004 -0.019559 -0.033946 0.012508,0.402280 0.012460 0.261488,-0.110652 0.078011 -0.990793,-0.121572 0.069756 -0.990128,-0.000017 -0.000020 0.000000,0.026676,0.159985,0.160000
6.92000,0.005818 -0.017078 0.003012 -0.018493 -0.018992 -0.033025 0.012145,0.402233 0.012423 0.261491,-0.110948 0.077776 -0.990778,-0.121572 0.069756 -0.990128,-0.000017 -0.000020 0.000000,0.026150,0.159985,0.160000
6.93000,0.005660 -0.016618 0.002918 -0.017995 -0.018442 -0.032130 0.011792,0.402187 0.012387 0.261493,-0.111237 0.077547 -0.990764,-0.121572 0.069756 -0.990128,-0.000016 -0.000020 0.000000,0.025635,0.159985,0.160000
6.94000,0.005505 -0.016170 0.002826 -0.017512 -0.017908 -0.031258 0.011450,0.402143 0.012352 0.261495,-0.111518 0.077325 -0.990750,-0.121572 0.069756 -0.990128,-0.000016 -0.000019 0.000000,0.025130,0.159986,0.160000
6.95000,0.005355 -0.015735 0.002738 -0.017041 -0.017389 -0.030411 0.011118,0.402099 0.012317 0.261496,-0.111791 0.077109 -0.990736,-0.121572 0.069756 -0.990128,-0.000016 -0.000019 0.000000,0.024634,0.159986,0.160000
6.96000,0.005209 -0.015310 0.002652 -0.016583 -0.016886 -0.029586 0.010795,0.402057 0.012284 0.261498,-0.112057 0.076899 -0.990722,-0.121572 0.069756 -0.990128,-0.000015 -0.000019 0.000000,0.024148,0.159986,0.160000
6.97000,0.005067 -0.014898 0.002569 -0.016137 -0.016397 -0.028784 0.010482,0.402016 0.012252 0.261500,-0.112315 0.076695 -0.990708,-0.121572 0.069756 -0.990128,-0.000015 -0.000018 0.000000,0.023671,0.159987,0.160000
6.98000,0.004929 -0.014496 0.002489 -0.015703 -0.015922 -0.028003 0.010178,0.401976 0.012221 0.261502,-0.112567 0.076497 -0.990695,-0.121572 0.069756 -0.990128,-0.000015 -0.000018 0.000000,0.023203,0.159987,0.160000
6.99000,0.004794 -0.014105 0.002411 -0.015281 -0.015461 -0.027244 0.009883,0.401937 0.012190 0.261504,-0.112811 0.076305 -0.990682,-0.121572 0.069756 -0.990128,-0.000015 -0.000017 0.000000,0.022745,0.159987,0.160000
7.00000,0.004663 -0.013724 0.002336 -0.014870 -0.015014 -0.026505 0.009597,0.401899 0.012161 0.261506,-0.113049 0.076118 -0.990669,-0.121572 0.069756 -0.990128,-0.000014 -0.000017 0.000000,0.022295,0.159987,0.160000
7.01000,0.004535 -0.013354 0.002262 -0.014470 -0.014580 -0.025786 0.009319,0.401863 0.012132 0.261508,-0.113281 0.075936 -0.990657,-0.121572 0.069756 -0.990128,-0.000014 -0.000017 0.000000,0.021854,0.159988,0.160000
7.02000,0.004411 -0.012994 0.002192 -0.014081 -0.014158 -0.025086 0.009049,0.401827 0.012104 0.261509,-0.113506 0.075760 -0.990645,-0.121572 0.069756 -0.990128,-0.000014 -0.000016 0.000000,0.021422,0.159988,0.160000
7.03000,0.004290 -0.012643 0.002123 -0.013702 -0.013749 -0.024406 0.008787,0.401792 0.012077 0.261511,-0.113725 0.075588 -0.990633,-0.121572 0.069756 -0.990128,-0.000013 -0.000016 0.000000,0.020998,0.159988,0.160000
7.04000,0.004173 -0.012302 0.002057 -0.013333 -0.013351 -0.023744 0.008533,0.401758 0.012051 0.261513,-0.113938 0.075422 -0.990621,-0.121572 0.069756 -0.990128,-0.000013 -0.000016 0.000000,0.020582,0.159988,0.160000
7.05000,0.004059 -0.011970 0.001992 -0.012975 -0.012965 -0.023100 0.008286,0.401725 0.012025 0.261514,-0.114146 0.075260 -0.990609,-0.121572 0.069756 -0.990128,-0.000013 -0.000016 0.000000,0.020174,0.159989,0.160000
7.06000,0.003947 -0.011646 0.001930 -0.012626 -0.012590 -0.022473 0.008046,0.401693 0.012000 0.261516,-0.114347 0.075103 -0.990598,-0.121572 0.069756 -0.990128,-0.000013 -0.000015 0.000000,0.019774,0.159989,0.160000
7.07000,0.003839 -0.011332 0.001870 -0.012286 -0.012227 -0.021863 0.007814,0.401662 0.011976 0.261517,-0.114544 0.074950 -0.990587,-0.121572 0.069756 -0.990128,-0.000012 -0.000015 0.000000,0.019382,0.159989,0.160000
7.08000,0.003734 -0.011026 0.001811 -0.011956 -0.011873 -0.021270 0.007588,0.401632 0.011953 0.261519,-0.114735 0.074802 -0.990576,-0.121572 0.069756 -0.990128,-0.000012 -0.000015 0.000000,0.018998,0.159989,0.160000
7.09000,0.003631 -0.010728 0.001754 -0.011634 -0.011530 -0.020693 0.007369,0.401602 0.011930 0.261520,-0.114920 0.074658 -0.990565,-0.121572 0.069756 -0.990128,-0.000012 -0.000014 0.000000,0.018621,0.159989,0.160000
7.10000,0.003532 -0.010438 0.001700 -0.011321 -0.011197 -0.020132 0.007156,0.401573 0.011908 0.261522,-0.115101 0.074518 -0.990555,-0.121572 0.069756 -0.990128,-0.000012 -0.000014 0.000000,0.018252,0.159990,0.160000
7.11000,0.003435 -0.010156 0.001646 -0.011017 -0.010874 -0.019586 0.006949,0.401546 0.011887 0.261523,-0.115277 0.074382 -0.990545,-0.121572 0.069756 -0.990128,-0.000011 -0.000014 0.000000,0.017890,0.159990,0.160000
7.12000,0.003340 -0.009882 0.001595 -0.010721 -0.010560 -0.019054 0.006748,0.401518 0.011866 0.261525,-0.115448 0.074250 -0.990535,-0.121572 0.069756 -0.990128,-0.000011 -0.000014 0.000000,0.017535,0.159990,0.160000
7.13000,0.003248 -0.009615 0.001545 -0.010432 -0.010255 -0.018537 0.006553,0.401492 0.011845 0.261526,-0.115614 0.074121 -0.990525,-0.121572 0.069756 -0.990128,-0.000011 -0.000013 0.000000,0.017186,0.159990,0.160000
7.14000,0.003159 -0.009355 0.001497 -0.010152 -0.009959 -0.018034 0.006364,0.401466 0.011826 0.261527,-0.115776 0.073997 -0.990515,-0.121572 0.069756 -0.990128,-0.000011 -0.000013 0.000000,0.016845,0.159990,0.160000
7.15000,0.003072 -0.009102 0.001450 -0.009878 -0.009671 -0.017545 0.006181,0.401441 0.011807 0.261529,-0.115933 0.073876 -0.990506,-0.121572 0.069756 -0.990128,-0.000011 -0.000013 0.000000,0.016510,0.159991,0.160000
7.16000,0.002988 -0.008856 0.001404 -0.009613 -0.009392 -0.017069 0.006002,0.401417 0.011788 0.261530,-0.116086 0.073758 -0.990497,-0.121572 0.069756 -0.990128,-0.000010 -0.000012 0.000000,0.016182,0.159991,0.160000
7.17000,0.002905 -0.008617 0.001360 -0.009354 -0.009121 -0.016606 0.005829,0.401393 0.011770 0.261531,-0.116235 0.073644 -0.990488,-0.121572 0.069756 -0.990128,-0.000010 -0.000012 0.000000,0.015861,0.159991,0.160000
7.18000,0.002825 -0.008384 0.001318 -0.009103 -0.008858 -0.016155 0.005661,0.401370 0.011753 0.261532,-0.116380 0.073533 -0.990479,-0.121572 0.069756 -0.990128,-0.000010 -0.000012 0.000000,0.015545,0.159991,0.160000
7.19000,0.002748 -0.008157 0.001277 -0.008858 -0.008602 -0.015717 0.005498,0.401348 0.011736 0.261534,-0.116521 0.073425 -0.990470,-0.121572 0.069756 -0.990128,-0.000010 -0.000012 0.000000,0.015236,0.159991,0.160000
7.20000,0.002672 -0.007936 0.001237 -0.008619 -0.008354 -0.015291 0.005339,0.401326 0.011719 0.261535,-0.116658 0.073320 -0.990462,-0.121572 0.069756 -0.990128,-0.000010 -0.000012 0.000000,0.014933,0.159992,0.160000
7.21000,0.002598 -0.007722 0.001198 -0.008388 -0.008113 -0.014876 0.005185,0.401305 0.011703 0.261536,-0.116792 0.073218 -0.990454,-0.121572 0.069756 -0.990128,-0.000009 -0.000011 0.000000,0.014636,0.159992,0.160000
7.22000,0.002527 -0.007513 0.001160 -0.008162 -0.007879 -0.014472 0.005036,0.401284 0.011687 0.261537,-0.116921 0.073119 -0.990446,-0.121572 0.069756 -0.990128,-0.000009 -0.000011 0.000000,0.014345,0.159992,0.160000
7.23000,0.002457 -0.007310 0.001124 -0.007942 -0.007652 -0.014079 0.004891,0.401264 0.011672 0.261538,-0.117048 0.073023 -0.990438,-0.121572 0.069756 -0.990128,-0.000009 -0.000011 0.000000,0.014060,0.159992,0.160000
7.24000,0.002389 -0.007112 0.001089 -0.007729 -0.007431 -0.013697 0.004750,0.401245 0.011658 0.261539,-0.117170 0.072930 -0.990430,-0.121572 0.069756 -0.990128,-0.000009 -0.000011 0.000000,0.013780,0.159992,0.160000
7.25000,0.002323 -0.006920 0.001055 -0.007521 -0.007217 -0.013326 0.004613,0.401226 0.011643 0.261540,-0.117290 0.072839 -0.990423,-0.121572 0.069756 -0.990128,-0.000009 -0.000010 0.000000,0.013505,0.159992,0.160000
7.26000,0.002259 -0.006733 0.001022 -0.007318 -0.007009 -0.012964 0.004480,0.401207 0.011629 0.261541,-0.117406 0.072751 -0.990416,-0.121572 0.069756 -0.990128,-0.000008 -0.000010 0.000000,0.013237,0.159992,0.160000
7.27000,0.002197 -0.006550 0.000989 -0.007122 -0.006807 -0.012612 0.004351,0.401190 0.011616 0.261542,-0.117519 0.072665 -0.990408,-0.121572 0.069756 -0.990128,-0.000008 -0.000010 0.000000,0.012973,0.159993,0.160000
7.28000,0.002136 -0.006373 0.000958 -0.006930 -0.006611 -0.012270 0.004226,0.401172 0.011603 0.261543,-0.117629 0.072582 -0.990402,-0.121572 0.069756 -0.990128,-0.000008 -0.000010 0.000000,0.012715,0.159993,0.160000
7.29000,0.002077 -0.006201 0.000928 -0.006744 -0.006420 -0.011937 0.004104,0.401155 0.011590 0.261544,-0.117736 0.072501 -0.990395,-0.121572 0.069756 -0.990128,-0.000008 -0.000010 0.000000,0.012461,0.159993,0.160000
7.30000,0.002020 -0.006033 0.000899 -0.006562 -0.006235 -0.011613 0.003986,0.401139 0.011578 0.261545,-0.117840 0.072423 -0.990388,-0.121572 0.069756 -0.990128,-0.000008 -0.000009 0.000000,0.012213,0.159993,0.160000
7.31000,0.001964 -0.005870 0.000871 -0.006386 -0.006055 -0.011298 0.003871,0.401123 0.011566 0.261546,-0.117942 0.072347 -0.990382,-0.121572 0.069756 -0.990128,-0.000008 -0.000009 0.000000,0.011970,0.159993,0.160000
7.32000,0.001910 -0.005711 0.000844 -0.006214 -0.005881 -0.010991 0.003760,0.401107 0.011554 0.261547,-0.118040 0.072273 -0.990375,-0.121572 0.069756 -0.990128,-0.000007 -0.000009 0.000000,0.011731,0.159993,0.160000
7.33000,0.001857 -0.005556 0.000817 -0.006047 -0.005711 -0.010693 0.003652,0.401092 0.011543 0.261548,-0.118136 0.072201 -0.990369,-0.121572 0.069756 -0.990128,-0.000007 -0.000009 0.000000,0.011498,0.159993,0.160000
7.34000,0.001806 -0.005406 0.000792 -0.005884 -0.005547 -0.010403 0.003546,0.401077 0.011532 0.261548,-0.118229 0.072131 -0.990363,-0.121572 0.069756 -0.990128,-0.000007 -0.000009 0.000000,0.011268,0.159994,0.160000
7.35000,0.001756 -0.005260 0.000767 -0.005726 -0.005387 -0.010121 0.003444,0.401062 0.011521 0.261549,-0.118320 0.072063 -0.990357,-0.121572 0.069756 -0.990128,-0.000007 -0.000009 0.000000,0.011044,0.159994,0.160000
7.36000,0.001708 -0.005117 0.000743 -0.005572 -0.005232 -0.009846 0.003345,0.401049 0.011511 0.261550,-0.118408 0.071997 -0.990351,-0.121572 0.069756 -0.990128,-0.000007 -0.000008 0.000000,0.010824,0.159994,0.160000
7.37000,0.001660 -0.004979 0.000719 -0.005422 -0.005081 -0.009579 0.003249,0.401035 0.011501 0.261551,-0.118494 0.071933 -0.990346,-0.121572 0.069756 -0.990128,-0.000007 -0.000008 0.000000,0.010608,0.159994,0.160000
7.38000,0.001615 -0.004844 0.000697 -0.005276 -0.004934 -0.009319 0.003156,0.401022 0.011491 0.261552,-0.118578 0.071871 -0.990340,-0.121572 0.069756 -0.990128,-0.000007 -0.000008 0.000000,0.010396,0.159994,0.160000
7.39000,0.001570 -0.004713 0.000675 -0.005134 -0.004792 -0.009066 0.003065,0.401009 0.011481 0.261552,-0.118659 0.071810 -0.990335,-0.121572 0.069756 -0.990128,-0.000006 -0.000008 0.000000,0.010189,0.159994,0.160000
7.40000,0.001527 -0.004585 0.000654 -0.004996 -0.004654 -0.008820 0.002977,0.400996 0.011472 0.261553,-0.118738 0.071752 -0.990330,-0.121572 0.069756 -0.990128,-0.000006 -0.000008 0.000000,0.009986,0.159994,0.160000
7.41000,0.001484 -0.004461 0.000633 -0.004861 -0.004520 -0.008581 0.002891,0.400984 0.011463 0.261554,-0.118815 0.071695 -0.990325,-0.121572 0.069756 -0.990128,-0.000006 -0.000008 0.000000,0.009787,0.159994,0.160000
7.42000,0.001443 -0.004341 0.000613 -0.004731 -0.004390 -0.008348 0.002808,0.400972 0.011454 0.261554,-0.118890 0.071639 -0.990320,-0.121572 0.069756 -0.990128,-0.000006 -0.000007 0.000000,0.009591,0.159995,0.160000
7.43000,0.001403 -0.004223 0.000594 -0.004603 -0.004263 -0.008121 0.002727,0.400961 0.011446 0.261555,-0.118963 0.071585 -0.990315,-0.121572 0.069756 -0.990128,-0.000006 -0.000007 0.000000,0.009400,0.159995,0.160000
7.44000,0.001365 -0.004109 0.000575 -0.004479 -0.004141 -0.007901 0.002649,0.400949 0.011438 0.261556,-0.119033 0.071533 -0.990310,-0.121572 0.069756 -0.990128,-0.000006 -0.000007 0.000000,0.009212,0.159995,0.160000
7.45000,0.001327 -0.003998 0.000557 -0.004359 -0.004021 -0.007686 0.002573,0.400938 0.011430 0.261556,-0.119102 0.071482 -0.990305,-0.121572 0.069756 -0.990128,-0.000006 -0.000007 0.000000,0.009029,0.159995,0.160000
7.46000,0.001290 -0.003889 0.000539 -0.004242 -0.003906 -0.007478 0.002499,0.400928 0.011422 0.261557,-0.119169 0.071433 -0.990301,-0.121572 0.069756 -0.990128,-0.000006 -0.000007 0.000000,0.008848,0.159995,0.160000
7.47000,0.001254 -0.003784 0.000522 -0.004127 -0.003793 -0.007275 0.002427,0.400918 0.011415 0.261558,-0.119235 0.071385 -0.990297,-0.121572 0.069756 -0.990128,-0.000006 -0.000007 0.000000,0.008672,0.159995,0.160000
7.48000,0.001220 -0.003682 0.000506 -0.004016 -0.003684 -0.007077 0.002357,0.400907 0.011407 0.261558,-0.119298 0.071338 -0.990292,-0.121572 0.069756 -0.990128,-0.000005 -0.000007 0.000000,0.008499,0.159995,0.160000
7.49000,0.001186 -0.003582 0.000490 -0.003908 -0.003578 -0.006885 0.002290,0.400898 0.011400 0.261559,-0.119360 0.071293 -0.990288,-0.121572 0.069756 -0.990128,-0.000005 -0.000006 0.000000,0.008329,0.159995,0.160000
