t,qdot,p_tip,d,d_des,rcm_error,rcm_error_norm_mm,length,depth_target
0.00000,-0.010412 -0.030027 0.130471 -0.108649 0.016577 -0.010411,0.420000 0.000000 0.270000,-0.000000 0.000000 -1.000000,0.004363 0.004364 -0.999981,0.000000 0.000000 0.000000,0.000110,0.150000,0.150400
0.01000,-0.020456 -0.037882 0.138619 -0.116734 0.032656 -0.020451,0.420028 0.000016 0.269612,0.000188 0.000114 -1.000000,0.008726 0.008727 -0.999924,0.000000 -0.000001 -0.000000,0.001290,0.150388,0.150800
0.02000,-0.030149 -0.045593 0.146647 -0.124813 0.048244 -0.030134,0.420066 0.000056 0.269195,0.000434 0.000384 -1.000000,0.013088 0.013090 -0.999829,0.000000 -0.000001 -0.000000,0.001549,0.150805,0.151200
0.03000,-0.039504 -0.052982 0.154344 -0.132559 0.063364 -0.039469,0.420125 0.000115 0.268785,0.000824 0.000773 -0.999999,0.017449 0.017453 -0.999695,0.000000 -0.000002 -0.000000,0.001751,0.151215,0.151600
0.04000,-0.048534 -0.060105 0.161776 -0.140053 0.078035 -0.048466,0.420202 0.000193 0.268374,0.001332 0.001286 -0.999998,0.021809 0.021815 -0.999524,0.000000 -0.000002 -0.000000,0.002125,0.151627,0.152000
0.05000,-0.057253 -0.066957 0.168938 -0.147278 0.092272 -0.057136,0.420298 0.000289 0.267962,0.001960 0.001918 -0.999996,0.026168 0.026177 -0.999315,0.000000 -0.000002 -0.000000,0.002467,0.152038,0.152400
0.06000,-0.065674 -0.073548 0.175841 -0.154239 0.106095 -0.065490,0.420412 0.000403 0.267552,0.002702 0.002663 -0.999993,0.030524 0.030539 -0.999067,0.000000 -0.000003 -0.000000,0.002938,0.152450,0.152800
0.07000,-0.073808 -0.079885 0.182493 -0.160939 0.119517 -0.073539,0.420544 0.000535 0.267141,0.003556 0.003520 -0.999987,0.034878 0.034900 -0.998782,0.000000 -0.000003 -0.000000,0.003374,0.152861,0.153200
0.08000,-0.081668 -0.085974 0.188903 -0.167379 0.132555 -0.081291,0.420692 0.000684 0.266731,0.004517 0.004485 -0.999980,0.039229 0.039260 -0.998459,0.000000 -0.000004 -0.000000,0.003893,0.153272,0.153600
0.09000,-0.089264 -0.091822 0.195078 -0.173563 0.145222 -0.088756,0.420858 0.000849 0.266321,0.005584 0.005555 -0.999969,0.043578 0.043620 -0.998097,-0.000000 -0.000004 -0.000000,0.004413,0.153684,0.154000
0.10000,-0.096606 -0.097437 0.201025 -0.179494 0.157532 -0.095943,0.421040 0.001031 0.265912,0.006751 0.006725 -0.999955,0.047923 0.047979 -0.997698,-0.000000 -0.000005 -0.000000,0.004974,0.154095,0.154400
0.11000,-0.103705 -0.102825 0.206753 -0.185176 0.169500 -0.102862,0.421238 0.001229 0.265503,0.008016 0.007994 -0.999936,0.052264 0.052336 -0.997261,-0.000000 -0.000006 -0.000000,0.005596,0.154507,0.154800
0.12000,-0.110569 -0.107991 0.212267 -0.190612 0.181136 -0.109520,0.421452 0.001443 0.265096,0.009377 0.009357 -0.999912,0.056601 0.056693 -0.996786,-0.000000 -0.000006 -0.000000,0.006222,0.154918,0.155200
0.13000,-0.117207 -0.112943 0.217576 -0.195807 0.192453 -0.115927,0.421682 0.001673 0.264689,0.010830 0.010813 -0.999883,0.060934 0.061049 -0.996273,-0.000001 -0.000007 -0.000000,0.006869,0.155329,0.155600
0.14000,-0.123628 -0.117687 0.222685 -0.200764 0.203463 -0.122090,0.421926 0.001917 0.264283,0.012371 0.012358 -0.999847,0.065263 0.065404 -0.995722,-0.000001 -0.000008 -0.000000,0.007578,0.155740,0.156000
0.15000,-0.129839 -0.122227 0.227600 -0.205487 0.214175 -0.128017,0.422185 0.002176 0.263879,0.013999 0.013989 -0.999804,0.069586 0.069757 -0.995134,-0.000001 -0.000008 -0.000000,0.008285,0.156151,0.156400
0.16000,-0.128243 -0.126870 0.233610 -0.215490 0.212215 -0.126022,0.422458 0.002450 0.263476,0.015710 0.015704 -0.999753,0.073928 0.069757 -0.994821,-0.000001 -0.000009 -0.000000,0.009023,0.156563,0.156800
0.17000,-0.126705 -0.131338 0.239407 -0.225199 0.210350 -0.124055,0.422746 0.002716 0.263073,0.017500 0.017369 -0.999696,0.078268 0.069757 -0.994489,-0.000001 -0.000011 -0.000000,0.010566,0.156975,0.157200
0.18000,-0.125231 -0.135629 0.244989 -0.234611 0.208582 -0.122123,0.423048 0.002976 0.262671,0.019369 0.018982 -0.999632,0.082606 0.069757 -0.994138,-0.000001 -0.000012 -0.000000,0.011900,0.157387,0.157600
0.19000,-0.123815 -0.139750 0.250365 -0.243740 0.206905 -0.120223,0.423363 0.003229 0.262270,0.021314 0.020545 -0.999562,0.086943 0.069757 -0.993768,-0.000001 -0.000013 -0.000000,0.013254,0.157799,0.158000
0.20000,-0.122457 -0.143705 0.255542 -0.252593 0.205315 -0.118355,0.423691 0.003476 0.261870,0.023333 0.022061 -0.999484,0.091278 0.069757 -0.993379,-0.000001 -0.000015 -0.000000,0.014546,0.158211,0.158400
0.21000,-0.121152 -0.147500 0.260528 -0.261180 0.203810 -0.116517,0.424032 0.003717 0.261472,0.025423 0.023530 -0.999400,0.095612 0.069757 -0.992971,-0.000001 -0.000016 -0.000000,0.015814,0.158623,0.158800
0.22000,-0.119900 -0.151138 0.265328 -0.269510 0.202386 -0.114710,0.424386 0.003952 0.261074,0.027582 0.024954 -0.999308,0.099944 0.069757 -0.992545,-0.000001 -0.000017 -0.000000,0.017078,0.159035,0.159200
0.23000,-0.118698 -0.154625 0.269948 -0.277591 0.201038 -0.112932,0.424752 0.004181 0.260678,0.029809 0.026335 -0.999209,0.104274 0.069757 -0.992099,-0.000001 -0.000018 -0.000001,0.018280,0.159447,0.159600
0.24000,-0.114801 -0.149780 0.264784 -0.271865 0.195253 -0.108892,0.425130 0.004404 0.260284,0.032100 0.027673 -0.999101,0.104274 0.069757 -0.992099,-0.000001 -0.000019 -0.000001,0.019468,0.159860,0.160000
0.25000,-0.115070 -0.129006 0.142089 -0.164569 0.189709 -0.109043,0.425500 0.004623 0.259893,0.034330 0.028967 -0.998991,0.104274 0.069757 -0.992099,-0.000002 -0.000019 -0.000001,0.019525,0.160268,0.160000
0.26000,-0.111785 -0.125086 0.137735 -0.159267 0.184233 -0.105654,0.425836 0.004829 0.259889,0.036423 0.030247 -0.998879,0.104274 0.069757 -0.992099,-0.000002 -0.000019 -0.000001,0.019248,0.160290,0.160000
0.27000,-0.108603 -0.121183 0.133536 -0.154025 0.178914 -0.102397,0.426174 0.005024 0.259920,0.038530 0.031458 -0.998762,0.104274 0.069757 -0.992099,-0.000002 -0.000019 -0.000001,0.018652,0.160278,0.160000
0.28000,-0.105497 -0.117429 0.129460 -0.148994 0.173735 -0.099233,0.426498 0.005213 0.259943,0.040553 0.032640 -0.998644,0.104274 0.069757 -0.992099,-0.000002 -0.000018 -0.000001,0.018531,0.160274,0.160000
0.29000,-0.102474 -0.113785 0.125506 -0.144126 0.168695 -0.096170,0.426813 0.005396 0.259968,0.042518 0.033783 -0.998524,0.104274 0.069757 -0.992099,-0.000001 -0.000018 -0.000001,0.018208,0.160268,0.160000
0.30000,-0.099530 -0.110257 0.121671 -0.139425 0.163792 -0.093201,0.427118 0.005574 0.259992,0.044422 0.034891 -0.998403,0.104274 0.069757 -0.992099,-0.000001 -0.000018 -0.000001,0.017955,0.160263,0.160000
0.31000,-0.096664 -0.106838 0.117951 -0.134883 0.159022 -0.090324,0.427414 0.005746 0.260017,0.046267 0.035966 -0.998281,0.104274 0.069757 -0.992099,-0.000001 -0.000018 -0.000001,0.017697,0.160258,0.160000
0.32000,-0.093874 -0.103525 0.114344 -0.130494 0.154381 -0.087537,0.427701 0.005913 0.260041,0.048055 0.037007 -0.998159,0.104274 0.069757 -0.992099,-0.000000 -0.000017 -0.000001,0.017443,0.160253,0.160000
0.33000,-0.091158 -0.100315 0.110845 -0.126253 0.149868 -0.084836,0.427978 0.006075 0.260066,0.049788 0.038016 -0.998036,0.104274 0.069757 -0.992099,-0.000000 -0.000017 -0.000001,0.017227,0.160248,0.160000
0.34000,-0.088515 -0.097206 0.107451 -0.122155 0.145479 -0.082218,0.428247 0.006232 0.260090,0.051468 0.038994 -0.997913,0.104274 0.069757 -0.992099,0.000000 -0.000017 -0.000001,0.016967,0.160243,0.160000
0.35000,-0.085944 -0.094193 0.104160 -0.118195 0.141212 -0.079681,0.428508 0.006384 0.260115,0.053096 0.039942 -0.997790,0.104274 0.069757 -0.992099,0.000000 -0.000017 -0.000001,0.016747,0.160239,0.160000
0.36000,-0.083443 -0.091274 0.100968 -0.114368 0.137063 -0.077223,0.428761 0.006531 0.260139,0.054673 0.040861 -0.997668,0.104274 0.069757 -0.992099,0.000000 -0.000017 -0.000001,0.016545,0.160234,0.160000
0.37000,-0.081010 -0.088446 0.097873 -0.110669 0.133029 -0.074841,0.429006 0.006674 0.260163,0.056202 0.041752 -0.997546,0.104274 0.069757 -0.992099,0.000001 -0.000016 -0.000001,0.016312,0.160230,0.160000
0.38000,-0.078643 -0.085705 0.094872 -0.107093 0.129108 -0.072533,0.429243 0.006812 0.260187,0.057684 0.042615 -0.997425,0.104274 0.069757 -0.992099,0.000001 -0.000016 -0.000001,0.016078,0.160225,0.160000
0.39000,-0.076342 -0.083051 0.091962 -0.103637 0.125298 -0.070296,0.429473 0.006946 0.260210,0.059120 0.043451 -0.997305,0.104274 0.069757 -0.992099,0.000001 -0.000016 -0.000001,0.015903,0.160221,0.160000
0.40000,-0.074104 -0.080478 0.089140 -0.100296 0.121594 -0.068128,0.429696 0.007076 0.260233,0.060512 0.044262 -0.997186,0.104274 0.069757 -0.992099,0.000001 -0.000016 -0.000001,0.015681,0.160217,0.160000
0.41000,-0.071928 -0.077986 0.086403 -0.097066 0.117995 -0.066028,0.429912 0.007202 0.260257,0.061861 0.045048 -0.997068,0.104274 0.069757 -0.992099,0.000001 -0.000015 -0.000001,0.015461,0.160213,0.160000
0.42000,-0.069813 -0.075571 0.083750 -0.093944 0.114498 -0.063992,0.430121 0.007324 0.260279,0.063168 0.045810 -0.996951,0.104274 0.069757 -0.992099,0.000001 -0.000015 -0.000001,0.015272,0.160209,0.160000
0.43000,-0.067757 -0.073231 0.081177 -0.090925 0.111101 -0.062019,0.430324 0.007442 0.260302,0.064435 0.046548 -0.996836,0.104274 0.069757 -0.992099,0.000001 -0.000015 -0.000001,0.015065,0.160205,0.160000
0.44000,-0.065758 -0.070964 0.078683 -0.088006 0.107800 -0.060107,0.430521 0.007557 0.260324,0.065663 0.047263 -0.996722,0.104274 0.069757 -0.992099,0.000001 -0.000015 -0.000001,0.014851,0.160201,0.160000
0.45000,-0.063816 -0.068768 0.076265 -0.085183 0.104593 -0.058255,0.430711 0.007668 0.260346,0.066853 0.047956 -0.996610,0.104274 0.069757 -0.992099,0.000001 -0.000015 -0.000001,0.014661,0.160197,0.160000
0.46000,-0.061928 -0.066640 0.073920 -0.082453 0.101479 -0.056459,0.430896 0.007776 0.260367,0.068006 0.048628 -0.996499,0.104274 0.069757 -0.992099,0.000002 -0.000014 -0.000001,0.014466,0.160193,0.160000
0.47000,-0.060094 -0.064578 0.071647 -0.079813 0.098453 -0.054719,0.431075 0.007880 0.260388,0.069124 0.049280 -0.996390,0.104274 0.069757 -0.992099,0.000002 -0.000014 -0.000001,0.014254,0.160189,0.160000
0.48000,-0.058312 -0.062580 0.069443 -0.077261 0.095515 -0.053033,0.431248 0.007981 0.260409,0.070207 0.049911 -0.996283,0.104274 0.069757 -0.992099,0.000002 -0.000014 -0.000001,0.014069,0.160186,0.160000
0.49000,-0.056581 -0.060644 0.067306 -0.074792 0.092662 -0.051398,0.431416 0.008079 0.260430,0.071257 0.050522 -0.996178,0.104274 0.069757 -0.992099,0.000002 -0.000014 -0.000001,0.013886,0.160182,0.160000
0.50000,-0.054899 -0.058768 0.065234 -0.072403 0.089891 -0.049814,0.431579 0.008174 0.260450,0.072274 0.051115 -0.996074,0.104274 0.069757 -0.992099,0.000002 -0.000014 -0.000001,0.013696,0.160179,0.160000
0.51000,-0.053265 -0.056951 0.063226 -0.070094 0.087200 -0.048280,0.431736 0.008266 0.260469,0.073260 0.051690 -0.995972,0.104274 0.069757 -0.992099,0.000002 -0.000013 -0.000001,0.013486,0.160175,0.160000
0.52000,-0.051679 -0.055190 0.061279 -0.067859 0.084588 -0.046792,0.431889 0.008355 0.260489,0.074216 0.052247 -0.995873,0.104274 0.069757 -0.992099,0.000002 -0.000013 -0.000001,0.013337,0.160172,0.160000
0.53000,-0.050137 -0.053483 0.059392 -0.065698 0.082052 -0.045350,0.432037 0.008442 0.260508,0.075142 0.052786 -0.995775,0.104274 0.069757 -0.992099,0.000002 -0.000013 -0.000001,0.013150,0.160169,0.160000
0.54000,-0.048641 -0.051830 0.057562 -0.063607 0.079589 -0.043953,0.432181 0.008526 0.260526,0.076039 0.053309 -0.995679,0.104274 0.069757 -0.992099,0.000002 -0.000013 -0.000001,0.012958,0.160165,0.160000
0.55000,-0.047187 -0.050228 0.055789 -0.061584 0.077199 -0.042599,0.432320 0.008607 0.260544,0.076909 0.053816 -0.995585,0.104274 0.069757 -0.992099,0.000002 -0.000013 -0.000001,0.012776,0.160162,0.160000
0.56000,-0.045776 -0.048675 0.054069 -0.059627 0.074878 -0.041287,0.432455 0.008685 0.260562,0.077752 0.054308 -0.995492,0.104274 0.069757 -0.992099,0.000002 -0.000012 -0.000001,0.012608,0.160159,0.160000
0.57000,-0.044405 -0.047171 0.052403 -0.057733 0.072626 -0.040015,0.432585 0.008762 0.260580,0.078569 0.054784 -0.995402,0.104274 0.069757 -0.992099,0.000002 -0.000012 -0.000001,0.012434,0.160156,0.160000
0.58000,-0.043075 -0.045713 0.050787 -0.055901 0.070439 -0.038783,0.432712 0.008836 0.260597,0.079361 0.055245 -0.995314,0.104274 0.069757 -0.992099,0.000002 -0.000012 -0.000001,0.012247,0.160153,0.160000
0.59000,-0.041783 -0.044301 0.049221 -0.054128 0.068318 -0.037588,0.432835 0.008907 0.260614,0.080129 0.055692 -0.995227,0.104274 0.069757 -0.992099,0.000002 -0.000012 -0.000001,0.012082,0.160150,0.160000
0.60000,-0.040529 -0.042932 0.047703 -0.052412 0.066258 -0.036430,0.432954 0.008977 0.260630,0.080872 0.056126 -0.995143,0.104274 0.069757 -0.992099,0.000002 -0.000012 -0.000000,0.011906,0.160147,0.160000
0.61000,-0.039311 -0.041606 0.046231 -0.050752 0.064259 -0.035308,0.433069 0.009044 0.260646,0.081593 0.056546 -0.995060,0.104274 0.069757 -0.992099,0.000002 -0.000012 -0.000000,0.011724,0.160144,0.160000
0.62000,-0.038129 -0.040321 0.044805 -0.049146 0.062319 -0.034221,0.433180 0.009109 0.260662,0.082292 0.056953 -0.994980,0.104274 0.069757 -0.992099,0.000002 -0.000011 -0.000000,0.011574,0.160142,0.160000
0.63000,-0.036982 -0.039076 0.043422 -0.047591 0.060437 -0.033167,0.433289 0.009172 0.260677,0.082969 0.057348 -0.994901,0.104274 0.069757 -0.992099,0.000002 -0.000011 -0.000000,0.011395,0.160139,0.160000
0.64000,-0.035869 -0.037869 0.042082 -0.046087 0.058610 -0.032145,0.433393 0.009234 0.260692,0.083625 0.057730 -0.994824,0.104274 0.069757 -0.992099,0.000002 -0.000011 -0.000000,0.011228,0.160136,0.160000
0.65000,-0.034788 -0.036700 0.040783 -0.044630 0.056838 -0.031156,0.433495 0.009293 0.260707,0.084261 0.058101 -0.994748,0.104274 0.069757 -0.992099,0.000002 -0.000011 -0.000000,0.011067,0.160134,0.160000
0.66000,-0.033739 -0.035567 0.039524 -0.043221 0.055118 -0.030196,0.433594 0.009351 0.260721,0.084877 0.058460 -0.994675,0.104274 0.069757 -0.992099,0.000002 -0.000011 -0.000000,0.010893,0.160131,0.160000
0.67000,-0.032722 -0.034469 0.038303 -0.041857 0.053449 -0.029266,0.433689 0.009406 0.260735,0.085475 0.058808 -0.994603,0.104274 0.069757 -0.992099,0.000002 -0.000011 -0.000000,0.010734,0.160129,0.160000
0.68000,-0.031734 -0.033405 0.037120 -0.040536 0.051830 -0.028365,0.433781 0.009460 0.260749,0.086053 0.059145 -0.994533,0.104274 0.069757 -0.992099,0.000002 -0.000010 -0.000000,0.010568,0.160126,0.160000
0.69000,-0.030775 -0.032374 0.035973 -0.039258 0.050260 -0.027492,0.433871 0.009513 0.260762,0.086615 0.059472 -0.994465,0.104274 0.069757 -0.992099,0.000002 -0.000010 -0.000000,0.010420,0.160124,0.160000
0.70000,-0.029845 -0.031375 0.034862 -0.038021 0.048736 -0.026645,0.433958 0.009563 0.260775,0.087158 0.059789 -0.994399,0.104274 0.069757 -0.992099,0.000002 -0.000010 -0.000000,0.010264,0.160121,0.160000
0.71000,-0.028943 -0.030406 0.033785 -0.036823 0.047257 -0.025825,0.434042 0.009613 0.260788,0.087685 0.060096 -0.994334,0.104274 0.069757 -0.992099,0.000002 -0.000010 -0.000000,0.010101,0.160119,0.160000
0.72000,-0.028067 -0.029468 0.032741 -0.035664 0.045823 -0.025030,0.434124 0.009660 0.260800,0.088196 0.060394 -0.994271,0.104274 0.069757 -0.992099,0.000002 -0.000010 -0.000000,0.009967,0.160117,0.160000
0.73000,-0.027217 -0.028559 0.031729 -0.034541 0.044432 -0.024259,0.434203 0.009707 0.260812,0.088691 0.060683 -0.994209,0.104274 0.069757 -0.992099,0.000002 -0.000010 -0.000000,0.009798,0.160114,0.160000
0.74000,-0.026393 -0.027678 0.030748 -0.033455 0.043082 -0.023512,0.434279 0.009751 0.260824,0.089171 0.060962 -0.994149,0.104274 0.069757 -0.992099,0.000002 -0.000009 -0.000000,0.009647,0.160112,0.160000
0.75000,-0.025593 -0.026824 0.029797 -0.032402 0.041773 -0.022788,0.434354 0.009795 0.260836,0.089636 0.061233 -0.994090,0.104274 0.069757 -0.992099,0.000002 -0.000009 -0.000000,0.009519,0.160110,0.160000
0.76000,-0.024817 -0.025996 0.028876 -0.031384 0.040503 -0.022087,0.434426 0.009837 0.260847,0.090087 0.061496 -0.994034,0.104274 0.069757 -0.992099,0.000002 -0.000009 -0.000000,0.009357,0.160108,0.160000
0.77000,-0.024064 -0.025194 0.027983 -0.030398 0.039271 -0.021407,0.434495 0.009878 0.260858,0.090523 0.061750 -0.993978,0.104274 0.069757 -0.992099,0.000002 -0.000009 -0.000000,0.009201,0.160106,0.160000
0.78000,-0.023334 -0.024417 0.027117 -0.029443 0.038076 -0.020748,0.434563 0.009917 0.260869,0.090947 0.061997 -0.993924,0.104274 0.069757 -0.992099,0.000002 -0.000009 -0.000000,0.009079,0.160104,0.160000
0.79000,-0.022625 -0.023664 0.026278 -0.028518 0.036917 -0.020109,0.434628 0.009955 0.260879,0.091357 0.062236 -0.993872,0.104274 0.069757 -0.992099,0.000002 -0.000009 -0.000000,0.008929,0.160102,0.160000
0.80000,-0.021938 -0.022934 0.025465 -0.027623 0.035793 -0.019490,0.434692 0.009993 0.260889,0.091755 0.062468 -0.993820,0.104274 0.069757 -0.992099,0.000002 -0.000009 -0.000000,0.008781,0.160100,0.160000
0.81000,-0.021272 -0.022227 0.024677 -0.026757 0.034703 -0.018890,0.434753 0.010028 0.260899,0.092140 0.062692 -0.993771,0.104274 0.069757 -0.992099,0.000002 -0.000008 -0.000000,0.008639,0.160098,0.160000
0.82000,-0.020625 -0.021542 0.023913 -0.025917 0.033646 -0.018308,0.434813 0.010063 0.260909,0.092513 0.062910 -0.993722,0.104274 0.069757 -0.992099,0.000002 -0.000008 -0.000000,0.008512,0.160096,0.160000
0.83000,-0.019998 -0.020878 0.023173 -0.025105 0.032621 -0.017745,0.434871 0.010097 0.260918,0.092875 0.063121 -0.993675,0.104274 0.069757 -0.992099,0.000002 -0.000008 -0.000000,0.008377,0.160094,0.160000
0.84000,-0.019390 -0.020234 0.022456 -0.024317 0.031626 -0.017198,0.434927 0.010130 0.260927,0.093226 0.063325 -0.993629,0.104274 0.069757 -0.992099,0.000002 -0.000008 -0.000000,0.008235,0.160092,0.160000
0.85000,-0.018799 -0.019610 0.021760 -0.023555 0.030662 -0.016669,0.434981 0.010162 0.260936,0.093566 0.063524 -0.993584,0.104274 0.069757 -0.992099,0.000002 -0.000008 -0.000000,0.008122,0.160091,0.160000
0.86000,-0.018227 -0.019005 0.021087 -0.022817 0.029726 -0.016156,0.435033 0.010192 0.260945,0.093896 0.063716 -0.993541,0.104274 0.069757 -0.992099,0.000002 -0.000008 -0.000000,0.007974,0.160089,0.160000
0.87000,-0.017672 -0.018420 0.020434 -0.022103 0.028819 -0.015659,0.435084 0.010222 0.260953,0.094215 0.063902 -0.993499,0.104274 0.069757 -0.992099,0.000002 -0.000008 -0.000000,0.007845,0.160087,0.160000
0.88000,-0.017134 -0.017852 0.019801 -0.021411 0.027940 -0.015177,0.435134 0.010251 0.260962,0.094525 0.064082 -0.993458,0.104274 0.069757 -0.992099,0.000002 -0.000008 -0.000000,0.007738,0.160085,0.160000
0.89000,-0.016612 -0.017302 0.019187 -0.020740 0.027087 -0.014709,0.435182 0.010279 0.260970,0.094825 0.064257 -0.993418,0.104274 0.069757 -0.992099,0.000002 -0.000007 -0.000000,0.007600,0.160084,0.160000
0.90000,-0.016105 -0.016768 0.018593 -0.020091 0.026260 -0.014257,0.435228 0.010306 0.260977,0.095116 0.064426 -0.993379,0.104274 0.069757 -0.992099,0.000002 -0.000007 -0.000000,0.007469,0.160082,0.160000
0.91000,-0.015614 -0.016251 0.018017 -0.019462 0.025458 -0.013818,0.435273 0.010333 0.260985,0.095398 0.064591 -0.993342,0.104274 0.069757 -0.992099,0.000002 -0.000007 -0.000000,0.007354,0.160080,0.160000
0.92000,-0.015138 -0.015751 0.017458 -0.018853 0.024680 -0.013393,0.435316 0.010358 0.260993,0.095671 0.064750 -0.993305,0.104274 0.069757 -0.992099,0.000002 -0.000007 -0.000000,0.007222,0.160079,0.160000
0.93000,-0.014676 -0.015265 0.016917 -0.018264 0.023926 -0.012980,0.435359 0.010383 0.261000,0.095936 0.064904 -0.993269,0.104274 0.069757 -0.992099,0.000002 -0.000007 -0.000000,0.007105,0.160077,0.160000
0.94000,-0.014228 -0.014795 0.016393 -0.017692 0.023194 -0.012581,0.435400 0.010407 0.261007,0.096192 0.065053 -0.993235,0.104274 0.069757 -0.992099,0.000002 -0.000007 -0.000000,0.006980,0.160076,0.160000
0.95000,-0.013794 -0.014339 0.015885 -0.017139 0.022485 -0.012194,0.435439 0.010430 0.261014,0.096441 0.065198 -0.993201,0.104274 0.069757 -0.992099,0.000002 -0.000007 -0.000000,0.006872,0.160074,0.160000
0.96000,-0.013373 -0.013897 0.015392 -0.016603 0.021798 -0.011818,0.435478 0.010452 0.261020,0.096682 0.065339 -0.993168,0.104274 0.069757 -0.992099,0.000002 -0.000007 -0.000000,0.006764,0.160073,0.160000
0.97000,-0.012965 -0.013469 0.014915 -0.016084 0.021131 -0.011454,0.435515 0.010474 0.261027,0.096916 0.065475 -0.993137,0.104274 0.069757 -0.992099,0.000001 -0.000006 -0.000000,0.006649,0.160072,0.160000
0.98000,-0.012569 -0.013054 0.014452 -0.015582 0.020484 -0.011102,0.435551 0.010495 0.261033,0.097142 0.065607 -0.993106,0.104274 0.069757 -0.992099,0.000001 -0.000006 -0.000000,0.006522,0.160070,0.160000
0.99000,-0.012185 -0.012652 0.014004 -0.015095 0.019858 -0.010760,0.435586 0.010516 0.261039,0.097361 0.065735 -0.993076,0.104274 0.069757 -0.992099,0.000001 -0.000006 -0.000000,0.006426,0.160069,0.160000
1.00000,-0.011812 -0.012262 0.013570 -0.014623 0.019250 -0.010429,0.435620 0.010536 0.261045,0.097574 0.065858 -0.993047,0.104274 0.069757 -0.992099,0.000001 -0.000006 -0.000000,0.006309,0.160067,0.160000
1.01000,-0.011451 -0.011884 0.013149 -0.014166 0.018661 -0.010108,0.435653 0.010555 0.261051,0.097780 0.065979 -0.993019,0.104274 0.069757 -0.992099,0.000001 -0.000006 -0.000000,0.006201,0.160066,0.160000
1.02000,-0.011101 -0.011518 0.012741 -0.013724 0.018090 -0.009797,0.435685 0.010574 0.261057,0.097980 0.066095 -0.992991,0.104274 0.069757 -0.992099,0.000001 -0.000006 -0.000000,0.006097,0.160065,0.160000
1.03000,-0.010762 -0.011163 0.012345 -0.013295 0.017536 -0.009495,0.435715 0.010592 0.261062,0.098174 0.066208 -0.992964,0.104274 0.069757 -0.992099,0.000001 -0.000006 -0.000000,0.005994,0.160064,0.160000
1.04000,-0.010432 -0.010819 0.011962 -0.012880 0.016999 -0.009203,0.435745 0.010609 0.261068,0.098362 0.066317 -0.992939,0.104274 0.069757 -0.992099,0.000001 -0.000006 -0.000000,0.005870,0.160062,0.160000
1.05000,-0.010113 -0.010486 0.011591 -0.012478 0.016478 -0.008920,0.435774 0.010626 0.261073,0.098543 0.066423 -0.992913,0.104274 0.069757 -0.992099,0.000001 -0.000006 -0.000000,0.005784,0.160061,0.160000
1.06000,-0.009804 -0.010163 0.011231 -0.012088 0.015973 -0.008645,0.435802 0.010643 0.261078,0.098720 0.066526 -0.992889,0.104274 0.069757 -0.992099,0.000001 -0.000006 -0.000000,0.005685,0.160060,0.160000
1.07000,-0.009504 -0.009850 0.010882 -0.011711 0.015484 -0.008379,0.435830 0.010659 0.261083,0.098891 0.066625 -0.992865,0.104274 0.069757 -0.992099,0.000001 -0.000005 -0.000000,0.005570,0.160059,0.160000
1.08000,-0.009213 -0.009546 0.010544 -0.011345 0.015009 -0.008121,0.435856 0.010674 0.261088,0.099056 0.066722 -0.992842,0.104274 0.069757 -0.992099,0.000001 -0.000005 -0.000000,0.005470,0.160058,0.160000
1.09000,-0.008931 -0.009252 0.010217 -0.010991 0.014550 -0.007871,0.435882 0.010689 0.261092,0.099217 0.066815 -0.992820,0.104274 0.069757 -0.992099,0.000001 -0.000005 -0.000000,0.005408,0.160056,0.160000
1.10000,-0.008658 -0.008967 0.009899 -0.010648 0.014104 -0.007629,0.435906 0.010703 0.261097,0.099372 0.066906 -0.992798,0.104274 0.069757 -0.992099,0.000001 -0.000005 -0.000000,0.005303,0.160055,0.160000
1.11000,-0.008392 -0.008691 0.009592 -0.010316 0.013671 -0.007394,0.435930 0.010718 0.261101,0.099523 0.066994 -0.992777,0.104274 0.069757 -0.992099,0.000001 -0.000005 -0.000000,0.005205,0.160054,0.160000
1.12000,-0.008135 -0.008423 0.009294 -0.009994 0.013252 -0.007167,0.435954 0.010731 0.261106,0.099669 0.067079 -0.992757,0.104274 0.069757 -0.992099,0.000001 -0.000005 -0.000000,0.005123,0.160053,0.160000
1.13000,-0.007886 -0.008164 0.009005 -0.009682 0.012846 -0.006946,0.435976 0.010744 0.261110,0.099811 0.067161 -0.992737,0.104274 0.069757 -0.992099,0.000001 -0.000005 -0.000000,0.005014,0.160052,0.160000
1.14000,-0.007645 -0.007913 0.008725 -0.009380 0.012452 -0.006732,0.435998 0.010757 0.261114,0.099948 0.067241 -0.992718,0.104274 0.069757 -0.992099,0.000001 -0.000005 -0.000000,0.004959,0.160051,0.160000
1.15000,-0.007410 -0.007669 0.008454 -0.009087 0.012070 -0.006525,0.436019 0.010770 0.261118,0.100081 0.067319 -0.992699,0.104274 0.069757 -0.992099,0.000001 -0.000005 -0.000000,0.004855,0.160050,0.160000
1.16000,-0.007183 -0.007433 0.008191 -0.008804 0.011700 -0.006324,0.436040 0.010782 0.261122,0.100210 0.067394 -0.992681,0.104274 0.069757 -0.992099,0.000001 -0.000005 -0.000000,0.004760,0.160049,0.160000
1.17000,-0.006963 -0.007204 0.007936 -0.008529 0.011341 -0.006130,0.436060 0.010793 0.261126,0.100335 0.067466 -0.992664,0.104274 0.069757 -0.992099,0.000001 -0.000005 -0.000000,0.004709,0.160048,0.160000
1.18000,-0.006750 -0.006982 0.007689 -0.008263 0.010993 -0.005941,0.436079 0.010805 0.261129,0.100456 0.067537 -0.992647,0.104274 0.069757 -0.992099,0.000001 -0.000004 -0.000000,0.004619,0.160047,0.160000
1.19000,-0.006543 -0.006767 0.007450 -0.008005 0.010656 -0.005758,0.436098 0.010816 0.261133,0.100574 0.067605 -0.992630,0.104274 0.069757 -0.992099,0.000001 -0.000004 -0.000000,0.004518,0.160046,0.160000
1.20000,-0.006342 -0.006559 0.007219 -0.007756 0.010329 -0.005581,0.436116 0.010826 0.261136,0.100688 0.067672 -0.992614,0.104274 0.069757 -0.992099,0.000001 -0.000004 -0.000000,0.004460,0.160045,0.160000
1.21000,-0.006148 -0.006357 0.006994 -0.007514 0.010012 -0.005409,0.436133 0.010837 0.261140,0.100798 0.067736 -0.992598,0.104274 0.069757 -0.992099,0.000001 -0.000004 -0.000000,0.004378,0.160045,0.160000
1.22000,-0.005959 -0.006161 0.006776 -0.007279 0.009704 -0.005243,0.436150 0.010847 0.261143,0.100905 0.067798 -0.992583,0.104274 0.069757 -0.992099,0.000001 -0.000004 -0.000000,0.004282,0.160044,0.160000
1.23000,-0.005776 -0.005971 0.006565 -0.007052 0.009407 -0.005081,0.436167 0.010856 0.261146,0.101009 0.067858 -0.992569,0.104274 0.069757 -0.992099,0.000001 -0.000004 -0.000000,0.004219,0.160043,0.160000
1.24000,-0.005599 -0.005787 0.006361 -0.006832 0.009118 -0.004925,0.436183 0.010866 0.261149,0.101109 0.067917 -0.992554,0.104274 0.069757 -0.992099,0.000001 -0.000004 -0.000000,0.004137,0.160042,0.160000
1.25000,-0.005428 -0.005609 0.006163 -0.006619 0.008838 -0.004773,0.436198 0.010875 0.261152,0.101206 0.067974 -0.992541,0.104274 0.069757 -0.992099,0.000001 -0.000004 -0.000000,0.004063,0.160041,0.160000
1.26000,-0.005261 -0.005436 0.005971 -0.006412 0.008567 -0.004627,0.436213 0.010883 0.261155,0.101301 0.068029 -0.992527,0.104274 0.069757 -0.992099,0.000001 -0.000004 -0.000000,0.003982,0.160040,0.160000
1.27000,-0.005100 -0.005269 0.005785 -0.006212 0.008304 -0.004484,0.436228 0.010892 0.261158,0.101392 0.068082 -0.992514,0.104274 0.069757 -0.992099,0.000001 -0.000004 -0.000000,0.003912,0.160040,0.160000
1.28000,-0.004943 -0.005107 0.005605 -0.006019 0.008049 -0.004346,0.436242 0.010900 0.261161,0.101481 0.068133 -0.992502,0.104274 0.069757 -0.992099,0.000001 -0.000004 -0.000000,0.003844,0.160039,0.160000
1.29000,-0.004791 -0.004949 0.005431 -0.005831 0.007801 -0.004212,0.436255 0.010908 0.261164,0.101567 0.068183 -0.992489,0.104274 0.069757 -0.992099,0.000001 -0.000004 -0.000000,0.003769,0.160038,0.160000
1.30000,-0.004644 -0.004797 0.005261 -0.005649 0.007562 -0.004083,0.436269 0.010916 0.261166,0.101650 0.068232 -0.992478,0.104274 0.069757 -0.992099,0.000001 -0.000004 -0.000000,0.003690,0.160037,0.160000
1.31000,-0.004502 -0.004649 0.005097 -0.005473 0.007330 -0.003957,0.436281 0.010924 0.261169,0.101731 0.068279 -0.992466,0.104274 0.069757 -0.992099,0.000001 -0.000004 -0.000000,0.003630,0.160037,0.160000
1.32000,-0.004364 -0.004506 0.004939 -0.005302 0.007104 -0.003835,0.436294 0.010931 0.261172,0.101809 0.068324 -0.992455,0.104274 0.069757 -0.992099,0.000001 -0.000003 -0.000000,0.003563,0.160036,0.160000
1.33000,-0.004230 -0.004367 0.004785 -0.005136 0.006886 -0.003717,0.436306 0.010938 0.261174,0.101885 0.068368 -0.992444,0.104274 0.069757 -0.992099,0.000001 -0.000003 -0.000000,0.003484,0.160035,0.160000
1.34000,-0.004100 -0.004233 0.004636 -0.004976 0.006675 -0.003603,0.436318 0.010945 0.261176,0.101958 0.068411 -0.992434,0.104274 0.069757 -0.992099,0.000001 -0.000003 -0.000000,0.003423,0.160034,0.160000
1.35000,-0.003974 -0.004103 0.004491 -0.004821 0.006470 -0.003492,0.436329 0.010951 0.261179,0.102029 0.068453 -0.992423,0.104274 0.069757 -0.992099,0.000001 -0.000003 -0.000000,0.003394,0.160034,0.160000
1.36000,-0.003852 -0.003976 0.004351 -0.004670 0.006271 -0.003385,0.436340 0.010958 0.261181,0.102099 0.068493 -0.992414,0.104274 0.069757 -0.992099,0.000001 -0.000003 -0.000000,0.003321,0.160033,0.160000
1.37000,-0.003734 -0.003854 0.004215 -0.004525 0.006078 -0.003280,0.436351 0.010964 0.261183,0.102165 0.068532 -0.992404,0.104274 0.069757 -0.992099,0.000001 -0.000003 -0.000000,0.003245,0.160032,0.160000
1.38000,-0.003619 -0.003735 0.004084 -0.004383 0.005892 -0.003179,0.436361 0.010970 0.261185,0.102230 0.068569 -0.992395,0.104274 0.069757 -0.992099,0.000001 -0.000003 -0.000000,0.003219,0.160032,0.160000
1.39000,-0.003508 -0.003620 0.003956 -0.004247 0.005711 -0.003082,0.436371 0.010976 0.261187,0.102293 0.068606 -0.992386,0.104274 0.069757 -0.992099,0.000001 -0.000003 -0.000000,0.003154,0.160031,0.160000
1.40000,-0.003400 -0.003509 0.003833 -0.004114 0.005535 -0.002987,0.436380 0.010982 0.261189,0.102354 0.068642 -0.992377,0.104274 0.069757 -0.992099,0.000001 -0.000003 -0.000000,0.003077,0.160031,0.160000
1.41000,-0.003296 -0.003401 0.003713 -0.003986 0.005365 -0.002895,0.436390 0.010987 0.261191,0.102413 0.068676 -0.992368,0.104274 0.069757 -0.992099,0.000001 -0.000003 -0.000000,0.003043,0.160030,0.160000
1.42000,-0.003195 -0.003296 0.003597 -0.003861 0.005200 -0.002806,0.436399 0.010993 0.261193,0.102470 0.068709 -0.992360,0.104274 0.069757 -0.992099,0.000001 -0.000003 -0.000000,0.002980,0.160029,0.160000
1.43000,-0.003096 -0.003194 0.003485 -0.003741 0.005040 -0.002719,0.436408 0.010998 0.261195,0.102526 0.068741 -0.992352,0.104274 0.069757 -0.992099,0.000001 -0.000003 -0.000000,0.002915,0.160029,0.160000
1.44000,-0.003001 -0.003096 0.003376 -0.003624 0.004885 -0.002636,0.436416 0.011003 0.261197,0.102579 0.068773 -0.992345,0.104274 0.069757 -0.992099,0.000001 -0.000003 -0.000000,0.002868,0.160028,0.160000
1.45000,-0.002909 -0.003001 0.003271 -0.003511 0.004735 -0.002555,0.436425 0.011008 0.261198,0.102632 0.068803 -0.992337,0.104274 0.069757 -0.992099,0.000001 -0.000003 -0.000000,0.002814,0.160028,0.160000
1.46000,-0.002820 -0.002908 0.003169 -0.003401 0.004590 -0.002476,0.436433 0.011012 0.261200,0.102682 0.068832 -0.992330,0.104274 0.069757 -0.992099,0.000001 -0.000003 -0.000000,0.002748,0.160027,0.160000
1.47000,-0.002733 -0.002819 0.003070 -0.003295 0.004449 -0.002400,0.436440 0.011017 0.261202,0.102731 0.068861 -0.992323,0.104274 0.069757 -0.992099,0.000001 -0.000003 -0.000000,0.002709,0.160027,0.160000
1.48000,-0.002649 -0.002732 0.002974 -0.003192 0.004312 -0.002326,0.436448 0.011021 0.261203,0.102779 0.068888 -0.992316,0.104274 0.069757 -0.992099,0.000001 -0.000003 -0.000000,0.002655,0.160026,0.160000
1.49000,-0.002568 -0.002648 0.002881 -0.003092 0.004179 -0.002254,0.436455 0.011026 0.261205,0.102824 0.068915 -0.992309,0.104274 0.069757 -0.992099,0.000001 -0.000003 -0.000000,0.002612,0.160026,0.160000
1.50000,0.019491 -0.003721 0.104378 -0.098486 -0.014528 0.019116,0.436462 0.011030 0.261207,0.102869 0.068941 -0.992303,0.099973 0.065404 -0.992838,0.000001 -0.000002 -0.000000,0.002560,0.160025,0.160400
1.51000,0.030101 0.004038 0.095868 -0.091519 -0.031911 0.029007,0.436500 0.011036 0.260828,0.102852 0.068804 -0.992314,0.095667 0.061049 -0.993540,0.000002 -0.000001 0.000000,0.002044,0.160405,0.160800
1.52000,0.040330 0.011380 0.087831 -0.085031 -0.048746 0.038568,0.436505 0.011027 0.260410,0.102621 0.068571 -0.992354,0.091354 0.056693 -0.994203,0.000002 -0.000001 0.000000,0.001726,0.160820,0.161200
1.53000,0.050171 0.018508 0.080020 -0.078620 -0.065045 0.047761,0.436493 0.010996 0.259997,0.102286 0.068202 -0.992414,0.087036 0.052336 -0.994829,0.000001 0.000000 0.000000,0.001414,0.161226,0.161600
1.54000,0.059639 0.025381 0.072489 -0.072374 -0.080820 0.056609,0.436460 0.010945 0.259579,0.101824 0.067713 -0.992495,0.082713 0.047979 -0.995418,0.000001 0.000001 0.000000,0.001494,0.161634,0.162000
1.55000,0.068741 0.032020 0.065214 -0.066258 -0.096083 0.065121,0.436407 0.010875 0.259159,0.101244 0.067105 -0.992596,0.078384 0.043620 -0.995968,0.000001 0.000001 0.000000,0.001847,0.162041,0.162400
1.56000,0.077488 0.038430 0.058192 -0.060268 -0.110848 0.073308,0.436336 0.010785 0.258735,0.100550 0.066381 -0.992715,0.074051 0.039260 -0.996481,0.000001 0.000002 0.000000,0.002420,0.162449,0.162800
1.57000,0.085888 0.044620 0.051415 -0.054395 -0.125127 0.081180,0.436246 0.010677 0.258308,0.099745 0.065546 -0.992852,0.069714 0.034900 -0.996956,0.000002 0.000003 0.000000,0.003128,0.162857,0.163200
1.58000,0.093950 0.050598 0.044875 -0.048631 -0.138931 0.088748,0.436137 0.010551 0.257878,0.098831 0.064602 -0.993005,0.065372 0.030539 -0.997394,0.000002 0.000003 0.000000,0.003897,0.163264,0.163600
1.59000,0.101685 0.056370 0.038566 -0.042968 -0.152272 0.096021,0.436011 0.010406 0.257446,0.097813 0.063554 -0.993173,0.061027 0.026177 -0.997793,0.000002 0.000004 0.000000,0.004742,0.163672,0.164000
1.60000,0.109099 0.061944 0.032481 -0.037402 -0.165164 0.103011,0.435868 0.010244 0.257012,0.096694 0.062403 -0.993356,0.056679 0.021815 -0.998154,0.000002 0.000005 0.000001,0.005664,0.164079,0.164400
1.61000,0.116204 0.067327 0.026613 -0.031925 -0.177618 0.109726,0.435707 0.010065 0.256575,0.095476 0.061154 -0.993551,0.052328 0.017453 -0.998477,0.000003 0.000006 0.000001,0.006615,0.164486,0.164800
1.62000,0.123006 0.072525 0.020957 -0.026533 -0.189645 0.116176,0.435530 0.009869 0.256136,0.094162 0.059809 -0.993759,0.047974 0.013090 -0.998763,0.000003 0.000007 0.000001,0.007633,0.164894,0.165200
1.63000,0.129516 0.077544 0.015506 -0.021221 -0.201256 0.122371,0.435337 0.009657 0.255696,0.092757 0.058372 -0.993976,0.043617 0.008727 -0.999010,0.000004 0.000008 0.000001,0.008727,0.165301,0.165600
1.64000,0.135741 0.082390 0.010255 -0.015985 -0.212463 0.128319,0.435127 0.009428 0.255254,0.091261 0.056845 -0.994203,0.039259 0.004364 -0.999220,0.000005 0.000009 0.000001,0.009800,0.165708,0.166000
1.65000,0.141690 0.087069 0.005197 -0.010821 -0.223278 0.134030,0.434902 0.009184 0.254810,0.089678 0.055230 -0.994438,0.034899 0.000000 -0.999391,0.000005 0.000010 0.000001,0.010983,0.166115,0.166400
1.66000,0.147371 0.091585 0.000327 -0.005726 -0.233710 0.139511,0.434661 0.008925 0.254365,0.088010 0.053532 -0.994680,0.030538 -0.004363 -0.999524,0.000006 0.000011 0.000001,0.012185,0.166522,0.166800
1.67000,0.152791 0.095946 -0.004360 -0.000697 -0.243771 0.144772,0.434406 0.008650 0.253919,0.086261 0.051751 -0.994928,0.026176 -0.008726 -0.999619,0.000007 0.000012 0.000001,0.013420,0.166928,0.167200
1.68000,0.157959 0.100154 -0.008869 0.004269 -0.253471 0.149820,0.434136 0.008361 0.253473,0.084432 0.049891 -0.995179,0.021813 -0.013089 -0.999676,0.000007 0.000013 0.000001,0.014715,0.167335,0.167600
1.69000,0.162883 0.104215 -0.013206 0.009173 -0.262819 0.154664,0.433851 0.008057 0.253025,0.082526 0.047953 -0.995435,0.017449 -0.017452 -0.999695,0.000008 0.000014 0.000001,0.016023,0.167742,0.168000
1.70000,0.167569 0.108134 -0.017376 0.014019 -0.271827 0.159311,0.433553 0.007740 0.252577,0.080545 0.045941 -0.995692,0.013086 -0.021814 -0.999676,0.000009 0.000015 0.000001,0.017381,0.168148,0.168400
1.71000,0.172025 0.111915 -0.021383 0.018807 -0.280504 0.163769,0.433240 0.007408 0.252129,0.078492 0.043857 -0.995950,0.008723 -0.026177 -0.999619,0.000010 0.000016 0.000001,0.018751,0.168555,0.168800
1.72000,0.176259 0.115563 -0.025231 0.023539 -0.288859 0.168044,0.432914 0.007063 0.251681,0.076368 0.041703 -0.996207,0.004361 -0.030538 -0.999524,0.000011 0.000017 0.000002,0.020153,0.168961,0.169200
1.73000,0.180277 0.119081 -0.028925 0.028217 -0.296902 0.172145,0.432575 0.006705 0.251233,0.074176 0.039480 -0.996463,-0.000000 -0.034899 -0.999391,0.000012 0.000018 0.000002,0.021598,0.169367,0.169600
1.74000,0.184085 0.122473 -0.032471 0.032842 -0.304642 0.176078,0.432223 0.006333 0.250785,0.071919 0.037191 -0.996717,-0.004360 -0.039259 -0.999220,0.000013 0.000019 0.000002,0.023048,0.169774,0.170000
1.75000,0.187692 0.125743 -0.035870 0.037414 -0.312088 0.179849,0.431858 0.005949 0.250338,0.069596 0.034839 -0.996967,-0.008719 -0.043619 -0.999010,0.000014 0.000020 0.000002,0.024519,0.170180,0.170400
1.76000,0.191103 0.128894 -0.039129 0.041935 -0.319248 0.183465,0.431481 0.005552 0.249892,0.067212 0.032424 -0.997212,-0.013075 -0.047978 -0.998763,0.000015 0.000021 0.000002,0.026015,0.170586,0.170800
1.77000,0.194324 0.131931 -0.042250 0.046405 -0.326132 0.186932,0.431091 0.005143 0.249446,0.064768 0.029949 -0.997451,-0.017429 -0.052336 -0.998477,0.000016 0.000022 0.000002,0.027552,0.170992,0.171200
1.78000,0.197361 0.134856 -0.045237 0.050825 -0.332746 0.190257,0.430689 0.004722 0.249001,0.062265 0.027416 -0.997683,-0.021780 -0.056692 -0.998154,0.000017 0.000023 0.000002,0.029043,0.171397,0.171600
1.79000,0.200222 0.137673 -0.048095 0.055196 -0.339101 0.193444,0.430276 0.004290 0.248558,0.059706 0.024826 -0.997907,-0.026128 -0.061048 -0.997793,0.000018 0.000024 0.000002,0.030578,0.171803,0.172000
1.80000,0.202910 0.140384 -0.050827 0.059517 -0.345202 0.196500,0.429851 0.003845 0.248116,0.057092 0.022181 -0.998122,-0.030473 -0.065403 -0.997394,0.000020 0.000025 0.000002,0.032137,0.172209,0.172400
1.81000,0.205433 0.142993 -0.053435 0.063790 -0.351059 0.199431,0.429415 0.003390 0.247676,0.054425 0.019483 -0.998328,-0.034815 -0.069756 -0.996956,0.000021 0.000027 0.000002,0.033663,0.172614,0.172800
1.82000,0.207795 0.145503 -0.055925 0.068014 -0.356677 0.202240,0.428968 0.002923 0.247237,0.051706 0.016733 -0.998522,-0.039152 -0.074108 -0.996481,0.000022 0.000028 0.000002,0.035187,0.173020,0.173200
1.83000,0.210003 0.147916 -0.058298 0.072189 -0.362066 0.204934,0.428510 0.002445 0.246801,0.048938 0.013933 -0.998705,-0.043485 -0.078459 -0.995969,0.000023 0.000029 0.000002,0.036757,0.173425,0.173600
1.84000,0.212060 0.150236 -0.060558 0.076317 -0.367232 0.207517,0.428041 0.001957 0.246367,0.046121 0.011085 -0.998874,-0.047814 -0.082808 -0.995418,0.000024 0.000030 0.000001,0.038314,0.173830,0.174000
1.85000,0.213973 0.152463 -0.062708 0.080396 -0.372182 0.209994,0.427562 0.001458 0.245935,0.043258 0.008190 -0.999030,-0.052137 -0.087155 -0.994829,0.000025 0.000031 0.000001,0.039818,0.174236,0.174400
1.86000,0.208630 0.154820 -0.066045 0.090021 -0.364395 0.205178,0.427073 0.000948 0.245505,0.040350 0.005249 -0.999172,-0.056477 -0.087155 -0.994593,0.000027 0.000032 0.000001,0.041371,0.174641,0.174800
1.87000,0.203426 0.157065 -0.069254 0.099317 -0.356798 0.200552,0.426574 0.000453 0.245079,0.037399 0.002396 -0.999298,-0.060817 -0.087155 -0.994337,0.000027 0.000033 0.000001,0.043148,0.175045,0.175200
1.88000,0.198363 0.159196 -0.072329 0.108284 -0.349392 0.196113,0.426064 -0.000030 0.244655,0.034404 -0.000369 -0.999408,-0.065155 -0.087155 -0.994062,0.000028 0.000035 0.000001,0.044750,0.175449,0.175600
1.89000,0.193437 0.161220 -0.075278 0.116936 -0.342174 0.191853,0.425544 -0.000500 0.244234,0.031366 -0.003050 -0.999503,-0.069491 -0.087155 -0.993768,0.000029 0.000036 0.000001,0.046292,0.175854,0.176000
1.90000,0.188646 0.163141 -0.078103 0.125283 -0.335140 0.187764,0.425015 -0.000958 0.243816,0.028287 -0.005649 -0.999584,-0.073827 -0.087155 -0.993455,0.000029 0.000038 0.000001,0.047743,0.176258,0.176400
1.91000,0.183986 0.164964 -0.080808 0.133337 -0.328288 0.183840,0.424476 -0.001404 0.243400,0.025168 -0.008169 -0.999650,-0.078161 -0.087155 -0.993124,0.000030 0.000039 0.000000,0.049090,0.176662,0.176800
1.92000,0.179455 0.166693 -0.083398 0.141108 -0.321613 0.180074,0.423927 -0.001839 0.242986,0.022010 -0.010612 -0.999701,-0.082493 -0.087155 -0.992773,0.000030 0.000040 0.000000,0.050370,0.177067,0.177200
1.93000,0.175049 0.168332 -0.085876 0.148606 -0.315114 0.176460,0.423370 -0.002262 0.242575,0.018816 -0.012980 -0.999739,-0.086824 -0.087155 -0.992404,0.000030 0.000042 0.000000,0.051586,0.177471,0.177600
1.94000,0.170766 0.169885 -0.088245 0.155841 -0.308787 0.172991,0.422803 -0.002674 0.242167,0.015586 -0.015276 -0.999762,-0.091154 -0.087155 -0.992016,0.000031 0.000043 -0.000000,0.052707,0.177876,0.178000
1.95000,0.166603 0.171356 -0.090510 0.162821 -0.302627 0.169662,0.422228 -0.003076 0.241760,0.012320 -0.017502 -0.999771,-0.095481 -0.087155 -0.991608,0.000031 0.000044 -0.000000,0.053739,0.178280,0.178400
1.96000,0.162557 0.172749 -0.092672 0.169556 -0.296632 0.166468,0.421643 -0.003468 0.241357,0.009021 -0.019659 -0.999766,-0.099807 -0.087155 -0.991182,0.000031 0.000045 -0.000001,0.054735,0.178685,0.178800
1.97000,0.158624 0.174066 -0.094736 0.176055 -0.290797 0.163402,0.421051 -0.003849 0.240955,0.005690 -0.021751 -0.999747,-0.104131 -0.087155 -0.990737,0.000032 0.000046 -0.000001,0.055658,0.179089,0.179200
1.98000,0.152574 0.167863 -0.087768 0.168464 -0.281082 0.157962,0.420449 -0.004221 0.240557,0.002327 -0.023779 -0.999715,-0.104131 -0.087155 -0.990737,0.000032 0.000047 -0.000001,0.056480,0.179493,0.179600
1.99000,0.146755 0.161830 -0.081004 0.161022 -0.271712 0.152688,0.419863 -0.004584 0.240158,-0.000942 -0.025742 -0.999668,-0.104131 -0.087155 -0.990737,0.000033 0.000047 -0.000001,0.057008,0.179901,0.180000
2.00000,0.143963 0.171175 -0.191028 0.255195 -0.262688 0.150383,0.419292 -0.004938 0.239761,-0.004109 -0.027644 -0.999609,-0.104131 -0.087155 -0.990737,0.000033 0.000047 -0.000001,0.057520,0.180308,0.180000
2.01000,0.139084 0.165941 -0.185109 0.247902 -0.253951 0.145931,0.418727 -0.005266 0.239755,-0.007248 -0.029466 -0.999540,-0.104131 -0.087155 -0.990737,0.000034 0.000047 -0.000002,0.058076,0.180327,0.180000
2.02000,0.134410 0.161009 -0.179385 0.240913 -0.245532 0.141641,0.418192 -0.005590 0.239785,-0.010209 -0.031258 -0.999459,-0.104131 -0.087155 -0.990737,0.000033 0.000046 -0.000002,0.056825,0.180311,0.180000
2.03000,0.129897 0.156179 -0.173832 0.234067 -0.237405 0.137462,0.417670 -0.005902 0.239807,-0.013101 -0.032988 -0.999370,-0.104131 -0.087155 -0.990737,0.000032 0.000046 -0.000002,0.055982,0.180304,0.180000
2.04000,0.125546 0.151498 -0.168453 0.227403 -0.229561 0.133403,0.417165 -0.006205 0.239833,-0.015899 -0.034666 -0.999272,-0.104131 -0.087155 -0.990737,0.000032 0.000045 -0.000002,0.055064,0.180296,0.180000
2.05000,0.121349 0.146950 -0.163240 0.220908 -0.221989 0.129458,0.416676 -0.006499 0.239860,-0.018612 -0.036291 -0.999168,-0.104131 -0.087155 -0.990737,0.000031 0.000044 -0.000002,0.054138,0.180288,0.180000
2.06000,0.117300 0.142535 -0.158189 0.214582 -0.214680 0.125624,0.416201 -0.006783 0.239888,-0.021243 -0.037867 -0.999057,-0.104131 -0.087155 -0.990737,0.000031 0.000044 -0.000002,0.053232,0.180280,0.180000
2.07000,0.113395 0.138248 -0.153294 0.208420 -0.207624 0.121899,0.415741 -0.007059 0.239916,-0.023792 -0.039393 -0.998940,-0.104131 -0.087155 -0.990737,0.000030 0.000043 -0.000002,0.052351,0.180273,0.180000
2.08000,0.109626 0.134087 -0.148551 0.202420 -0.200810 0.118280,0.415295 -0.007326 0.239945,-0.026264 -0.040872 -0.998819,-0.104131 -0.087155 -0.990737,0.000029 0.000042 -0.000002,0.051410,0.180265,0.180000
2.09000,0.105991 0.130047 -0.143955 0.196579 -0.194231 0.114764,0.414863 -0.007584 0.239975,-0.028660 -0.042305 -0.998694,-0.104131 -0.087155 -0.990737,0.000029 0.000041 -0.000003,0.050519,0.180258,0.180000
2.10000,0.102482 0.126125 -0.139501 0.190893 -0.187879 0.111349,0.414444 -0.007835 0.240005,-0.030982 -0.043694 -0.998564,-0.104131 -0.087155 -0.990737,0.000028 0.000041 -0.000003,0.049655,0.180251,0.180000
2.11000,0.099096 0.122319 -0.135186 0.185359 -0.181743 0.108032,0.414037 -0.008078 0.240035,-0.033233 -0.045040 -0.998432,-0.104131 -0.087155 -0.990737,0.000028 0.000040 -0.000003,0.048745,0.180245,0.180000
2.12000,0.095827 0.118625 -0.131004 0.179974 -0.175817 0.104809,0.413644 -0.008313 0.240066,-0.035415 -0.046344 -0.998298,-0.104131 -0.087155 -0.990737,0.000027 0.000039 -0.000003,0.047874,0.180238,0.180000
2.13000,0.092672 0.115040 -0.126953 0.174735 -0.170093 0.101680,0.413262 -0.008542 0.240096,-0.037530 -0.047607 -0.998161,-0.104131 -0.087155 -0.990737,0.000026 0.000039 -0.000003,0.047031,0.180232,0.180000
2.14000,0.089627 0.111560 -0.123027 0.169639 -0.164563 0.098641,0.412892 -0.008763 0.240127,-0.039580 -0.048832 -0.998022,-0.104131 -0.087155 -0.990737,0.000026 0.000038 -0.000003,0.046155,0.180226,0.180000
2.15000,0.086686 0.108184 -0.119223 0.164682 -0.159222 0.095690,0.412534 -0.008977 0.240158,-0.041567 -0.050018 -0.997883,-0.104131 -0.087155 -0.990737,0.000025 0.000038 -0.000003,0.045313,0.180220,0.180000
2.16000,0.083847 0.104908 -0.115537 0.159861 -0.154060 0.092825,0.412187 -0.009184 0.240189,-0.043493 -0.051167 -0.997743,-0.104131 -0.087155 -0.990737,0.000025 0.000037 -0.000003,0.044484,0.180215,0.180000
2.17000,0.081105 0.101729 -0.111965 0.155173 -0.149073 0.090042,0.411850 -0.009385 0.240220,-0.045360 -0.052281 -0.997602,-0.104131 -0.087155 -0.990737,0.000024 0.000036 -0.000003,0.043651,0.180209,0.180000
2.18000,0.078457 0.098645 -0.108505 0.150615 -0.144254 0.087341,0.411523 -0.009580 0.240251,-0.047169 -0.053361 -0.997461,-0.104131 -0.087155 -0.990737,0.000024 0.000036 -0.000003,0.042833,0.180204,0.180000
2.19000,0.075899 0.095653 -0.105152 0.146185 -0.139597 0.084719,0.411207 -0.009769 0.240282,-0.048923 -0.054406 -0.997320,-0.104131 -0.087155 -0.990737,0.000023 0.000035 -0.000003,0.042039,0.180198,0.180000
2.20000,0.073429 0.092750 -0.101903 0.141877 -0.135097 0.082173,0.410901 -0.009952 0.240312,-0.050623 -0.055420 -0.997179,-0.104131 -0.087155 -0.990737,0.000022 0.000034 -0.000003,0.041250,0.180193,0.180000
2.21000,0.071043 0.089933 -0.098755 0.137691 -0.130746 0.079702,0.410603 -0.010129 0.240342,-0.052270 -0.056402 -0.997039,-0.104131 -0.087155 -0.990737,0.000022 0.000034 -0.000003,0.040451,0.180188,0.180000
2.22000,0.068737 0.087201 -0.095704 0.133623 -0.126541 0.077303,0.410315 -0.010301 0.240372,-0.053867 -0.057353 -0.996900,-0.104131 -0.087155 -0.990737,0.000021 0.000033 -0.000003,0.039690,0.180184,0.180000
2.23000,0.066510 0.084551 -0.092748 0.129669 -0.122477 0.074975,0.410036 -0.010467 0.240402,-0.055415 -0.058275 -0.996761,-0.104131 -0.087155 -0.990737,0.000021 0.000033 -0.000003,0.038922,0.180179,0.180000
2.24000,0.064358 0.081980 -0.089884 0.125828 -0.118547 0.072715,0.409766 -0.010629 0.240431,-0.056915 -0.059168 -0.996624,-0.104131 -0.087155 -0.990737,0.000020 0.000032 -0.000003,0.038165,0.180174,0.180000
2.25000,0.062278 0.079486 -0.087109 0.122095 -0.114748 0.070522,0.409504 -0.010785 0.240460,-0.058368 -0.060034 -0.996488,-0.104131 -0.087155 -0.990737,0.000020 0.000032 -0.000003,0.037427,0.180170,0.180000
2.26000,0.060268 0.077068 -0.084420 0.118470 -0.111075 0.068393,0.409250 -0.010936 0.240488,-0.059777 -0.060873 -0.996354,-0.104131 -0.087155 -0.990737,0.000019 0.000031 -0.000003,0.036726,0.180166,0.180000
2.27000,0.058326 0.074721 -0.081815 0.114947 -0.107523 0.066327,0.409003 -0.011083 0.240516,-0.061143 -0.061685 -0.996221,-0.104131 -0.087155 -0.990737,0.000019 0.000030 -0.000003,0.035969,0.180161,0.180000
2.28000,0.056448 0.072446 -0.079290 0.111526 -0.104088 0.064323,0.408765 -0.011225 0.240544,-0.062467 -0.062473 -0.996090,-0.104131 -0.087155 -0.990737,0.000019 0.000030 -0.000003,0.035267,0.180157,0.180000
2.29000,0.054633 0.070239 -0.076843 0.108203 -0.100767 0.062378,0.408533 -0.011363 0.240571,-0.063749 -0.063236 -0.995960,-0.104131 -0.087155 -0.990737,0.000018 0.000029 -0.000003,0.034598,0.180153,0.180000
2.30000,0.052879 0.068099 -0.074473 0.104976 -0.097555 0.060490,0.408309 -0.011496 0.240598,-0.064993 -0.063976 -0.995833,-0.104131 -0.087155 -0.990737,0.000018 0.000029 -0.000003,0.033898,0.180150,0.180000
2.31000,0.051183 0.066023 -0.072176 0.101842 -0.094448 0.058659,0.408092 -0.011626 0.240624,-0.066198 -0.064692 -0.995707,-0.104131 -0.087155 -0.990737,0.000017 0.000028 -0.000003,0.033234,0.180146,0.180000
2.32000,0.049543 0.064010 -0.069950 0.098799 -0.091444 0.056882,0.407881 -0.011751 0.240650,-0.067366 -0.065386 -0.995583,-0.104131 -0.087155 -0.990737,0.000017 0.000028 -0.000003,0.032585,0.180142,0.180000
2.33000,0.047957 0.062057 -0.067793 0.095843 -0.088537 0.055158,0.407677 -0.011873 0.240676,-0.068498 -0.066059 -0.995462,-0.104131 -0.087155 -0.990737,0.000016 0.000027 -0.000003,0.031934,0.180139,0.180000
2.34000,0.046424 0.060164 -0.065703 0.092974 -0.085726 0.053486,0.407479 -0.011990 0.240701,-0.069595 -0.066711 -0.995342,-0.104131 -0.087155 -0.990737,0.000016 0.000027 -0.000003,0.031298,0.180135,0.180000
2.35000,0.044942 0.058328 -0.063677 0.090189 -0.083006 0.051863,0.407288 -0.012104 0.240725,-0.070658 -0.067343 -0.995225,-0.104131 -0.087155 -0.990737,0.000016 0.000026 -0.000003,0.030687,0.180132,0.180000
2.36000,0.043508 0.056547 -0.061715 0.087485 -0.080375 0.050289,0.407102 -0.012215 0.240749,-0.071689 -0.067955 -0.995109,-0.104131 -0.087155 -0.990737,0.000015 0.000026 -0.000003,0.030081,0.180129,0.180000
2.37000,0.042122 0.054821 -0.059813 0.084859 -0.077829 0.048762,0.406922 -0.012322 0.240773,-0.072688 -0.068548 -0.994996,-0.104131 -0.087155 -0.990737,0.000015 0.000025 -0.000003,0.029464,0.180126,0.180000
2.38000,0.040780 0.053147 -0.057970 0.082311 -0.075366 0.047281,0.406747 -0.012426 0.240796,-0.073656 -0.069123 -0.994885,-0.104131 -0.087155 -0.990737,0.000014 0.000025 -0.000003,0.028877,0.180123,0.180000
2.39000,0.039483 0.051523 -0.056184 0.079837 -0.072983 0.045844,0.406578 -0.012526 0.240819,-0.074594 -0.069680 -0.994777,-0.104131 -0.087155 -0.990737,0.000014 0.000024 -0.000003,0.028322,0.180120,0.180000
2.40000,0.038229 0.049949 -0.054454 0.077436 -0.070677 0.044450,0.406414 -0.012624 0.240841,-0.075503 -0.070220 -0.994670,-0.104131 -0.087155 -0.990737,0.000014 0.000024 -0.000003,0.027713,0.180117,0.180000
2.41000,0.037015 0.048422 -0.052777 0.075106 -0.068445 0.043098,0.406256 -0.012718 0.240862,-0.076384 -0.070743 -0.994566,-0.104131 -0.087155 -0.990737,0.000013 0.000023 -0.000003,0.027159,0.180114,0.180000
2.42000,0.035841 0.046942 -0.051151 0.072845 -0.066286 0.041786,0.406102 -0.012810 0.240883,-0.077239 -0.071250 -0.994463,-0.104131 -0.087155 -0.990737,0.000013 0.000023 -0.000003,0.026622,0.180111,0.180000
2.43000,0.034704 0.045507 -0.049577 0.070650 -0.064196 0.040514,0.405952 -0.012899 0.240904,-0.078066 -0.071741 -0.994364,-0.104131 -0.087155 -0.990737,0.000013 0.000023 -0.000003,0.026076,0.180108,0.180000
2.44000,0.033605 0.044116 -0.048050 0.068520 -0.062174 0.039280,0.405808 -0.012985 0.240924,-0.078869 -0.072217 -0.994266,-0.104131 -0.087155 -0.990737,0.000012 0.000022 -0.000003,0.025548,0.180106,0.180000
2.45000,0.032542 0.042767 -0.046571 0.066453 -0.060216 0.038084,0.405668 -0.013068 0.240944,-0.079646 -0.072678 -0.994170,-0.104131 -0.087155 -0.990737,0.000012 0.000022 -0.000003,0.025057,0.180103,0.180000
2.46000,0.031513 0.041459 -0.045138 0.064447 -0.058322 0.036923,0.405532 -0.013149 0.240964,-0.080400 -0.073125 -0.994077,-0.104131 -0.087155 -0.990737,0.000012 0.000021 -0.000003,0.024540,0.180101,0.180000
2.47000,0.030517 0.040190 -0.043749 0.062501 -0.056488 0.035797,0.405400 -0.013227 0.240982,-0.081131 -0.073559 -0.993985,-0.104131 -0.087155 -0.990737,0.000011 0.000021 -0.000002,0.024026,0.180098,0.180000
2.48000,0.029554 0.038961 -0.042403 0.060613 -0.054713 0.034706,0.405272 -0.013303 0.241001,-0.081838 -0.073978 -0.993896,-0.104131 -0.087155 -0.990737,0.000011 0.000021 -0.000002,0.023552,0.180096,0.180000
2.49000,0.028621 0.037768 -0.041099 0.058780 -0.052995 0.033647,0.405149 -0.013376 0.241019,-0.082525 -0.074385 -0.993809,-0.104131 -0.087155 -0.990737,0.000011 0.000020 -0.000002,0.023080,0.180094,0.180000
2.50000,0.027719 0.036612 -0.039835 0.057003 -0.051331 0.032620,0.405029 -0.013447 0.241036,-0.083190 -0.074779 -0.993724,-0.104131 -0.087155 -0.990737,0.000011 0.000020 -0.000002,0.022573,0.180091,0.180000
2.51000,0.026845 0.035492 -0.038609 0.055278 -0.049721 0.031625,0.404913 -0.013516 0.241054,-0.083834 -0.075161 -0.993641,-0.104131 -0.087155 -0.990737,0.000010 0.000019 -0.000002,0.022128,0.180089,0.180000
2.52000,0.026000 0.034405 -0.037422 0.053605 -0.048163 0.030659,0.404800 -0.013583 0.241070,-0.084459 -0.075531 -0.993560,-0.104131 -0.087155 -0.990737,0.000010 0.000019 -0.000002,0.021694,0.180087,0.180000
2.53000,0.025182 0.033352 -0.036272 0.051981 -0.046653 0.029723,0.404691 -0.013648 0.241087,-0.085064 -0.075890 -0.993481,-0.104131 -0.087155 -0.990737,0.000010 0.000019 -0.000002,0.021213,0.180085,0.180000
2.54000,0.024390 0.032330 -0.035157 0.050407 -0.045192 0.028815,0.404585 -0.013711 0.241103,-0.085651 -0.076238 -0.993404,-0.104131 -0.087155 -0.990737,0.000010 0.000018 -0.000002,0.020786,0.180083,0.180000
2.55000,0.023624 0.031340 -0.034076 0.048879 -0.043778 0.027934,0.404483 -0.013772 0.241118,-0.086220 -0.076575 -0.993329,-0.104131 -0.087155 -0.990737,0.000009 0.000018 -0.000002,0.020387,0.180081,0.180000
2.56000,0.022882 0.030380 -0.033029 0.047397 -0.042408 0.027081,0.404383 -0.013831 0.241133,-0.086771 -0.076901 -0.993256,-0.104131 -0.087155 -0.990737,0.000009 0.000018 -0.000002,0.019944,0.180079,0.180000
2.57000,0.022163 0.029450 -0.032014 0.045959 -0.041082 0.026253,0.404287 -0.013888 0.241148,-0.087305 -0.077218 -0.993184,-0.104131 -0.087155 -0.990737,0.000009 0.000017 -0.000002,0.019538,0.180077,0.180000
2.58000,0.021468 0.028547 -0.031030 0.044565 -0.039799 0.025450,0.404194 -0.013943 0.241162,-0.087823 -0.077524 -0.993115,-0.104131 -0.087155 -0.990737,0.000009 0.000017 -0.000002,0.019163,0.180075,0.180000
2.59000,0.020795 0.027673 -0.030076 0.043212 -0.038555 0.024671,0.404103 -0.013997 0.241176,-0.088325 -0.077821 -0.993047,-0.104131 -0.087155 -0.990737,0.000008 0.000017 -0.000002,0.018753,0.180074,0.180000
2.60000,0.020143 0.026825 -0.029153 0.041901 -0.037351 0.023917,0.404016 -0.014049 0.241190,-0.088811 -0.078109 -0.992981,-0.104131 -0.087155 -0.990737,0.000008 0.000016 -0.000002,0.018369,0.180072,0.180000
2.61000,0.019512 0.026003 -0.028257 0.040628 -0.036185 0.023185,0.403931 -0.014099 0.241203,-0.089283 -0.078388 -0.992917,-0.104131 -0.087155 -0.990737,0.000008 0.000016 -0.000002,0.018012,0.180070,0.180000
2.62000,0.018901 0.025206 -0.027389 0.039394 -0.035056 0.022475,0.403848 -0.014148 0.241216,-0.089740 -0.078659 -0.992854,-0.104131 -0.087155 -0.990737,0.000008 0.000016 -0.000002,0.017643,0.180069,0.180000
2.63000,0.018309 0.024433 -0.026548 0.038197 -0.033963 0.021787,0.403769 -0.014196 0.241229,-0.090183 -0.078921 -0.992793,-0.104131 -0.087155 -0.990737,0.000008 0.000015 -0.000002,0.017259,0.180067,0.180000
2.64000,0.017737 0.023685 -0.025733 0.037036 -0.032904 0.021120,0.403691 -0.014242 0.241241,-0.090612 -0.079175 -0.992734,-0.104131 -0.087155 -0.990737,0.000007 0.000015 -0.000002,0.016923,0.180065,0.180000
2.65000,0.017182 0.022958 -0.024943 0.035910 -0.031879 0.020473,0.403616 -0.014286 0.241253,-0.091028 -0.079421 -0.992676,-0.104131 -0.087155 -0.990737,0.000007 0.000015 -0.000002,0.016589,0.180064,0.180000
2.66000,0.016645 0.022255 -0.024177 0.034817 -0.030886 0.019846,0.403544 -0.014329 0.241265,-0.091431 -0.079660 -0.992620,-0.104131 -0.087155 -0.990737,0.000007 0.000015 -0.000002,0.016222,0.180062,0.180000
2.67000,0.016125 0.021572 -0.023435 0.033758 -0.029924 0.019238,0.403473 -0.014371 0.241276,-0.091822 -0.079891 -0.992565,-0.104131 -0.087155 -0.990737,0.000007 0.000014 -0.000002,0.015900,0.180061,0.180000
2.68000,0.015621 0.020911 -0.022716 0.032731 -0.028993 0.018649,0.403405 -0.014411 0.241287,-0.092201 -0.080115 -0.992512,-0.104131 -0.087155 -0.990737,0.000007 0.000014 -0.000002,0.015581,0.180059,0.180000
2.69000,0.015134 0.020270 -0.022018 0.031735 -0.028090 0.018077,0.403339 -0.014451 0.241298,-0.092568 -0.080332 -0.992461,-0.104131 -0.087155 -0.990737,0.000006 0.000014 -0.000002,0.015255,0.180058,0.180000
2.70000,0.014661 0.019648 -0.021343 0.030769 -0.027216 0.017523,0.403275 -0.014489 0.241308,-0.092923 -0.080542 -0.992410,-0.104131 -0.087155 -0.990737,0.000006 0.000013 -0.000002,0.014941,0.180057,0.180000
2.71000,0.014204 0.019046 -0.020688 0.029832 -0.026370 0.016986,0.403213 -0.014526 0.241318,-0.093268 -0.080746 -0.992361,-0.104131 -0.087155 -0.990737,0.000006 0.000013 -0.000002,0.014660,0.180055,0.180000
2.72000,0.013761 0.018462 -0.020053 0.028923 -0.025550 0.016465,0.403152 -0.014561 0.241328,-0.093602 -0.080944 -0.992314,-0.104131 -0.087155 -0.990737,0.000006 0.000013 -0.000002,0.014339,0.180054,0.180000
2.73000,0.013332 0.017895 -0.019438 0.028042 -0.024756 0.015960,0.403094 -0.014596 0.241338,-0.093926 -0.081135 -0.992268,-0.104131 -0.087155 -0.990737,0.000006 0.000013 -0.000002,0.014028,0.180053,0.180000
2.74000,0.012917 0.017346 -0.018842 0.027188 -0.023987 0.015471,0.403038 -0.014630 0.241347,-0.094240 -0.081321 -0.992223,-0.104131 -0.087155 -0.990737,0.000006 0.000012 -0.000002,0.013742,0.180052,0.180000
2.75000,0.012514 0.016814 -0.018264 0.026359 -0.023242 0.014996,0.402983 -0.014662 0.241356,-0.094545 -0.081501 -0.992179,-0.104131 -0.087155 -0.990737,0.000006 0.000012 -0.000002,0.013471,0.180051,0.180000
2.76000,0.012125 0.016299 -0.017704 0.025556 -0.022520 0.014536,0.402930 -0.014694 0.241365,-0.094840 -0.081675 -0.992136,-0.104131 -0.087155 -0.990737,0.000005 0.000012 -0.000001,0.013189,0.180049,0.180000
2.77000,0.011747 0.015799 -0.017161 0.024777 -0.021821 0.014090,0.402878 -0.014724 0.241374,-0.095125 -0.081844 -0.992095,-0.104131 -0.087155 -0.990737,0.000005 0.000012 -0.000001,0.012931,0.180048,0.180000
2.78000,0.011382 0.015314 -0.016635 0.024022 -0.021144 0.013658,0.402828 -0.014754 0.241382,-0.095402 -0.082008 -0.992055,-0.104131 -0.087155 -0.990737,0.000005 0.000011 -0.000001,0.012663,0.180047,0.180000
2.79000,0.011027 0.014844 -0.016125 0.023289 -0.020488 0.013239,0.402780 -0.014783 0.241390,-0.095671 -0.082167 -0.992016,-0.104131 -0.087155 -0.990737,0.000005 0.000011 -0.000001,0.012395,0.180046,0.180000
2.80000,0.010684 0.014389 -0.015630 0.022579 -0.019852 0.012832,0.402733 -0.014810 0.241398,-0.095931 -0.082320 -0.991978,-0.104131 -0.087155 -0.990737,0.000005 0.000011 -0.000001,0.012154,0.180045,0.180000
2.81000,0.010352 0.013947 -0.015151 0.021890 -0.019237 0.012438,0.402688 -0.014837 0.241406,-0.096183 -0.082469 -0.991941,-0.104131 -0.087155 -0.990737,0.000005 0.000011 -0.000001,0.011896,0.180044,0.180000
2.82000,0.010030 0.013519 -0.014687 0.021222 -0.018640 0.012056,0.402643 -0.014863 0.241413,-0.096428 -0.082614 -0.991906,-0.104131 -0.087155 -0.990737,0.000005 0.000011 -0.000001,0.011662,0.180043,0.180000
2.83000,0.009719 0.013104 -0.014237 0.020575 -0.018062 0.011686,0.402601 -0.014889 0.241420,-0.096665 -0.082754 -0.991871,-0.104131 -0.087155 -0.990737,0.000005 0.000010 -0.000001,0.011413,0.180042,0.180000
2.84000,0.009417 0.012702 -0.013800 0.019947 -0.017502 0.011327,0.402559 -0.014913 0.241427,-0.096895 -0.082889 -0.991837,-0.104131 -0.087155 -0.990737,0.000004 0.000010 -0.000001,0.011166,0.180041,0.180000
2.85000,0.009124 0.012313 -0.013377 0.019338 -0.016960 0.010979,0.402519 -0.014937 0.241434,-0.097117 -0.083021 -0.991804,-0.104131 -0.087155 -0.990737,0.000004 0.000010 -0.000001,0.010944,0.180040,0.180000
2.86000,0.008841 0.011935 -0.012968 0.018748 -0.016435 0.010642,0.402480 -0.014960 0.241441,-0.097333 -0.083148 -0.991772,-0.104131 -0.087155 -0.990737,0.000004 0.000010 -0.000001,0.010729,0.180039,0.180000
2.87000,0.008566 0.011568 -0.012570 0.018176 -0.015925 0.010315,0.402443 -0.014983 0.241447,-0.097542 -0.083272 -0.991742,-0.104131 -0.087155 -0.990737,0.000004 0.000010 -0.000001,0.010486,0.180038,0.180000
2.88000,0.008300 0.011213 -0.012185 0.017621 -0.015432 0.009998,0.402406 -0.015004 0.241454,-0.097745 -0.083392 -0.991712,-0.104131 -0.087155 -0.990737,0.000004 0.000009 -0.000001,0.010285,0.180037,0.180000
2.89000,0.008043 0.010869 -0.011812 0.017083 -0.014955 0.009691,0.402371 -0.015025 0.241460,-0.097941 -0.083507 -0.991682,-0.104131 -0.087155 -0.990737,0.000004 0.000009 -0.000001,0.010084,0.180037,0.180000
2.90000,0.007793 0.010536 -0.011450 0.016561 -0.014492 0.009393,0.402337 -0.015046 0.241466,-0.098132 -0.083620 -0.991654,-0.104131 -0.087155 -0.990737,0.000004 0.000009 -0.000001,0.009860,0.180036,0.180000
2.91000,0.007551 0.010212 -0.011099 0.016056 -0.014043 0.009105,0.402303 -0.015065 0.241471,-0.098316 -0.083729 -0.991627,-0.104131 -0.087155 -0.990737,0.000004 0.000009 -0.000001,0.009664,0.180035,0.180000
2.92000,0.007317 0.009899 -0.010759 0.015565 -0.013609 0.008825,0.402271 -0.015084 0.241477,-0.098495 -0.083834 -0.991600,-0.104131 -0.087155 -0.990737,0.000004 0.000009 -0.000001,0.009486,0.180034,0.180000
2.93000,0.007090 0.009595 -0.010430 0.015090 -0.013188 0.008554,0.402240 -0.015103 0.241482,-0.098668 -0.083937 -0.991574,-0.104131 -0.087155 -0.990737,0.000003 0.000009 -0.000001,0.009274,0.180033,0.180000
2.94000,0.006870 0.009301 -0.010111 0.014629 -0.012780 0.008291,0.402210 -0.015121 0.241488,-0.098836 -0.084036 -0.991549,-0.104131 -0.087155 -0.990737,0.000003 0.000008 -0.000001,0.009086,0.180033,0.180000
2.95000,0.006657 0.009015 -0.009801 0.014182 -0.012384 0.008036,0.402180 -0.015138 0.241493,-0.098999 -0.084132 -0.991525,-0.104131 -0.087155 -0.990737,0.000003 0.000008 -0.000001,0.008917,0.180032,0.180000
2.96000,0.006451 0.008738 -0.009501 0.013749 -0.012001 0.007789,0.402152 -0.015155 0.241498,-0.099157 -0.084225 -0.991501,-0.104131 -0.087155 -0.990737,0.000003 0.000008 -0.000001,0.008734,0.180031,0.180000
2.97000,0.006251 0.008470 -0.009210 0.013329 -0.011630 0.007549,0.402124 -0.015171 0.241503,-0.099310 -0.084316 -0.991478,-0.104131 -0.087155 -0.990737,0.000003 0.000008 -0.000001,0.008536,0.180030,0.180000
2.98000,0.006057 0.008210 -0.008928 0.012921 -0.011271 0.007317,0.402098 -0.015187 0.241507,-0.099458 -0.084403 -0.991456,-0.104131 -0.087155 -0.990737,0.000003 0.000008 -0.000001,0.008367,0.180030,0.180000
2.99000,0.005869 0.007958 -0.008655 0.012527 -0.010922 0.007092,0.402072 -0.015203 0.241512,-0.099602 -0.084488 -0.991434,-0.104131 -0.087155 -0.990737,0.000003 0.000008 -0.000001,0.008206,0.180029,0.180000
3.00000,0.007570 0.025142 -0.124264 0.101580 0.005614 0.007770,0.402047 -0.015218 0.241517,-0.099741 -0.084570 -0.991413,-0.099844 -0.082808 -0.991551,0.000003 0.000007 -0.000001,0.008014,0.180028,0.179600
3.01000,-0.000718 0.017544 -0.116671 0.091224 0.020898 -0.001563,0.402075 -0.015170 0.241897,-0.099811 -0.084499 -0.991412,-0.095551 -0.078459 -0.992328,0.000006 0.000010 -0.000001,0.011624,0.179645,0.179200
3.02000,-0.008779 0.010281 -0.109441 0.081434 0.035708 -0.010609,0.402141 -0.015103 0.242301,-0.099674 -0.084316 -0.991441,-0.091250 -0.074108 -0.993067,0.000006 0.000010 -0.000001,0.011147,0.179232,0.178800
3.03000,-0.016641 0.003164 -0.102350 0.071881 0.050061 -0.019424,0.402226 -0.015012 0.242694,-0.099427 -0.084000 -0.991493,-0.086944 -0.069756 -0.993768,0.000006 0.000010 -0.000001,0.011739,0.178826,0.178400
3.04000,-0.024310 -0.003763 -0.095449 0.062643 0.063975 -0.028002,0.402334 -0.014899 0.243085,-0.099051 -0.083561 -0.991568,-0.082631 -0.065403 -0.994432,0.000007 0.000010 -0.000002,0.012180,0.178418,0.178000
3.05000,-0.031795 -0.010516 -0.088718 0.053698 0.077468 -0.036353,0.402464 -0.014765 0.243472,-0.098556 -0.083002 -0.991664,-0.078313 -0.061048 -0.995058,0.000008 0.000010 -0.000002,0.012776,0.178011,0.177600
3.06000,-0.039103 -0.017097 -0.082155 0.045047 0.090556 -0.044480,0.402613 -0.014611 0.243855,-0.097943 -0.082327 -0.991781,-0.073990 -0.056692 -0.995646,0.000008 0.000010 -0.000002,0.013416,0.177603,0.177200
3.07000,-0.046242 -0.023510 -0.075754 0.036685 0.103257 -0.052390,0.402783 -0.014437 0.244234,-0.097216 -0.081538 -0.991918,-0.069661 -0.052336 -0.996197,0.000009 0.000011 -0.000002,0.014138,0.177196,0.176800
3.08000,-0.053221 -0.029758 -0.069511 0.028610 0.115584 -0.060087,0.402971 -0.014245 0.244611,-0.096379 -0.080641 -0.992073,-0.065328 -0.047978 -0.996710,0.000010 0.000011 -0.000002,0.014945,0.176789,0.176400
3.09000,-0.060045 -0.035846 -0.063420 0.020816 0.127554 -0.067579,0.403178 -0.014035 0.244984,-0.095435 -0.079637 -0.992245,-0.060991 -0.043619 -0.997185,0.000011 0.000012 -0.000002,0.015801,0.176382,0.176000
3.10000,-0.066722 -0.041777 -0.057477 0.013300 0.139179 -0.074870,0.403402 -0.013807 0.245355,-0.094387 -0.078531 -0.992433,-0.056649 -0.039259 -0.997622,0.000011 0.000012 -0.000002,0.016733,0.175974,0.175600
3.11000,-0.073258 -0.047554 -0.051678 0.006059 0.150473 -0.081966,0.403643 -0.013563 0.245723,-0.093238 -0.077325 -0.992637,-0.052304 -0.034899 -0.998021,0.000012 0.000012 -0.000002,0.017735,0.175567,0.175200
3.12000,-0.079660 -0.053183 -0.046018 -0.000913 0.161450 -0.088873,0.403900 -0.013303 0.246090,-0.091992 -0.076023 -0.992853,-0.047956 -0.030538 -0.998383,0.000013 0.000013 -0.000002,0.018776,0.175160,0.174800
3.13000,-0.085932 -0.058665 -0.040492 -0.007620 0.172122 -0.095595,0.404173 -0.013028 0.246454,-0.090650 -0.074628 -0.993083,-0.043605 -0.026177 -0.998706,0.000014 0.000013 -0.000002,0.019887,0.174753,0.174400
3.14000,-0.092082 -0.064004 -0.035098 -0.014066 0.182500 -0.102139,0.404461 -0.012738 0.246816,-0.089216 -0.073141 -0.993323,-0.039251 -0.021814 -0.998991,0.000016 0.000014 -0.000002,0.021050,0.174345,0.174000
3.15000,-0.098113 -0.069205 -0.029831 -0.020256 0.192596 -0.108510,0.404763 -0.012434 0.247177,-0.087694 -0.071567 -0.993573,-0.034894 -0.017452 -0.999239,0.000017 0.000015 -0.000003,0.022290,0.173938,0.173600
3.16000,-0.102155 -0.066489 -0.033775 -0.012070 0.199057 -0.111687,0.405080 -0.012116 0.247537,-0.086084 -0.069908 -0.993832,-0.034897 -0.013089 -0.999305,0.000018 0.000015 -0.000003,0.023515,0.173531,0.173200
3.17000,-0.106111 -0.063818 -0.037627 -0.004064 0.205312 -0.114813,0.405387 -0.011785 0.247901,-0.084515 -0.068168 -0.994088,-0.034898 -0.008726 -0.999353,0.000018 0.000016 -0.000003,0.024356,0.173120,0.172800
3.18000,-0.109979 -0.061215 -0.041361 0.003731 0.211367 -0.117888,0.405684 -0.011441 0.248265,-0.082996 -0.066347 -0.994339,-0.034899 -0.004363 -0.999381,0.000018 0.000018 -0.000003,0.025339,0.172710,0.172400
3.19000,-0.113761 -0.058671 -0.044987 0.011330 0.217228 -0.120914,0.405972 -0.011085 0.248630,-0.081523 -0.064447 -0.994586,-0.034900 0.000000 -0.999391,0.000018 0.000019 -0.000003,0.026302,0.172300,0.172000
3.20000,-0.117459 -0.056185 -0.048507 0.018737 0.222898 -0.123892,0.406251 -0.010718 0.248996,-0.080096 -0.062472 -0.994828,-0.034899 0.004364 -0.999381,0.000018 0.000020 -0.000003,0.027310,0.171890,0.171600
3.21000,-0.121076 -0.053754 -0.051924 0.025958 0.228382 -0.126825,0.406521 -0.010340 0.249364,-0.078712 -0.060423 -0.995065,-0.034898 0.008727 -0.999353,0.000018 0.000022 -0.000003,0.028359,0.171480,0.171200
3.22000,-0.124612 -0.051377 -0.055239 0.033000 0.233686 -0.129713,0.406783 -0.009951 0.249732,-0.077370 -0.058303 -0.995296,-0.034897 0.013090 -0.999305,0.000018 0.000023 -0.000003,0.029421,0.171070,0.170800
3.23000,-0.128069 -0.049052 -0.058457 0.039867 0.238815 -0.132559,0.407036 -0.009552 0.250102,-0.076070 -0.056114 -0.995522,-0.034894 0.017453 -0.999239,0.000018 0.000024 -0.000003,0.030467,0.170660,0.170400
3.24000,-0.131450 -0.046776 -0.061579 0.046566 0.243771 -0.135363,0.407282 -0.009144 0.250473,-0.074809 -0.053858 -0.995742,-0.034891 0.021815 -0.999153,0.000018 0.000026 -0.000003,0.031591,0.170249,0.170000
3.25000,-0.134756 -0.044547 -0.064608 0.053100 0.248560 -0.138127,0.407520 -0.008726 0.250845,-0.073587 -0.051537 -0.995956,-0.034888 0.026177 -0.999048,0.000018 0.000027 -0.000003,0.032731,0.169839,0.169600
3.26000,-0.137988 -0.042365 -0.067546 0.059477 0.253187 -0.140853,0.407751 -0.008299 0.251219,-0.072403 -0.049153 -0.996164,-0.034884 0.030539 -0.998925,0.000018 0.000028 -0.000003,0.033879,0.169428,0.169200
3.27000,-0.141149 -0.040227 -0.070397 0.065699 0.257654 -0.143540,0.407975 -0.007865 0.251594,-0.071254 -0.046708 -0.996364,-0.034879 0.034900 -0.998782,0.000018 0.000030 -0.000003,0.035072,0.169018,0.168800
3.28000,-0.144239 -0.038131 -0.073162 0.071773 0.261967 -0.146192,0.408192 -0.007422 0.251971,-0.070141 -0.044204 -0.996557,-0.034873 0.039260 -0.998620,0.000018 0.000031 -0.000003,0.036278,0.168607,0.168400
3.29000,-0.147261 -0.036076 -0.075844 0.077703 0.266129 -0.148808,0.408402 -0.006971 0.252349,-0.069061 -0.041643 -0.996743,-0.034867 0.043620 -0.998440,0.000018 0.000033 -0.000003,0.037510,0.168196,0.168000
3.30000,-0.150216 -0.034061 -0.078445 0.083493 0.270145 -0.151390,0.408606 -0.006514 0.252729,-0.068015 -0.039026 -0.996921,-0.034860 0.047979 -0.998240,0.000018 0.000034 -0.000003,0.038745,0.167785,0.167600
3.31000,-0.153104 -0.032084 -0.080967 0.089148 0.274017 -0.153938,0.408804 -0.006049 0.253110,-0.067000 -0.036356 -0.997090,-0.034852 0.052336 -0.998021,0.000018 0.000036 -0.000003,0.040007,0.167375,0.167200
3.32000,-0.155929 -0.030142 -0.083412 0.094671 0.277751 -0.156455,0.408995 -0.005578 0.253493,-0.066016 -0.033633 -0.997252,-0.034844 0.056693 -0.997783,0.000018 0.000037 -0.000002,0.041292,0.166964,0.166800
3.33000,-0.158691 -0.028236 -0.085784 0.100068 0.281348 -0.158940,0.409181 -0.005101 0.253877,-0.065062 -0.030860 -0.997404,-0.034835 0.061049 -0.997527,0.000018 0.000039 -0.000002,0.042624,0.166553,0.166400
3.34000,-0.161391 -0.026364 -0.088083 0.105342 0.284814 -0.161394,0.409362 -0.004618 0.254263,-0.064137 -0.028038 -0.997547,-0.034825 0.065404 -0.997251,0.000017 0.000040 -0.000002,0.043901,0.166142,0.166000
3.35000,-0.164030 -0.024525 -0.090312 0.110498 0.288151 -0.163819,0.409537 -0.004129 0.254652,-0.063240 -0.025168 -0.997681,-0.034815 0.069757 -0.996956,0.000017 0.000042 -0.000002,0.045238,0.165731,0.165600
3.36000,-0.166611 -0.022716 -0.092473 0.115538 0.291363 -0.166215,0.409706 -0.003635 0.255041,-0.062369 -0.022252 -0.997805,-0.034804 0.074109 -0.996643,0.000017 0.000043 -0.000002,0.046615,0.165320,0.165200
3.37000,-0.170929 -0.033372 -0.031982 0.070259 0.294357 -0.170376,0.409871 -0.003137 0.255433,-0.061526 -0.019292 -0.997919,-0.034792 0.078460 -0.996310,0.000017 0.000045 -0.000002,0.047960,0.164908,0.165000
3.38000,-0.174774 -0.044143 0.029290 0.024367 0.297260 -0.174090,0.410023 -0.002639 0.255632,-0.060678 -0.016298 -0.998024,-0.034780 0.082809 -0.995958,0.000016 0.000045 -0.000002,0.047668,0.164692,0.165000
3.39000,-0.176584 -0.042349 0.027288 0.029156 0.300150 -0.175801,0.410157 -0.002140 0.255621,-0.059861 -0.013260 -0.998119,-0.034767 0.087156 -0.995588,0.000015 0.000044 -0.000002,0.046890,0.164687,0.165000
3.40000,-0.178321 -0.040630 0.025349 0.033796 0.302924 -0.177471,0.410283 -0.001631 0.255601,-0.059095 -0.010173 -0.998200,-0.034753 0.091502 -0.995198,0.000015 0.000044 -0.000001,0.047010,0.164694,0.165000
3.41000,-0.180000 -0.038936 0.023477 0.038346 0.305589 -0.179110,0.410406 -0.001116 0.255586,-0.058346 -0.007049 -0.998272,-0.034739 0.095846 -0.994790,0.000015 0.000045 -0.000001,0.047032,0.164698,0.165000
3.42000,-0.181617 -0.037281 0.021671 0.042794 0.308148 -0.180715,0.410525 -0.000595 0.255572,-0.057622 -0.003886 -0.998331,-0.034724 0.100188 -0.994362,0.000015 0.000045 -0.000001,0.047109,0.164702,0.165000
3.43000,-0.183176 -0.035658 0.019929 0.047147 0.310603 -0.182289,0.410640 -0.000068 0.255560,-0.056918 -0.000687 -0.998379,-0.034709 0.104529 -0.993916,0.000015 0.000045 -0.000001,0.047158,0.164706,0.165000
3.44000,-0.184678 -0.034068 0.018247 0.051406 0.312958 -0.183832,0.410752 0.000465 0.255551,-0.056236 0.002548 -0.998414,-0.034692 0.108867 -0.993451,0.000014 0.000045 -0.000001,0.047244,0.164710,0.165000
3.45000,-0.186125 -0.032510 0.016626 0.055575 0.315215 -0.185346,0.410861 0.001003 0.255543,-0.055573 0.005818 -0.998438,-0.034675 0.113204 -0.992967,0.000014 0.000045 -0.000001,0.047355,0.164714,0.165000
3.46000,-0.187517 -0.030982 0.015062 0.059656 0.317377 -0.186831,0.410966 0.001548 0.255538,-0.054931 0.009121 -0.998448,-0.034658 0.117538 -0.992463,0.000014 0.000045 -0.000000,0.047474,0.164717,0.165000
3.47000,-0.188856 -0.029483 0.013554 0.063651 0.319447 -0.188289,0.411068 0.002097 0.255535,-0.054308 0.012456 -0.998447,-0.034640 0.121870 -0.991941,0.000014 0.000046 -0.000000,0.047581,0.164721,0.165000
3.48000,-0.190143 -0.028013 0.012100 0.067563 0.321426 -0.189719,0.411167 0.002652 0.255534,-0.053703 0.015823 -0.998432,-0.034621 0.126199 -0.991401,0.000014 0.000046 -0.000000,0.047731,0.164724,0.165000
3.49000,-0.191380 -0.026571 0.010698 0.071395 0.323318 -0.191124,0.411264 0.003212 0.255536,-0.053116 0.019220 -0.998403,-0.034601 0.130527 -0.990841,0.000014 0.000046 0.000000,0.047911,0.164727,0.165000
3.50000,-0.192569 -0.025155 0.009348 0.075149 0.325126 -0.192504,0.411357 0.003777 0.255540,-0.052547 0.022647 -0.998362,-0.034581 0.134851 -0.990262,0.000013 0.000046 0.000000,0.048041,0.164730,0.165000
3.51000,-0.193709 -0.023765 0.008046 0.078827 0.326851 -0.193860,0.411448 0.004346 0.255546,-0.051994 0.026101 -0.998306,-0.034560 0.139174 -0.989665,0.000013 0.000046 0.000001,0.048231,0.164733,0.165000
3.52000,-0.194803 -0.022400 0.006793 0.082431 0.328495 -0.195191,0.411536 0.004920 0.255555,-0.051457 0.029584 -0.998237,-0.034539 0.143493 -0.989048,0.000013 0.000047 0.000001,0.048456,0.164736,0.165000
3.53000,-0.195852 -0.021059 0.005585 0.085964 0.330062 -0.196500,0.411622 0.005499 0.255566,-0.050937 0.033092 -0.998153,-0.034516 0.147810 -0.988413,0.000013 0.000047 0.000001,0.048639,0.164739,0.165000
3.54000,-0.196856 -0.019741 0.004423 0.089427 0.331552 -0.197787,0.411705 0.006081 0.255580,-0.050431 0.036627 -0.998056,-0.034494 0.152124 -0.987759,0.000013 0.000047 0.000001,0.048865,0.164742,0.165000
3.55000,-0.197818 -0.018446 0.003303 0.092823 0.332969 -0.199053,0.411785 0.006668 0.255596,-0.049940 0.040186 -0.997943,-0.034470 0.156435 -0.987087,0.000013 0.000047 0.000001,0.049123,0.164744,0.165000
3.56000,-0.191717 -0.017564 0.003371 0.090874 0.322493 -0.193182,0.411863 0.007259 0.255614,-0.049464 0.043769 -0.997816,-0.034470 0.156435 -0.987087,0.000012 0.000048 0.000001,0.049355,0.164747,0.165000
3.57000,-0.185794 -0.016734 0.003428 0.088925 0.312344 -0.187471,0.411939 0.007831 0.255633,-0.049004 0.047244 -0.997681,-0.034470 0.156435 -0.987087,0.000013 0.000047 0.000002,0.048793,0.164750,0.165000
3.58000,-0.180052 -0.015943 0.003473 0.086986 0.302515 -0.181924,0.412013 0.008385 0.255654,-0.048557 0.050613 -0.997537,-0.034470 0.156435 -0.987087,0.000013 0.000047 0.000002,0.048449,0.164754,0.165000
3.59000,-0.174483 -0.015194 0.003508 0.085057 0.292997 -0.176535,0.412084 0.008923 0.255675,-0.048125 0.053877 -0.997387,-0.034470 0.156435 -0.987087,0.000013 0.000046 0.000002,0.048030,0.164757,0.165000
3.60000,-0.169084 -0.014482 0.003533 0.083142 0.283780 -0.171301,0.412153 0.009444 0.255697,-0.047705 0.057041 -0.997231,-0.034470 0.156435 -0.987087,0.000013 0.000046 0.000002,0.047595,0.164761,0.165000
3.61000,-0.163849 -0.013806 0.003550 0.081242 0.274855 -0.166216,0.412220 0.009949 0.255721,-0.047298 0.060108 -0.997071,-0.034470 0.156435 -0.987087,0.000013 0.000045 0.000002,0.047163,0.164764,0.165000
3.62000,-0.158774 -0.013164 0.003559 0.079360 0.266212 -0.161277,0.412285 0.010438 0.255745,-0.046904 0.063081 -0.996906,-0.034470 0.156435 -0.987087,0.000013 0.000045 0.000002,0.046734,0.164768,0.165000
3.63000,-0.153854 -0.012555 0.003561 0.077498 0.257843 -0.156480,0.412348 0.010913 0.255769,-0.046521 0.065961 -0.996737,-0.034470 0.156435 -0.987087,0.000014 0.000044 0.000002,0.046261,0.164771,0.165000
3.64000,-0.149085 -0.011976 0.003557 0.075658 0.249739 -0.151821,0.412409 0.011373 0.255794,-0.046150 0.068754 -0.996566,-0.034470 0.156435 -0.987087,0.000014 0.000044 0.000002,0.045810,0.164774,0.165000
3.65000,-0.144463 -0.011427 0.003547 0.073841 0.241892 -0.147297,0.412468 0.011818 0.255819,-0.045791 0.071460 -0.996392,-0.034470 0.156435 -0.987087,0.000014 0.000043 0.000002,0.045334,0.164778,0.165000
3.66000,-0.139983 -0.010904 0.003531 0.072048 0.234294 -0.142904,0.412525 0.012250 0.255845,-0.045442 0.074082 -0.996216,-0.034470 0.156435 -0.987087,0.000013 0.000043 0.000003,0.044850,0.164781,0.165000
3.67000,-0.135641 -0.010408 0.003511 0.070280 0.226936 -0.138638,0.412581 0.012669 0.255871,-0.045105 0.076624 -0.996039,-0.034470 0.156435 -0.987087,0.000013 0.000042 0.000003,0.044374,0.164785,0.165000
3.68000,-0.131433 -0.009937 0.003486 0.068539 0.219812 -0.134495,0.412635 0.013074 0.255897,-0.044777 0.079087 -0.995862,-0.034470 0.156435 -0.987087,0.000013 0.000042 0.000003,0.043879,0.164788,0.165000
3.69000,-0.127355 -0.009489 0.003457 0.066826 0.212913 -0.130473,0.412687 0.013468 0.255923,-0.044460 0.081474 -0.995683,-0.034470 0.156435 -0.987087,0.000013 0.000041 0.000003,0.043392,0.164791,0.165000
3.70000,-0.123403 -0.009063 0.003425 0.065141 0.206233 -0.126568,0.412737 0.013849 0.255949,-0.044152 0.083788 -0.995505,-0.034470 0.156435 -0.987087,0.000013 0.000041 0.000003,0.042882,0.164795,0.165000
3.71000,-0.119573 -0.008658 0.003390 0.063485 0.199765 -0.122777,0.412786 0.014218 0.255975,-0.043854 0.086030 -0.995327,-0.034470 0.156435 -0.987087,0.000013 0.000040 0.000003,0.042371,0.164798,0.165000
3.72000,-0.115862 -0.008273 0.003352 0.061858 0.193502 -0.119096,0.412833 0.014576 0.256001,-0.043565 0.088203 -0.995149,-0.034470 0.156435 -0.987087,0.000013 0.000040 0.000003,0.041872,0.164802,0.165000
3.73000,-0.112266 -0.007907 0.003311 0.060260 0.187437 -0.115523,0.412879 0.014923 0.256027,-0.043284 0.090309 -0.994973,-0.034470 0.156435 -0.987087,0.000013 0.000039 0.000003,0.041347,0.164805,0.165000
3.74000,-0.108781 -0.007558 0.003269 0.058693 0.181564 -0.112055,0.412924 0.015259 0.256052,-0.043013 0.092350 -0.994797,-0.034470 0.156435 -0.987087,0.000013 0.000039 0.000003,0.040837,0.164808,0.165000
3.75000,-0.105405 -0.007227 0.003224 0.057156 0.175877 -0.108688,0.412967 0.015584 0.256078,-0.042749 0.094328 -0.994623,-0.034470 0.156435 -0.987087,0.000013 0.000038 0.000003,0.040329,0.164811,0.165000
3.76000,-0.102133 -0.006912 0.003178 0.055650 0.170371 -0.105421,0.413009 0.015900 0.256103,-0.042494 0.096244 -0.994450,-0.034470 0.156435 -0.987087,0.000012 0.000038 0.000003,0.039788,0.164815,0.165000
3.77000,-0.098963 -0.006612 0.003131 0.054174 0.165038 -0.102249,0.413049 0.016206 0.256128,-0.042247 0.098102 -0.994279,-0.034470 0.156435 -0.987087,0.000012 0.000037 0.000003,0.039284,0.164818,0.165000
3.78000,-0.095892 -0.006326 0.003082 0.052729 0.159874 -0.099171,0.413088 0.016503 0.256153,-0.042007 0.099902 -0.994110,-0.034470 0.156435 -0.987087,0.000012 0.000037 0.000003,0.038758,0.164821,0.165000
3.79000,-0.092916 -0.006054 0.003033 0.051315 0.154874 -0.096183,0.413126 0.016790 0.256177,-0.041775 0.101646 -0.993943,-0.034470 0.156435 -0.987087,0.000012 0.000036 0.000003,0.038233,0.164824,0.165000
3.80000,-0.090033 -0.005795 0.002982 0.049931 0.150031 -0.093284,0.413163 0.017068 0.256202,-0.041549 0.103337 -0.993778,-0.034470 0.156435 -0.987087,0.000012 0.000036 0.000003,0.037726,0.164827,0.165000
3.81000,-0.087239 -0.005549 0.002931 0.048577 0.145341 -0.090470,0.413199 0.017338 0.256225,-0.041331 0.104976 -0.993616,-0.034470 0.156435 -0.987087,0.000012 0.000035 0.000003,0.037224,0.164830,0.165000
3.82000,-0.084532 -0.005314 0.002880 0.047254 0.140800 -0.087740,0.413233 0.017600 0.256249,-0.041119 0.106563 -0.993455,-0.034470 0.156435 -0.987087,0.000011 0.000035 0.000003,0.036690,0.164833,0.165000
3.83000,-0.081910 -0.005090 0.002828 0.045960 0.136402 -0.085091,0.413267 0.017853 0.256272,-0.040914 0.108102 -0.993298,-0.034470 0.156435 -0.987087,0.000011 0.000034 0.000003,0.036182,0.164836,0.165000
3.84000,-0.079369 -0.004877 0.002776 0.044696 0.132143 -0.082520,0.413299 0.018099 0.256295,-0.040716 0.109593 -0.993142,-0.034470 0.156435 -0.987087,0.000011 0.000034 0.000003,0.035677,0.164839,0.165000
3.85000,-0.076907 -0.004674 0.002724 0.043462 0.128018 -0.080025,0.413331 0.018337 0.256317,-0.040523 0.111038 -0.992990,-0.034470 0.156435 -0.987087,0.000011 0.000033 0.000003,0.035173,0.164842,0.165000
3.86000,-0.074522 -0.004480 0.002671 0.042256 0.124024 -0.077605,0.413361 0.018568 0.256339,-0.040336 0.112439 -0.992840,-0.034470 0.156435 -0.987087,0.000011 0.000033 0.000003,0.034642,0.164845,0.165000
3.87000,-0.072211 -0.004295 0.002619 0.041080 0.120154 -0.075256,0.413391 0.018791 0.256360,-0.040155 0.113796 -0.992692,-0.034470 0.156435 -0.987087,0.000010 0.000032 0.000003,0.034163,0.164848,0.165000
3.88000,-0.069972 -0.004119 0.002567 0.039931 0.116408 -0.072978,0.413419 0.019008 0.256381,-0.039980 0.115111 -0.992548,-0.034470 0.156435 -0.987087,0.000010 0.000032 0.000003,0.033653,0.164850,0.165000
3.89000,-0.067802 -0.003951 0.002515 0.038811 0.112779 -0.070767,0.413447 0.019218 0.256402,-0.039810 0.116386 -0.992406,-0.034470 0.156435 -0.987087,0.000010 0.000031 0.000003,0.033145,0.164853,0.165000
3.90000,-0.065701 -0.003790 0.002464 0.037718 0.109264 -0.068623,0.413474 0.019422 0.256422,-0.039645 0.117621 -0.992267,-0.034470 0.156435 -0.987087,0.000010 0.000031 0.000003,0.032664,0.164856,0.165000
3.91000,-0.063664 -0.003637 0.002413 0.036653 0.105860 -0.066542,0.413500 0.019619 0.256442,-0.039485 0.118818 -0.992131,-0.034470 0.156435 -0.987087,0.000010 0.000031 0.000003,0.032183,0.164858,0.165000
3.92000,-0.061691 -0.003491 0.002362 0.035614 0.102563 -0.064524,0.413525 0.019810 0.256462,-0.039331 0.119979 -0.991997,-0.034470 0.156435 -0.987087,0.000009 0.000030 0.000003,0.031668,0.164861,0.165000
3.93000,-0.059780 -0.003351 0.002312 0.034601 0.099369 -0.062566,0.413550 0.019995 0.256481,-0.039181 0.121103 -0.991866,-0.034470 0.156435 -0.987087,0.000009 0.000030 0.000003,0.031203,0.164864,0.165000
3.94000,-0.057928 -0.003218 0.002263 0.033614 0.096276 -0.060667,0.413573 0.020175 0.256499,-0.039035 0.122192 -0.991738,-0.034470 0.156435 -0.987087,0.000009 0.000029 0.000003,0.030726,0.164866,0.165000
3.95000,-0.056133 -0.003090 0.002214 0.032653 0.093280 -0.058824,0.413596 0.020349 0.256517,-0.038894 0.123248 -0.991613,-0.034470 0.156435 -0.987087,0.000009 0.000029 0.000003,0.030247,0.164869,0.165000
3.96000,-0.054395 -0.002969 0.002165 0.031716 0.090378 -0.057037,0.413619 0.020517 0.256535,-0.038758 0.124272 -0.991491,-0.034470 0.156435 -0.987087,0.000009 0.000028 0.000003,0.029789,0.164871,0.165000
3.97000,-0.052710 -0.002852 0.002117 0.030804 0.087567 -0.055304,0.413640 0.020681 0.256552,-0.038626 0.125264 -0.991371,-0.034470 0.156435 -0.987087,0.000008 0.000028 0.000003,0.029334,0.164874,0.165000
3.98000,-0.051078 -0.002741 0.002070 0.029916 0.084844 -0.053622,0.413661 0.020839 0.256569,-0.038497 0.126225 -0.991254,-0.034470 0.156435 -0.987087,0.000008 0.000027 0.000003,0.028864,0.164876,0.165000
3.99000,-0.049497 -0.002635 0.002024 0.029051 0.082207 -0.051992,0.413681 0.020992 0.256586,-0.038373 0.127156 -0.991140,-0.034470 0.156435 -0.987087,0.000008 0.000027 0.000003,0.028417,0.164878,0.165000
4.00000,-0.047965 -0.002533 0.001978 0.028209 0.079652 -0.050410,0.413701 0.021141 0.256602,-0.038253 0.128059 -0.991029,-0.034470 0.156435 -0.987087,0.000008 0.000027 0.000003,0.027970,0.164881,0.165000
4.01000,-0.046480 -0.002436 0.001933 0.027390 0.077177 -0.048876,0.413720 0.021285 0.256618,-0.038136 0.128934 -0.990920,-0.034470 0.156435 -0.987087,0.000008 0.000026 0.000003,0.027535,0.164883,0.165000
4.02000,-0.045042 -0.002343 0.001889 0.026592 0.074780 -0.047388,0.413738 0.021425 0.256633,-0.038023 0.129781 -0.990813,-0.034470 0.156435 -0.987087,0.000008 0.000026 0.000003,0.027083,0.164885,0.165000
4.03000,-0.043648 -0.002253 0.001845 0.025817 0.072458 -0.045945,0.413756 0.021560 0.256648,-0.037913 0.130603 -0.990710,-0.034470 0.156435 -0.987087,0.000007 0.000025 0.000003,0.026653,0.164887,0.165000
4.04000,-0.042298 -0.002168 0.001802 0.025062 0.070208 -0.044545,0.413773 0.021691 0.256662,-0.037807 0.131399 -0.990608,-0.034470 0.156435 -0.987087,0.000007 0.000025 0.000003,0.026233,0.164889,0.165000
4.05000,-0.040989 -0.002086 0.001760 0.024327 0.068029 -0.043188,0.413790 0.021819 0.256676,-0.037704 0.132171 -0.990510,-0.034470 0.156435 -0.987087,0.000007 0.000025 0.000003,0.025786,0.164891,0.165000
4.06000,-0.039722 -0.002008 0.001719 0.023613 0.065918 -0.041871,0.413806 0.021942 0.256690,-0.037604 0.132919 -0.990413,-0.034470 0.156435 -0.987087,0.000007 0.000024 0.000003,0.025381,0.164894,0.165000
4.07000,-0.038493 -0.001933 0.001679 0.022919 0.063873 -0.040595,0.413822 0.022061 0.256704,-0.037507 0.133644 -0.990319,-0.034470 0.156435 -0.987087,0.000007 0.000024 0.000003,0.024970,0.164896,0.165000
4.08000,-0.037303 -0.001862 0.001639 0.022244 0.061891 -0.039357,0.413837 0.022177 0.256717,-0.037414 0.134346 -0.990228,-0.034470 0.156435 -0.987087,0.000007 0.000023 0.000003,0.024543,0.164898,0.165000
4.09000,-0.036150 -0.001793 0.001600 0.021587 0.059972 -0.038156,0.413852 0.022289 0.256729,-0.037323 0.135027 -0.990139,-0.034470 0.156435 -0.987087,0.000006 0.000023 0.000003,0.024149,0.164900,0.165000
4.10000,-0.035032 -0.001727 0.001562 0.020949 0.058112 -0.036992,0.413866 0.022398 0.256742,-0.037235 0.135687 -0.990052,-0.034470 0.156435 -0.987087,0.000006 0.000023 0.000003,0.023756,0.164901,0.165000
4.11000,-0.033950 -0.001663 0.001524 0.020329 0.056311 -0.035863,0.413880 0.022503 0.256754,-0.037149 0.136326 -0.989967,-0.034470 0.156435 -0.987087,0.000006 0.000022 0.000003,0.023354,0.164903,0.165000
4.12000,-0.032900 -0.001603 0.001488 0.019726 0.054566 -0.034769,0.413893 0.022605 0.256766,-0.037067 0.136946 -0.989885,-0.034470 0.156435 -0.987087,0.000006 0.000022 0.000003,0.022973,0.164905,0.165000
4.13000,-0.031884 -0.001545 0.001452 0.019140 0.052875 -0.033707,0.413906 0.022704 0.256777,-0.036986 0.137546 -0.989805,-0.034470 0.156435 -0.987087,0.000006 0.000022 0.000003,0.022591,0.164907,0.165000
4.14000,-0.030899 -0.001489 0.001417 0.018570 0.051237 -0.032678,0.413919 0.022800 0.256788,-0.036909 0.138128 -0.989726,-0.034470 0.156435 -0.987087,0.000006 0.000021 0.000003,0.022221,0.164909,0.165000
4.15000,-0.029944 -0.001435 0.001382 0.018017 0.049650 -0.031680,0.413931 0.022893 0.256799,-0.036834 0.138692 -0.989650,-0.034470 0.156435 -0.987087,0.000005 0.000021 0.000003,0.021823,0.164911,0.165000
4.16000,-0.029019 -0.001384 0.001349 0.017480 0.048112 -0.030712,0.413943 0.022983 0.256809,-0.036761 0.139239 -0.989576,-0.034470 0.156435 -0.987087,0.000005 0.000021 0.000003,0.021475,0.164912,0.165000
4.17000,-0.028123 -0.001334 0.001316 0.016957 0.046622 -0.029773,0.413955 0.023070 0.256819,-0.036690 0.139769 -0.989504,-0.034470 0.156435 -0.987087,0.000005 0.000020 0.000003,0.021110,0.164914,0.165000
4.18000,-0.027255 -0.001287 0.001284 0.016450 0.045179 -0.028863,0.413966 0.023155 0.256829,-0.036621 0.140282 -0.989434,-0.034470 0.156435 -0.987087,0.000005 0.000020 0.000003,0.020728,0.164916,0.165000
4.19000,-0.026413 -0.001242 0.001252 0.015957 0.043780 -0.027981,0.413976 0.023237 0.256839,-0.036555 0.140780 -0.989366,-0.034470 0.156435 -0.987087,0.000005 0.000020 0.000003,0.020393,0.164917,0.165000
4.20000,-0.025598 -0.001198 0.001221 0.015479 0.042425 -0.027125,0.413987 0.023316 0.256848,-0.036491 0.141262 -0.989299,-0.034470 0.156435 -0.987087,0.000005 0.000019 0.000003,0.020036,0.164919,0.165000
4.21000,-0.024807 -0.001156 0.001191 0.015014 0.041112 -0.026296,0.413997 0.023393 0.256857,-0.036428 0.141730 -0.989235,-0.034470 0.156435 -0.987087,0.000005 0.000019 0.000003,0.019690,0.164921,0.165000
4.22000,-0.024042 -0.001115 0.001162 0.014563 0.039840 -0.025492,0.414007 0.023468 0.256866,-0.036368 0.142183 -0.989172,-0.034470 0.156435 -0.987087,0.000005 0.000019 0.000003,0.019364,0.164922,0.165000
4.23000,-0.023300 -0.001077 0.001133 0.014124 0.038608 -0.024712,0.414016 0.023540 0.256875,-0.036309 0.142622 -0.989111,-0.034470 0.156435 -0.987087,0.000004 0.000018 0.000002,0.019020,0.164924,0.165000
4.24000,-0.022580 -0.001039 0.001105 0.013699 0.037414 -0.023956,0.414025 0.023610 0.256883,-0.036252 0.143047 -0.989052,-0.034470 0.156435 -0.987087,0.000004 0.000018 0.000002,0.018706,0.164925,0.165000
4.25000,-0.021884 -0.001003 0.001078 0.013286 0.036256 -0.023223,0.414034 0.023678 0.256891,-0.036197 0.143460 -0.988994,-0.034470 0.156435 -0.987087,0.000004 0.000018 0.000002,0.018388,0.164927,0.165000
4.26000,-0.021209 -0.000969 0.001051 0.012885 0.035136 -0.022512,0.414043 0.023744 0.256899,-0.036144 0.143859 -0.988938,-0.034470 0.156435 -0.987087,0.000004 0.000017 0.000002,0.018029,0.164928,0.165000
4.27000,-0.020554 -0.000936 0.001025 0.012495 0.034049 -0.021823,0.414051 0.023808 0.256906,-0.036092 0.144247 -0.988883,-0.034470 0.156435 -0.987087,0.000004 0.000017 0.000002,0.017730,0.164930,0.165000
4.28000,-0.019920 -0.000904 0.000999 0.012117 0.032996 -0.021155,0.414059 0.023869 0.256914,-0.036042 0.144622 -0.988830,-0.034470 0.156435 -0.987087,0.000004 0.000017 0.000002,0.017426,0.164931,0.165000
4.29000,-0.019306 -0.000873 0.000974 0.011750 0.031977 -0.020507,0.414067 0.023929 0.256921,-0.035994 0.144986 -0.988779,-0.034470 0.156435 -0.987087,0.000004 0.000017 0.000002,0.017112,0.164932,0.165000
4.30000,-0.018710 -0.000843 0.000950 0.011394 0.030988 -0.019879,0.414075 0.023987 0.256928,-0.035947 0.145339 -0.988729,-0.034470 0.156435 -0.987087,0.000004 0.000016 0.000002,0.016813,0.164934,0.165000
4.31000,-0.018133 -0.000815 0.000926 0.011049 0.030030 -0.019271,0.414082 0.024044 0.256934,-0.035901 0.145680 -0.988680,-0.034470 0.156435 -0.987087,0.000004 0.000016 0.000002,0.016547,0.164935,0.165000
4.32000,-0.017574 -0.000787 0.000903 0.010713 0.029103 -0.018680,0.414089 0.024098 0.256941,-0.035857 0.146012 -0.988633,-0.034470 0.156435 -0.987087,0.000004 0.000016 0.000002,0.016227,0.164936,0.165000
4.33000,-0.017032 -0.000761 0.000881 0.010388 0.028204 -0.018108,0.414096 0.024151 0.256947,-0.035814 0.146333 -0.988587,-0.034470 0.156435 -0.987087,0.000003 0.000015 0.000002,0.015943,0.164937,0.165000
4.34000,-0.016507 -0.000735 0.000859 0.010072 0.027332 -0.017554,0.414103 0.024202 0.256953,-0.035773 0.146644 -0.988542,-0.034470 0.156435 -0.987087,0.000003 0.000015 0.000002,0.015685,0.164939,0.165000
4.35000,-0.015998 -0.000711 0.000837 0.009765 0.026488 -0.017016,0.414110 0.024252 0.256959,-0.035733 0.146945 -0.988499,-0.034470 0.156435 -0.987087,0.000003 0.000015 0.000002,0.015389,0.164940,0.165000
4.36000,-0.015505 -0.000687 0.000816 0.009468 0.025670 -0.016494,0.414116 0.024300 0.256965,-0.035694 0.147237 -0.988457,-0.034470 0.156435 -0.987087,0.000003 0.000015 0.000002,0.015116,0.164941,0.165000
4.37000,-0.015027 -0.000664 0.000796 0.009179 0.024877 -0.015989,0.414122 0.024347 0.256970,-0.035656 0.147521 -0.988416,-0.034470 0.156435 -0.987087,0.000003 0.000014 0.000002,0.014868,0.164942,0.165000
4.38000,-0.014564 -0.000643 0.000776 0.008899 0.024109 -0.015499,0.414128 0.024392 0.256976,-0.035619 0.147795 -0.988376,-0.034470 0.156435 -0.987087,0.000003 0.000014 0.000002,0.014607,0.164943,0.165000
4.39000,-0.014115 -0.000621 0.000756 0.008628 0.023365 -0.015024,0.414134 0.024436 0.256981,-0.035584 0.148061 -0.988338,-0.034470 0.156435 -0.987087,0.000003 0.000014 0.000002,0.014307,0.164945,0.165000
4.40000,-0.013680 -0.000601 0.000737 0.008364 0.022643 -0.014563,0.414139 0.024478 0.256986,-0.035549 0.148319 -0.988300,-0.034470 0.156435 -0.987087,0.000003 0.000014 0.000002,0.014065,0.164946,0.165000
4.41000,-0.013258 -0.000581 0.000719 0.008108 0.021944 -0.014117,0.414145 0.024519 0.256991,-0.035516 0.148569 -0.988264,-0.034470 0.156435 -0.987087,0.000003 0.000013 0.000002,0.013819,0.164947,0.165000
4.42000,-0.012850 -0.000562 0.000701 0.007860 0.021267 -0.013684,0.414150 0.024559 0.256996,-0.035484 0.148811 -0.988229,-0.034470 0.156435 -0.987087,0.000003 0.000013 0.000002,0.013561,0.164948,0.165000
4.43000,-0.012454 -0.000544 0.000683 0.007620 0.020610 -0.013265,0.414155 0.024598 0.257000,-0.035452 0.149046 -0.988195,-0.034470 0.156435 -0.987087,0.000003 0.000013 0.000002,0.013319,0.164949,0.165000
4.44000,-0.012070 -0.000526 0.000666 0.007387 0.019974 -0.012858,0.414160 0.024635 0.257005,-0.035422 0.149274 -0.988161,-0.034470 0.156435 -0.987087,0.000003 0.000013 0.000002,0.013107,0.164950,0.165000
4.45000,-0.011698 -0.000509 0.000649 0.007160 0.019358 -0.012464,0.414164 0.024672 0.257009,-0.035393 0.149494 -0.988129,-0.034470 0.156435 -0.987087,0.000003 0.000012 0.000002,0.012842,0.164951,0.165000
4.46000,-0.011338 -0.000493 0.000633 0.006941 0.018760 -0.012081,0.414169 0.024707 0.257013,-0.035364 0.149708 -0.988098,-0.034470 0.156435 -0.987087,0.000002 0.000012 0.000002,0.012612,0.164952,0.165000
4.47000,-0.010989 -0.000477 0.000617 0.006728 0.018181 -0.011711,0.414174 0.024741 0.257017,-0.035337 0.149915 -0.988067,-0.034470 0.156435 -0.987087,0.000002 0.000012 0.000002,0.012408,0.164953,0.165000
4.48000,-0.010650 -0.000462 0.000601 0.006521 0.017620 -0.011352,0.414178 0.024774 0.257021,-0.035310 0.150116 -0.988038,-0.034470 0.156435 -0.987087,0.000002 0.000012 0.000002,0.012164,0.164954,0.165000
4.49000,-0.010322 -0.000447 0.000586 0.006321 0.017077 -0.011004,0.414182 0.024806 0.257025,-0.035284 0.150310 -0.988009,-0.034470 0.156435 -0.987087,0.000002 0.000012 0.000002,0.011944,0.164955,0.165000
4.50000,0.002208 -0.024082 0.122747 -0.093910 0.017669 0.001587,0.414186 0.024837 0.257029,-0.035259 0.150499 -0.987981,-0.034470 0.156435 -0.987087,0.000002 0.000011 0.000002,0.011747,0.164956,0.165400
4.51000,0.002553 -0.023874 0.122516 -0.093911 0.017163 0.001930,0.414185 0.024921 0.256648,-0.035182 0.150659 -0.987960,-0.034470 0.156435 -0.987087,0.000002 0.000010 0.000002,0.010782,0.165344,0.165800
4.52000,0.002886 -0.023791 0.122428 -0.094136 0.016672 0.002287,0.414172 0.025013 0.256243,-0.035170 0.150841 -0.987932,-0.034470 0.156435 -0.987087,0.000002 0.000010 0.000001,0.010401,0.165759,0.166200
4.53000,0.003207 -0.023677 0.122304 -0.094300 0.016197 0.002625,0.414162 0.025103 0.255844,-0.035143 0.151011 -0.987907,-0.034470 0.156435 -0.987087,0.000002 0.000010 0.000001,0.010249,0.166167,0.166600
4.54000,0.003519 -0.023571 0.122191 -0.094472 0.015737 0.002955,0.414151 0.025192 0.255443,-0.035121 0.151178 -0.987882,-0.034470 0.156435 -0.987087,0.000002 0.000010 0.000001,0.009925,0.166577,0.167000
4.55000,0.003820 -0.023463 0.122075 -0.094635 0.015290 0.003273,0.414141 0.025281 0.255042,-0.035098 0.151339 -0.987859,-0.034470 0.156435 -0.987087,0.000001 0.000009 0.000001,0.009690,0.166987,0.167400
4.56000,0.004112 -0.023357 0.121961 -0.094794 0.014857 0.003582,0.414130 0.025369 0.254642,-0.035077 0.151494 -0.987836,-0.034470 0.156435 -0.987087,0.000001 0.000009 0.000001,0.009461,0.167396,0.167800
4.57000,0.004394 -0.023251 0.121847 -0.094948 0.014438 0.003880,0.414119 0.025456 0.254241,-0.035056 0.151646 -0.987813,-0.034470 0.156435 -0.987087,0.000001 0.000009 0.000001,0.009231,0.167806,0.168200
4.58000,0.004668 -0.023145 0.121734 -0.095098 0.014032 0.004170,0.414107 0.025543 0.253840,-0.035035 0.151792 -0.987791,-0.034470 0.156435 -0.987087,0.000001 0.000009 0.000001,0.008992,0.168215,0.168600
4.59000,0.004932 -0.023040 0.121622 -0.095242 0.013637 0.004450,0.414096 0.025629 0.253439,-0.035015 0.151934 -0.987770,-0.034470 0.156435 -0.987087,0.000001 0.000009 0.000001,0.008788,0.168625,0.169000
4.60000,0.005188 -0.022935 0.121510 -0.095383 0.013256 0.004721,0.414085 0.025714 0.253038,-0.034996 0.152072 -0.987750,-0.034470 0.156435 -0.987087,0.000000 0.000008 0.000001,0.008599,0.169034,0.169400
4.61000,0.005436 -0.022830 0.121399 -0.095519 0.012886 0.004983,0.414073 0.025798 0.252636,-0.034978 0.152205 -0.987730,-0.034470 0.156435 -0.987087,0.000000 0.000008 0.000001,0.008388,0.169444,0.169800
4.62000,0.005676 -0.022726 0.121288 -0.095650 0.012527 0.005237,0.414062 0.025883 0.252235,-0.034960 0.152334 -0.987711,-0.034470 0.156435 -0.987087,-0.000000 0.000008 0.000001,0.008224,0.169854,0.170200
4.63000,0.005909 -0.022622 0.121177 -0.095778 0.012179 0.005483,0.414050 0.025966 0.251834,-0.034942 0.152459 -0.987692,-0.034470 0.156435 -0.987087,-0.000000 0.000008 0.000001,0.008064,0.170263,0.170600
4.64000,0.006133 -0.022519 0.121068 -0.095902 0.011842 0.005721,0.414039 0.026049 0.251432,-0.034925 0.152581 -0.987674,-0.034470 0.156435 -0.987087,-0.000000 0.000008 0.000001,0.007891,0.170673,0.171000
4.65000,0.006351 -0.022416 0.120958 -0.096022 0.011515 0.005951,0.414027 0.026132 0.251031,-0.034909 0.152698 -0.987656,-0.034470 0.156435 -0.987087,-0.000001 0.000008 0.000001,0.007748,0.171082,0.171400
4.66000,0.006562 -0.022313 0.120850 -0.096138 0.011198 0.006175,0.414015 0.026214 0.250629,-0.034893 0.152812 -0.987639,-0.034470 0.156435 -0.987087,-0.000001 0.000007 0.000001,0.007627,0.171492,0.171800
4.67000,0.006766 -0.022210 0.120741 -0.096251 0.010892 0.006391,0.414004 0.026295 0.250228,-0.034878 0.152923 -0.987622,-0.034470 0.156435 -0.987087,-0.000001 0.000007 0.000001,0.007483,0.171901,0.172200
4.68000,0.006963 -0.022108 0.120633 -0.096360 0.010594 0.006600,0.413992 0.026376 0.249826,-0.034863 0.153030 -0.987606,-0.034470 0.156435 -0.987087,-0.000001 0.000007 0.000001,0.007365,0.172311,0.172600
4.69000,0.007154 -0.022006 0.120526 -0.096466 0.010306 0.006802,0.413980 0.026456 0.249424,-0.034848 0.153134 -0.987591,-0.034470 0.156435 -0.987087,-0.000001 0.000007 0.000001,0.007268,0.172720,0.173000
4.70000,0.007339 -0.021904 0.120419 -0.096569 0.010026 0.006999,0.413968 0.026536 0.249022,-0.034834 0.153235 -0.987576,-0.034470 0.156435 -0.987087,-0.000001 0.000007 0.000001,0.007166,0.173130,0.173400
4.71000,0.007518 -0.021803 0.120313 -0.096669 0.009755 0.007188,0.413956 0.026616 0.248620,-0.034821 0.153332 -0.987561,-0.034470 0.156435 -0.987087,-0.000002 0.000007 0.000001,0.007057,0.173540,0.173800
4.72000,0.007691 -0.021702 0.120207 -0.096765 0.009493 0.007372,0.413944 0.026695 0.248218,-0.034807 0.153427 -0.987547,-0.034470 0.156435 -0.987087,-0.000002 0.000007 0.000001,0.006976,0.173949,0.174200
4.73000,0.007859 -0.021601 0.120101 -0.096859 0.009238 0.007550,0.413931 0.026774 0.247816,-0.034795 0.153518 -0.987533,-0.034470 0.156435 -0.987087,-0.000002 0.000007 0.000001,0.006908,0.174359,0.174600
4.74000,0.008022 -0.021500 0.119996 -0.096950 0.008992 0.007723,0.413919 0.026852 0.247414,-0.034782 0.153607 -0.987520,-0.034470 0.156435 -0.987087,-0.000002 0.000006 0.000001,0.006822,0.174768,0.175000
4.75000,0.008179 -0.021400 0.119891 -0.097038 0.008752 0.007889,0.413907 0.026930 0.247012,-0.034770 0.153693 -0.987507,-0.034470 0.156435 -0.987087,-0.000002 0.000006 0.000001,0.006771,0.175178,0.175400
4.76000,0.008331 -0.021300 0.119787 -0.097123 0.008521 0.008051,0.413894 0.027007 0.246610,-0.034758 0.153776 -0.987494,-0.034470 0.156435 -0.987087,-0.000002 0.000006 0.000001,0.006715,0.175587,0.175800
4.77000,0.008478 -0.021199 0.119683 -0.097206 0.008296 0.008207,0.413882 0.027084 0.246207,-0.034747 0.153857 -0.987482,-0.034470 0.156435 -0.987087,-0.000003 0.000006 0.000001,0.006670,0.175997,0.176200
4.78000,0.008621 -0.021100 0.119579 -0.097286 0.008078 0.008359,0.413870 0.027161 0.245805,-0.034736 0.153935 -0.987470,-0.034470 0.156435 -0.987087,-0.000003 0.000006 0.000001,0.006633,0.176406,0.176600
4.79000,0.008759 -0.021000 0.119476 -0.097364 0.007867 0.008506,0.413857 0.027238 0.245403,-0.034726 0.154011 -0.987459,-0.034470 0.156435 -0.987087,-0.000003 0.000006 0.000001,0.006599,0.176816,0.177000
4.80000,0.008893 -0.020901 0.119373 -0.097439 0.007662 0.008648,0.413845 0.027314 0.245000,-0.034715 0.154085 -0.987448,-0.034470 0.156435 -0.987087,-0.000003 0.000006 0.000001,0.006577,0.177225,0.177400
4.81000,0.009022 -0.020801 0.119270 -0.097512 0.007464 0.008785,0.413832 0.027389 0.244598,-0.034705 0.154156 -0.987437,-0.034470 0.156435 -0.987087,-0.000003 0.000006 0.000001,0.006570,0.177635,0.177800
4.82000,0.009148 -0.020702 0.119168 -0.097584 0.007272 0.008918,0.413819 0.027465 0.244195,-0.034696 0.154225 -0.987426,-0.034470 0.156435 -0.987087,-0.000003 0.000006 0.000001,0.006531,0.178045,0.178200
4.83000,0.009269 -0.020603 0.119066 -0.097652 0.007086 0.009047,0.413807 0.027540 0.243793,-0.034686 0.154292 -0.987416,-0.034470 0.156435 -0.987087,-0.000003 0.000006 0.000001,0.006523,0.178454,0.178600
4.84000,0.009386 -0.020505 0.118965 -0.097719 0.006905 0.009172,0.413794 0.027614 0.243390,-0.034677 0.154357 -0.987406,-0.034470 0.156435 -0.987087,-0.000003 0.000005 0.000001,0.006533,0.178864,0.179000
4.85000,0.009500 -0.020406 0.118864 -0.097784 0.006730 0.009293,0.413781 0.027689 0.242987,-0.034668 0.154420 -0.987397,-0.034470 0.156435 -0.987087,-0.000004 0.000005 0.000001,0.006519,0.179273,0.179400
4.86000,0.009610 -0.020308 0.118763 -0.097847 0.006560 0.009410,0.413769 0.027763 0.242584,-0.034660 0.154481 -0.987388,-0.034470 0.156435 -0.987087,-0.000004 0.000005 0.000001,0.006524,0.179683,0.179800
4.87000,0.009717 -0.020209 0.118662 -0.097908 0.006395 0.009523,0.413756 0.027837 0.242182,-0.034652 0.154540 -0.987379,-0.034470 0.156435 -0.987087,-0.000004 0.000005 0.000001,0.006539,0.180092,0.180200
4.88000,0.009820 -0.020111 0.118562 -0.097968 0.006236 0.009633,0.413743 0.027910 0.241779,-0.034643 0.154598 -0.987370,-0.034470 0.156435 -0.987087,-0.000004 0.000005 0.000001,0.006555,0.180502,0.180600
4.89000,0.009920 -0.020013 0.118462 -0.098025 0.006081 0.009739,0.413730 0.027984 0.241376,-0.034636 0.154653 -0.987362,-0.034470 0.156435 -0.987087,-0.000004 0.000005 0.000001,0.006568,0.180911,0.181000
4.90000,0.010017 -0.019915 0.118363 -0.098081 0.005932 0.009842,0.413717 0.028057 0.240973,-0.034628 0.154707 -0.987353,-0.034470 0.156435 -0.987087,-0.000004 0.000005 0.000001,0.006588,0.181321,0.181400
4.91000,0.010111 -0.019818 0.118263 -0.098135 0.005786 0.009942,0.413704 0.028129 0.240570,-0.034621 0.154759 -0.987345,-0.034470 0.156435 -0.987087,-0.000004 0.000005 0.000001,0.006615,0.181730,0.181800
4.92000,0.010201 -0.019720 0.118164 -0.098188 0.005646 0.010038,0.413691 0.028202 0.240167,-0.034614 0.154810 -0.987338,-0.034470 0.156435 -0.987087,-0.000004 0.000005 0.000001,0.006642,0.182140,0.182200
4.93000,0.010289 -0.019623 0.118066 -0.098239 0.005509 0.010132,0.413678 0.028274 0.239764,-0.034607 0.154859 -0.987330,-0.034470 0.156435 -0.987087,-0.000005 0.000005 0.000001,0.006670,0.182549,0.182600
4.94000,0.010374 -0.019525 0.117967 -0.098289 0.005377 0.010222,0.413665 0.028346 0.239361,-0.034600 0.154906 -0.987323,-0.034470 0.156435 -0.987087,-0.000005 0.000005 0.000001,0.006702,0.182959,0.183000
4.95000,0.010457 -0.019428 0.117869 -0.098337 0.005248 0.010310,0.413652 0.028418 0.238958,-0.034594 0.154952 -0.987316,-0.034470 0.156435 -0.987087,-0.000005 0.000005 0.000001,0.006744,0.183368,0.183400
4.96000,0.010537 -0.019331 0.117771 -0.098384 0.005124 0.010395,0.413639 0.028490 0.238555,-0.034587 0.154997 -0.987309,-0.034470 0.156435 -0.987087,-0.000005 0.000005 0.000001,0.006778,0.183778,0.183800
4.97000,0.010614 -0.019234 0.117674 -0.098430 0.005004 0.010477,0.413626 0.028561 0.238152,-0.034581 0.155040 -0.987303,-0.034470 0.156435 -0.987087,-0.000005 0.000005 0.000001,0.006809,0.184187,0.184200
4.98000,0.010689 -0.019137 0.117576 -0.098475 0.004887 0.010556,0.413612 0.028632 0.237749,-0.034575 0.155082 -0.987296,-0.034470 0.156435 -0.987087,-0.000005 0.000005 0.000001,0.006850,0.184597,0.184600
4.99000,0.010757 -0.019034 0.117443 -0.098487 0.004773 0.010629,0.413599 0.028703 0.237346,-0.034570 0.155123 -0.987290,-0.034470 0.156435 -0.987087,-0.000005 0.000005 0.000001,0.006891,0.185006,0.185000
5.00000,0.010821 -0.018929 0.117291 -0.098482 0.004663 0.010698,0.413586 0.028774 0.236943,-0.034564 0.155162 -0.987284,-0.034470 0.156435 -0.987087,-0.000005 0.000004 0.000001,0.006942,0.185416,0.185400
5.01000,0.010883 -0.018824 0.117141 -0.098477 0.004556 0.010765,0.413573 0.028845 0.236540,-0.034559 0.155200 -0.987278,-0.034470 0.156435 -0.987087,-0.000005 0.000004 0.000001,0.006980,0.185825,0.185800
5.02000,0.010943 -0.018719 0.116992 -0.098471 0.004453 0.010829,0.413560 0.028915 0.236137,-0.034554 0.155237 -0.987273,-0.034470 0.156435 -0.987087,-0.000005 0.000004 0.000001,0.007024,0.186234,0.186200
5.03000,0.011002 -0.018614 0.116844 -0.098466 0.004352 0.010891,0.413546 0.028985 0.235734,-0.034548 0.155273 -0.987267,-0.034470 0.156435 -0.987087,-0.000005 0.000004 0.000001,0.007075,0.186643,0.186600
5.04000,0.011058 -0.018510 0.116698 -0.098460 0.004255 0.010951,0.413533 0.029055 0.235332,-0.034544 0.155308 -0.987262,-0.034470 0.156435 -0.987087,-0.000006 0.000004 0.000001,0.007123,0.187052,0.187000
5.05000,0.011112 -0.018407 0.116554 -0.098455 0.004160 0.011009,0.413520 0.029125 0.234930,-0.034539 0.155341 -0.987257,-0.034470 0.156435 -0.987087,-0.000006 0.000004 0.000001,0.007165,0.187460,0.187400
5.06000,0.011165 -0.018304 0.116411 -0.098449 0.004069 0.011066,0.413506 0.029194 0.234528,-0.034534 0.155374 -0.987252,-0.034470 0.156435 -0.987087,-0.000006 0.000004 0.000001,0.007215,0.187868,0.187800
5.07000,0.011216 -0.018201 0.116269 -0.098443 0.003980 0.011120,0.413493 0.029263 0.234126,-0.034530 0.155406 -0.987247,-0.034470 0.156435 -0.987087,-0.000006 0.000004 0.000001,0.007268,0.188276,0.188200
5.08000,0.011265 -0.018098 0.116128 -0.098437 0.003894 0.011173,0.413480 0.029333 0.233724,-0.034526 0.155436 -0.987242,-0.034470 0.156435 -0.987087,-0.000006 0.000004 0.000001,0.007311,0.188684,0.188600
5.09000,0.011312 -0.017996 0.115989 -0.098431 0.003811 0.011224,0.413466 0.029402 0.233322,-0.034521 0.155466 -0.987238,-0.034470 0.156435 -0.987087,-0.000006 0.000004 0.000001,0.007362,0.189092,0.189000
5.10000,0.011359 -0.017894 0.115851 -0.098425 0.003730 0.011273,0.413453 0.029470 0.232920,-0.034517 0.155495 -0.987233,-0.034470 0.156435 -0.987087,-0.000006 0.000004 0.000001,0.007413,0.189500,0.189400
5.11000,0.011403 -0.017792 0.115714 -0.098419 0.003651 0.011321,0.413440 0.029539 0.232519,-0.034513 0.155523 -0.987229,-0.034470 0.156435 -0.987087,-0.000006 0.000004 0.000001,0.007464,0.189907,0.189800
5.12000,0.004912 -0.008562 0.056221 -0.047339 0.002972 0.004807,0.413426 0.029607 0.232118,-0.034510 0.155550 -0.987225,-0.034470 0.156435 -0.987087,-0.000006 0.000004 0.000001,0.007514,0.190315,0.190000
5.13000,-0.001588 0.000526 -0.003134 0.003653 0.002294 -0.001703,0.413414 0.029647 0.231912,-0.034535 0.155588 -0.987218,-0.034470 0.156435 -0.987087,-0.000006 0.000004 0.000001,0.007285,0.190524,0.190000
5.14000,-0.001548 0.000486 -0.003078 0.003536 0.002223 -0.001652,0.413411 0.029653 0.231915,-0.034554 0.155623 -0.987212,-0.034470 0.156435 -0.987087,-0.000006 0.000004 0.000001,0.007195,0.190522,0.190000
5.15000,-0.001504 0.000484 -0.003014 0.003463 0.002154 -0.001606,0.413413 0.029656 0.231928,-0.034546 0.155645 -0.987209,-0.034470 0.156435 -0.987087,-0.000006 0.000004 0.000001,0.007169,0.190510,0.190000
5.16000,-0.001461 0.000472 -0.002952 0.003380 0.002088 -0.001560,0.413413 0.029659 0.231939,-0.034545 0.155670 -0.987205,-0.034470 0.156435 -0.987087,-0.000006 0.000004 0.000001,0.006964,0.190500,0.190000
5.17000,-0.001419 0.000463 -0.002891 0.003302 0.002023 -0.001515,0.413414 0.029662 0.231949,-0.034542 0.155694 -0.987201,-0.034470 0.156435 -0.987087,-0.000006 0.000004 0.000001,0.006848,0.190489,0.190000
5.18000,-0.001379 0.000454 -0.002831 0.003225 0.001960 -0.001472,0.413415 0.029664 0.231960,-0.034540 0.155717 -0.987198,-0.034470 0.156435 -0.987087,-0.000006 0.000004 0.000001,0.006706,0.190479,0.190000
5.19000,-0.001340 0.000445 -0.002773 0.003151 0.001900 -0.001430,0.413416 0.029667 0.231970,-0.034538 0.155739 -0.987194,-0.034470 0.156435 -0.987087,-0.000005 0.000004 0.000001,0.006572,0.190470,0.190000
5.20000,-0.001302 0.000435 -0.002716 0.003078 0.001841 -0.001389,0.413417 0.029670 0.231980,-0.034536 0.155760 -0.987191,-0.034470 0.156435 -0.987087,-0.000005 0.000004 0.000001,0.006439,0.190460,0.190000
5.21000,-0.001265 0.000427 -0.002660 0.003006 0.001784 -0.001350,0.413418 0.029672 0.231990,-0.034534 0.155781 -0.987188,-0.034470 0.156435 -0.987087,-0.000005 0.000003 0.000001,0.006311,0.190450,0.190000
5.22000,-0.001229 0.000418 -0.002605 0.002937 0.001729 -0.001311,0.413419 0.029674 0.232000,-0.034532 0.155801 -0.987185,-0.034470 0.156435 -0.987087,-0.000005 0.000003 0.000001,0.006189,0.190441,0.190000
5.23000,-0.001194 0.000409 -0.002551 0.002869 0.001675 -0.001274,0.413419 0.029677 0.232010,-0.034530 0.155821 -0.987182,-0.034470 0.156435 -0.987087,-0.000005 0.000003 0.000001,0.006062,0.190432,0.190000
5.24000,-0.001161 0.000401 -0.002499 0.002803 0.001623 -0.001238,0.413420 0.029679 0.232019,-0.034528 0.155839 -0.987179,-0.034470 0.156435 -0.987087,-0.000005 0.000003 0.000001,0.005942,0.190423,0.190000
5.25000,-0.001128 0.000393 -0.002447 0.002738 0.001573 -0.001203,0.413421 0.029681 0.232028,-0.034527 0.155858 -0.987176,-0.034470 0.156435 -0.987087,-0.000005 0.000003 0.000001,0.005824,0.190415,0.190000
5.26000,-0.001096 0.000385 -0.002397 0.002675 0.001524 -0.001168,0.413422 0.029683 0.232037,-0.034525 0.155876 -0.987173,-0.034470 0.156435 -0.987087,-0.000005 0.000003 0.000001,0.005709,0.190406,0.190000
5.27000,-0.001065 0.000377 -0.002348 0.002613 0.001477 -0.001135,0.413422 0.029685 0.232046,-0.034523 0.155893 -0.987170,-0.034470 0.156435 -0.987087,-0.000005 0.000003 0.000001,0.005592,0.190398,0.190000
5.28000,-0.001035 0.000369 -0.002299 0.002553 0.001432 -0.001103,0.413423 0.029687 0.232054,-0.034522 0.155910 -0.987168,-0.034470 0.156435 -0.987087,-0.000005 0.000003 0.000001,0.005480,0.190390,0.190000
5.29000,-0.001006 0.000362 -0.002252 0.002495 0.001387 -0.001072,0.413424 0.029688 0.232062,-0.034520 0.155926 -0.987165,-0.034470 0.156435 -0.987087,-0.000004 0.000003 0.000001,0.005372,0.190382,0.190000
5.30000,-0.000978 0.000354 -0.002206 0.002437 0.001344 -0.001042,0.413424 0.029690 0.232071,-0.034519 0.155941 -0.987163,-0.034470 0.156435 -0.987087,-0.000004 0.000003 0.000001,0.005262,0.190374,0.190000
5.31000,-0.000950 0.000347 -0.002160 0.002381 0.001303 -0.001012,0.413425 0.029692 0.232079,-0.034517 0.155957 -0.987161,-0.034470 0.156435 -0.987087,-0.000004 0.000003 0.000001,0.005157,0.190366,0.190000
5.32000,-0.000923 0.000340 -0.002116 0.002327 0.001262 -0.000983,0.413425 0.029693 0.232086,-0.034516 0.155971 -0.987158,-0.034470 0.156435 -0.987087,-0.000004 0.000003 0.000001,0.005055,0.190359,0.190000
5.33000,-0.000897 0.000333 -0.002072 0.002274 0.001223 -0.000956,0.413426 0.029695 0.232094,-0.034514 0.155986 -0.987156,-0.034470 0.156435 -0.987087,-0.000004 0.000003 0.000001,0.004953,0.190351,0.190000
5.34000,-0.000872 0.000326 -0.002030 0.002222 0.001185 -0.000929,0.413427 0.029696 0.232102,-0.034513 0.155999 -0.987154,-0.034470 0.156435 -0.987087,-0.000004 0.000003 0.000001,0.004854,0.190344,0.190000
5.35000,-0.000848 0.000320 -0.001988 0.002171 0.001149 -0.000902,0.413427 0.029698 0.232109,-0.034512 0.156013 -0.987152,-0.034470 0.156435 -0.987087,-0.000004 0.000003 0.000001,0.004758,0.190337,0.190000
5.36000,-0.000824 0.000313 -0.001947 0.002121 0.001113 -0.000877,0.413428 0.029699 0.232116,-0.034510 0.156026 -0.987150,-0.034470 0.156435 -0.987087,-0.000004 0.000003 0.000001,0.004664,0.190330,0.190000
5.37000,-0.000801 0.000307 -0.001907 0.002073 0.001079 -0.000852,0.413428 0.029700 0.232123,-0.034509 0.156038 -0.987148,-0.034470 0.156435 -0.987087,-0.000004 0.000003 0.000001,0.004571,0.190323,0.190000
5.38000,-0.000778 0.000300 -0.001868 0.002026 0.001045 -0.000828,0.413429 0.029702 0.232130,-0.034508 0.156051 -0.987146,-0.034470 0.156435 -0.987087,-0.000004 0.000002 0.000001,0.004479,0.190317,0.190000
5.39000,-0.000757 0.000294 -0.001829 0.001979 0.001013 -0.000805,0.413429 0.029703 0.232137,-0.034507 0.156063 -0.987144,-0.034470 0.156435 -0.987087,-0.000004 0.000002 0.000001,0.004392,0.190310,0.190000
5.40000,-0.000735 0.000288 -0.001791 0.001934 0.000981 -0.000782,0.413430 0.029704 0.232143,-0.034506 0.156074 -0.987142,-0.034470 0.156435 -0.987087,-0.000004 0.000002 0.000001,0.004302,0.190304,0.190000
5.41000,-0.000715 0.000282 -0.001755 0.001890 0.000951 -0.000760,0.413430 0.029705 0.232150,-0.034505 0.156085 -0.987141,-0.034470 0.156435 -0.987087,-0.000003 0.000002 0.000000,0.004210,0.190298,0.190000
5.42000,-0.000695 0.000277 -0.001718 0.001847 0.000922 -0.000739,0.413431 0.029706 0.232156,-0.034504 0.156096 -0.987139,-0.034470 0.156435 -0.987087,-0.000003 0.000002 0.000000,0.004126,0.190292,0.190000
5.43000,-0.000676 0.000271 -0.001683 0.001805 0.000893 -0.000718,0.413431 0.029707 0.232162,-0.034503 0.156106 -0.987137,-0.034470 0.156435 -0.987087,-0.000003 0.000002 0.000000,0.004047,0.190286,0.190000
5.44000,-0.000657 0.000265 -0.001649 0.001764 0.000866 -0.000698,0.413432 0.029708 0.232168,-0.034502 0.156116 -0.987136,-0.034470 0.156435 -0.987087,-0.000003 0.000002 0.000000,0.003959,0.190280,0.190000
5.45000,-0.000638 0.000260 -0.001615 0.001724 0.000839 -0.000678,0.413432 0.029709 0.232174,-0.034501 0.156126 -0.987134,-0.034470 0.156435 -0.987087,-0.000003 0.000002 0.000000,0.003879,0.190274,0.190000
5.46000,-0.000621 0.000255 -0.001581 0.001685 0.000812 -0.000659,0.413433 0.029710 0.232180,-0.034500 0.156136 -0.987133,-0.034470 0.156435 -0.987087,-0.000003 0.000002 0.000000,0.003805,0.190269,0.190000
5.47000,-0.000603 0.000249 -0.001549 0.001647 0.000788 -0.000641,0.413433 0.029711 0.232186,-0.034499 0.156145 -0.987131,-0.034470 0.156435 -0.987087,-0.000003 0.000002 0.000000,0.003725,0.190263,0.190000
5.48000,-0.000587 0.000244 -0.001517 0.001610 0.000763 -0.000623,0.413433 0.029711 0.232191,-0.034498 0.156154 -0.987130,-0.034470 0.156435 -0.987087,-0.000003 0.000002 0.000000,0.003650,0.190258,0.190000
5.49000,-0.000570 0.000239 -0.001486 0.001573 0.000739 -0.000606,0.413434 0.029712 0.232197,-0.034497 0.156163 -0.987129,-0.034470 0.156435 -0.987087,-0.000003 0.000002 0.000000,0.003578,0.190252,0.190000
5.50000,-0.000554 0.000234 -0.001455 0.001538 0.000716 -0.000589,0.413434 0.029713 0.232202,-0.034496 0.156171 -0.987127,-0.034470 0.156435 -0.987087,-0.000003 0.000002 0.000000,0.003507,0.190247,0.190000
5.51000,-0.000539 0.000230 -0.001425 0.001503 0.000694 -0.000572,0.413435 0.029714 0.232207,-0.034496 0.156179 -0.987126,-0.034470 0.156435 -0.987087,-0.000003 0.000002 0.000000,0.003436,0.190242,0.190000
5.52000,-0.000524 0.000225 -0.001396 0.001469 0.000673 -0.000556,0.413435 0.029714 0.232213,-0.034495 0.156187 -0.987125,-0.034470 0.156435 -0.987087,-0.000003 0.000002 0.000000,0.003370,0.190237,0.190000
5.53000,-0.000510 0.000220 -0.001367 0.001436 0.000652 -0.000541,0.413435 0.029715 0.232218,-0.034494 0.156195 -0.987124,-0.034470 0.156435 -0.987087,-0.000003 0.000002 0.000000,0.003301,0.190232,0.190000
5.54000,-0.000496 0.000216 -0.001339 0.001404 0.000632 -0.000526,0.413436 0.029716 0.232222,-0.034493 0.156202 -0.987123,-0.034470 0.156435 -0.987087,-0.000003 0.000002 0.000000,0.003228,0.190228,0.190000
5.55000,-0.000482 0.000211 -0.001312 0.001372 0.000612 -0.000511,0.413436 0.029716 0.232227,-0.034493 0.156209 -0.987122,-0.034470 0.156435 -0.987087,-0.000003 0.000002 0.000000,0.003164,0.190223,0.190000
5.56000,-0.000469 0.000207 -0.001285 0.001341 0.000593 -0.000497,0.413436 0.029717 0.232232,-0.034492 0.156216 -0.987120,-0.034470 0.156435 -0.987087,-0.000003 0.000002 0.000000,0.003103,0.190218,0.190000
5.57000,-0.000456 0.000203 -0.001258 0.001311 0.000575 -0.000483,0.413437 0.029717 0.232236,-0.034491 0.156223 -0.987119,-0.034470 0.156435 -0.987087,-0.000003 0.000002 0.000000,0.003035,0.190214,0.190000
5.58000,-0.000443 0.000199 -0.001232 0.001282 0.000557 -0.000470,0.413437 0.029718 0.232241,-0.034491 0.156229 -0.987118,-0.034470 0.156435 -0.987087,-0.000002 0.000002 0.000000,0.002973,0.190210,0.190000
5.59000,-0.000431 0.000195 -0.001207 0.001253 0.000540 -0.000457,0.413437 0.029718 0.232245,-0.034490 0.156236 -0.987117,-0.034470 0.156435 -0.987087,-0.000002 0.000002 0.000000,0.002917,0.190205,0.190000
5.60000,-0.000419 0.000190 -0.001182 0.001225 0.000523 -0.000444,0.413438 0.029719 0.232250,-0.034490 0.156242 -0.987116,-0.034470 0.156435 -0.987087,-0.000002 0.000002 0.000000,0.002855,0.190201,0.190000
5.61000,-0.000407 0.000187 -0.001158 0.001197 0.000507 -0.000432,0.413438 0.029719 0.232254,-0.034489 0.156248 -0.987116,-0.034470 0.156435 -0.987087,-0.000002 0.000002 0.000000,0.002798,0.190197,0.190000
5.62000,-0.000396 0.000183 -0.001134 0.001170 0.000491 -0.000420,0.413438 0.029720 0.232258,-0.034488 0.156254 -0.987115,-0.034470 0.156435 -0.987087,-0.000002 0.000002 0.000000,0.002743,0.190193,0.190000
5.63000,-0.000385 0.000179 -0.001111 0.001144 0.000476 -0.000408,0.413439 0.029720 0.232262,-0.034488 0.156259 -0.987114,-0.034470 0.156435 -0.987087,-0.000002 0.000001 0.000000,0.002688,0.190189,0.190000
5.64000,-0.000375 0.000175 -0.001088 0.001119 0.000461 -0.000397,0.413439 0.029721 0.232266,-0.034487 0.156265 -0.987113,-0.034470 0.156435 -0.987087,-0.000002 0.000001 0.000000,0.002633,0.190185,0.190000
5.65000,-0.000365 0.000172 -0.001066 0.001094 0.000447 -0.000386,0.413439 0.029721 0.232270,-0.034487 0.156270 -0.987112,-0.034470 0.156435 -0.987087,-0.000002 0.000001 0.000000,0.002583,0.190181,0.190000
5.66000,-0.000355 0.000168 -0.001044 0.001069 0.000433 -0.000375,0.413439 0.029721 0.232274,-0.034486 0.156275 -0.987111,-0.034470 0.156435 -0.987087,-0.000002 0.000001 0.000000,0.002530,0.190178,0.190000
5.67000,-0.000345 0.000165 -0.001022 0.001045 0.000420 -0.000365,0.413440 0.029722 0.232278,-0.034486 0.156280 -0.987111,-0.034470 0.156435 -0.987087,-0.000002 0.000001 0.000000,0.002473,0.190174,0.190000
5.68000,-0.000335 0.000161 -0.001001 0.001022 0.000406 -0.000355,0.413440 0.029722 0.232281,-0.034485 0.156285 -0.987110,-0.034470 0.156435 -0.987087,-0.000002 0.000001 0.000000,0.002423,0.190170,0.190000
5.69000,-0.000326 0.000158 -0.000981 0.000999 0.000394 -0.000345,0.413440 0.029722 0.232285,-0.034485 0.156289 -0.987109,-0.034470 0.156435 -0.987087,-0.000002 0.000001 0.000000,0.002378,0.190167,0.190000
5.70000,-0.000317 0.000155 -0.000960 0.000977 0.000382 -0.000336,0.413440 0.029723 0.232288,-0.034485 0.156294 -0.987108,-0.034470 0.156435 -0.987087,-0.000002 0.000001 0.000000,0.002324,0.190164,0.190000
5.71000,-0.000309 0.000152 -0.000941 0.000955 0.000370 -0.000326,0.413441 0.029723 0.232292,-0.034484 0.156298 -0.987108,-0.034470 0.156435 -0.987087,-0.000002 0.000001 0.000000,0.002276,0.190160,0.190000
5.72000,-0.000300 0.000149 -0.000921 0.000934 0.000358 -0.000317,0.413441 0.029723 0.232295,-0.034484 0.156302 -0.987107,-0.034470 0.156435 -0.987087,-0.000002 0.000001 0.000000,0.002234,0.190157,0.190000
5.73000,-0.000292 0.000145 -0.000902 0.000913 0.000347 -0.000309,0.413441 0.029723 0.232298,-0.034483 0.156306 -0.987106,-0.034470 0.156435 -0.987087,-0.000002 0.000001 0.000000,0.002186,0.190154,0.190000
5.74000,-0.000284 0.000143 -0.000884 0.000893 0.000336 -0.000300,0.413441 0.029724 0.232302,-0.034483 0.156310 -0.987106,-0.034470 0.156435 -0.987087,-0.000002 0.000001 0.000000,0.002142,0.190151,0.190000
5.75000,-0.000276 0.000140 -0.000866 0.000873 0.000326 -0.000292,0.413442 0.029724 0.232305,-0.034482 0.156314 -0.987105,-0.034470 0.156435 -0.987087,-0.000002 0.000001 0.000000,0.002100,0.190147,0.190000
5.76000,-0.000269 0.000137 -0.000848 0.000854 0.000316 -0.000284,0.413442 0.029724 0.232308,-0.034482 0.156318 -0.987105,-0.034470 0.156435 -0.987087,-0.000002 0.000001 0.000000,0.002058,0.190144,0.190000
5.77000,-0.000262 0.000134 -0.000830 0.000835 0.000306 -0.000276,0.413442 0.029724 0.232311,-0.034482 0.156321 -0.987104,-0.034470 0.156435 -0.987087,-0.000002 0.000001 0.000000,0.002016,0.190141,0.190000
5.78000,-0.000255 0.000131 -0.000813 0.000816 0.000296 -0.000269,0.413442 0.029725 0.232314,-0.034481 0.156325 -0.987104,-0.034470 0.156435 -0.987087,-0.000002 0.000001 0.000000,0.001978,0.190139,0.190000
5.79000,-0.000248 0.000129 -0.000797 0.000798 0.000287 -0.000261,0.413442 0.029725 0.232317,-0.034481 0.156328 -0.987103,-0.034470 0.156435 -0.987087,-0.000002 0.000001 0.000000,0.001937,0.190136,0.190000
5.80000,-0.000241 0.000126 -0.000780 0.000781 0.000279 -0.000254,0.413442 0.029725 0.232319,-0.034481 0.156332 -0.987103,-0.034470 0.156435 -0.987087,-0.000002 0.000001 0.000000,0.001892,0.190133,0.190000
5.81000,-0.000234 0.000123 -0.000764 0.000763 0.000270 -0.000247,0.413443 0.029725 0.232322,-0.034480 0.156335 -0.987102,-0.034470 0.156435 -0.987087,-0.000002 0.000001 0.000000,0.001854,0.190130,0.190000
5.82000,-0.000228 0.000121 -0.000749 0.000746 0.000261 -0.000241,0.413443 0.029725 0.232325,-0.034480 0.156338 -0.987102,-0.034470 0.156435 -0.987087,-0.000002 0.000001 0.000000,0.001820,0.190128,0.190000
5.83000,-0.000222 0.000118 -0.000733 0.000730 0.000254 -0.000234,0.413443 0.029725 0.232328,-0.034480 0.156341 -0.987101,-0.034470 0.156435 -0.987087,-0.000001 0.000001 0.000000,0.001778,0.190125,0.190000
5.84000,-0.000216 0.000116 -0.000718 0.000714 0.000246 -0.000228,0.413443 0.029725 0.232330,-0.034480 0.156344 -0.987101,-0.034470 0.156435 -0.987087,-0.000001 0.000001 0.000000,0.001741,0.190122,0.190000
5.85000,-0.000210 0.000113 -0.000703 0.000698 0.000238 -0.000222,0.413443 0.029726 0.232333,-0.034479 0.156347 -0.987100,-0.034470 0.156435 -0.987087,-0.000001 0.000001 0.000000,0.001709,0.190120,0.190000
5.86000,-0.000204 0.000111 -0.000689 0.000683 0.000231 -0.000216,0.413444 0.029726 0.232335,-0.034479 0.156349 -0.987100,-0.034470 0.156435 -0.987087,-0.000001 0.000001 0.000000,0.001672,0.190118,0.190000
5.87000,-0.000199 0.000109 -0.000675 0.000668 0.000223 -0.000210,0.413444 0.029726 0.232338,-0.034479 0.156352 -0.987099,-0.034470 0.156435 -0.987087,-0.000001 0.000001 0.000000,0.001638,0.190115,0.190000
5.88000,-0.000194 0.000107 -0.000661 0.000653 0.000216 -0.000204,0.413444 0.029726 0.232340,-0.034478 0.156354 -0.987099,-0.034470 0.156435 -0.987087,-0.000001 0.000001 0.000000,0.001606,0.190113,0.190000
5.89000,-0.000188 0.000104 -0.000647 0.000639 0.000210 -0.000199,0.413444 0.029726 0.232342,-0.034478 0.156357 -0.987099,-0.034470 0.156435 -0.987087,-0.000001 0.000001 0.000000,0.001574,0.190110,0.190000
5.90000,-0.000183 0.000102 -0.000634 0.000625 0.000203 -0.000193,0.413444 0.029726 0.232345,-0.034478 0.156359 -0.987098,-0.034470 0.156435 -0.987087,-0.000001 0.000001 0.000000,0.001542,0.190108,0.190000
5.91000,-0.000178 0.000100 -0.000621 0.000611 0.000197 -0.000188,0.413444 0.029726 0.232347,-0.034478 0.156362 -0.987098,-0.034470 0.156435 -0.987087,-0.000001 0.000001 0.000000,0.001513,0.190106,0.190000
5.92000,-0.000174 0.000098 -0.000608 0.000598 0.000191 -0.000183,0.413444 0.029726 0.232349,-0.034478 0.156364 -0.987098,-0.034470 0.156435 -0.987087,-0.000001 0.000001 0.000000,0.001481,0.190104,0.190000
5.93000,-0.000169 0.000096 -0.000596 0.000584 0.000185 -0.000178,0.413445 0.029726 0.232351,-0.034477 0.156366 -0.987097,-0.034470 0.156435 -0.987087,-0.000001 0.000001 0.000000,0.001446,0.190102,0.190000
5.94000,-0.000165 0.000094 -0.000583 0.000572 0.000179 -0.000173,0.413445 0.029726 0.232353,-0.034477 0.156368 -0.987097,-0.034470 0.156435 -0.987087,-0.000001 0.000001 0.000000,0.001417,0.190100,0.190000
5.95000,-0.000160 0.000092 -0.000572 0.000559 0.000173 -0.000168,0.413445 0.029726 0.232355,-0.034477 0.156370 -0.987097,-0.034470 0.156435 -0.987087,-0.000001 0.000001 0.000000,0.001391,0.190098,0.190000
5.96000,-0.000156 0.000090 -0.000560 0.000547 0.000168 -0.000164,0.413445 0.029726 0.232357,-0.034477 0.156372 -0.987096,-0.034470 0.156435 -0.987087,-0.000001 0.000001 0.000000,0.001358,0.190096,0.190000
5.97000,-0.000152 0.000088 -0.000548 0.000535 0.000163 -0.000160,0.413445 0.029726 0.232359,-0.034477 0.156374 -0.987096,-0.034470 0.156435 -0.987087,-0.000001 0.000001 0.000000,0.001330,0.190094,0.190000
5.98000,-0.000148 0.000087 -0.000537 0.000523 0.000158 -0.000155,0.413445 0.029727 0.232361,-0.034476 0.156376 -0.987096,-0.034470 0.156435 -0.987087,-0.000001 0.000001 0.000000,0.001306,0.190092,0.190000
5.99000,-0.000144 0.000085 -0.000526 0.000512 0.000153 -0.000151,0.413445 0.029727 0.232363,-0.034476 0.156378 -0.987095,-0.034470 0.156435 -0.987087,-0.000001 0.000001 0.000000,0.001277,0.190090,0.190000
6.00000,-0.004237 0.024565 -0.124014 0.106948 -0.017306 -0.005165,0.413445 0.029727 0.232365,-0.034476 0.156380 -0.987095,-0.038803 0.152124 -0.987599,-0.000001 0.000001 0.000000,0.001251,0.190088,0.189600
6.01000,0.004278 0.031009 -0.131379 0.113290 -0.033074 0.002531,0.413423 0.029645 0.232747,-0.034661 0.156272 -0.987106,-0.043141 0.147810 -0.988074,-0.000001 0.000001 0.000000,0.001573,0.189699,0.189200
6.02000,0.012577 0.037424 -0.138704 0.119693 -0.048347 0.010009,0.413390 0.029531 0.233151,-0.034907 0.156007 -0.987139,-0.047482 0.143493 -0.988512,-0.000002 0.000001 0.000000,0.002577,0.189284,0.188800
6.03000,0.020665 0.043659 -0.145813 0.125861 -0.063136 0.017314,0.413331 0.029395 0.233546,-0.035296 0.155625 -0.987185,-0.051827 0.139174 -0.988911,-0.000003 0.000001 0.000000,0.003005,0.188874,0.188400
6.04000,0.028545 0.049760 -0.152755 0.131880 -0.077456 0.024439,0.413249 0.029236 0.233941,-0.035803 0.155120 -0.987247,-0.056175 0.134851 -0.989272,-0.000003 0.000002 0.000000,0.003704,0.188463,0.188000
6.05000,0.036222 0.055721 -0.159523 0.137741 -0.091317 0.031393,0.413145 0.029056 0.234332,-0.036429 0.154499 -0.987321,-0.060527 0.130527 -0.989596,-0.000004 0.000002 0.000000,0.004339,0.188053,0.187600
6.06000,0.043699 0.061549 -0.166123 0.143457 -0.104730 0.038178,0.413021 0.028854 0.234721,-0.037169 0.153765 -0.987408,-0.064881 0.126199 -0.989881,-0.000005 0.000002 0.000000,0.005024,0.187642,0.187200
6.07000,0.050981 0.067248 -0.172559 0.149035 -0.117709 0.044801,0.412876 0.028633 0.235109,-0.038021 0.152920 -0.987507,-0.069237 0.121870 -0.990128,-0.000005 0.000002 0.000000,0.005716,0.187231,0.186800
6.08000,0.058071 0.072822 -0.178835 0.154484 -0.130263 0.051265,0.412712 0.028393 0.235494,-0.038980 0.151969 -0.987616,-0.073595 0.117538 -0.990338,-0.000006 0.000002 0.000001,0.006428,0.186820,0.186400
6.09000,0.064974 0.078274 -0.184954 0.159812 -0.142405 0.057575,0.412528 0.028134 0.235878,-0.040044 0.150915 -0.987735,-0.077955 0.113204 -0.990509,-0.000007 0.000002 0.000001,0.007158,0.186409,0.186000
6.10000,0.071694 0.083608 -0.190920 0.165024 -0.154144 0.063736,0.412327 0.027857 0.236260,-0.041210 0.149760 -0.987863,-0.082316 0.108867 -0.990642,-0.000008 0.000002 0.000001,0.007914,0.185998,0.185600
6.11000,0.078234 0.088829 -0.196736 0.170128 -0.165492 0.069751,0.412109 0.027563 0.236641,-0.042474 0.148509 -0.987998,-0.086679 0.104529 -0.990737,-0.000009 0.000001 0.000001,0.008672,0.185587,0.185200
6.12000,0.084598 0.093939 -0.202407 0.175129 -0.176459 0.075624,0.411874 0.027252 0.237021,-0.043834 0.147164 -0.988140,-0.091042 0.100188 -0.990794,-0.000009 0.000001 0.000001,0.009446,0.185175,0.184800
6.13000,0.090790 0.098942 -0.207936 0.180034 -0.187055 0.081361,0.411623 0.026926 0.237401,-0.045286 0.145727 -0.988288,-0.095405 0.095846 -0.990814,-0.000010 0.000001 0.000001,0.010246,0.184764,0.184400
6.14000,0.096814 0.103840 -0.213327 0.184847 -0.197291 0.086963,0.411356 0.026585 0.237779,-0.046828 0.144202 -0.988440,-0.099768 0.091502 -0.990794,-0.000011 0.000001 0.000001,0.011042,0.184353,0.184000
6.15000,0.102673 0.108638 -0.218582 0.189574 -0.207176 0.092436,0.411075 0.026229 0.238157,-0.048457 0.142591 -0.988595,-0.104131 0.087156 -0.990737,-0.000012 0.000001 0.000001,0.011849,0.183941,0.183600
6.16000,0.108371 0.113338 -0.223705 0.194219 -0.216720 0.097782,0.410779 0.025859 0.238535,-0.050171 0.140896 -0.988752,-0.108493 0.082809 -0.990642,-0.000013 0.000001 0.000001,0.012669,0.183530,0.183200
6.17000,0.113911 0.117943 -0.228699 0.198787 -0.225932 0.103006,0.410471 0.025476 0.238913,-0.051967 0.139121 -0.988911,-0.112855 0.078460 -0.990509,-0.000013 0.000000 0.000001,0.013491,0.183118,0.182800
6.18000,0.119298 0.122455 -0.233568 0.203282 -0.234821 0.108110,0.410149 0.025080 0.239291,-0.053841 0.137268 -0.989070,-0.117214 0.074109 -0.990338,-0.000014 0.000000 0.000001,0.014312,0.182706,0.182400
6.19000,0.124533 0.126878 -0.238314 0.207707 -0.243397 0.113099,0.409814 0.024671 0.239670,-0.055793 0.135338 -0.989227,-0.121573 0.069757 -0.990128,-0.000015 -0.000000 0.000001,0.015151,0.182295,0.182000
6.20000,0.120731 0.124194 -0.235064 0.204772 -0.235694 0.109838,0.409468 0.024251 0.240049,-0.057819 0.133335 -0.989383,-0.121573 0.069757 -0.990128,-0.000016 -0.000001 0.000001,0.015991,0.181883,0.181600
6.21000,0.117041 0.121573 -0.231903 0.201888 -0.228234 0.106664,0.409134 0.023843 0.240429,-0.059788 0.131392 -0.989526,-0.121573 0.069757 -0.990128,-0.000016 -0.000001 0.000001,0.016375,0.181473,0.181200
6.22000,0.113464 0.119027 -0.228845 0.199073 -0.221015 0.103578,0.408813 0.023447 0.240811,-0.061695 0.129508 -0.989657,-0.121573 0.069757 -0.990128,-0.000017 -0.000002 0.000001,0.016872,0.181062,0.180800
6.23000,0.109996 0.116551 -0.225881 0.196321 -0.214027 0.100576,0.408503 0.023064 0.241196,-0.063544 0.127681 -0.989778,-0.121573 0.069757 -0.990128,-0.000017 -0.000002 0.000001,0.017327,0.180652,0.180400
6.24000,0.106633 0.114145 -0.223011 0.193635 -0.207264 0.097657,0.408206 0.022692 0.241582,-0.065336 0.125910 -0.989888,-0.121573 0.069757 -0.990128,-0.000018 -0.000003 0.000001,0.017767,0.180241,0.180000
6.25000,0.103373 0.111806 -0.220231 0.191011 -0.200719 0.094818,0.407920 0.022331 0.241970,-0.067072 0.124192 -0.989989,-0.121573 0.069757 -0.990128,-0.000018 -0.000003 0.000001,0.018200,0.179831,0.179600
6.26000,0.100212 0.109533 -0.217539 0.188450 -0.194383 0.092058,0.407646 0.021980 0.242360,-0.068755 0.122526 -0.990081,-0.121573 0.069757 -0.990128,-0.000018 -0.000003 0.000001,0.018616,0.179421,0.179200
6.27000,0.097147 0.107324 -0.214931 0.185951 -0.188251 0.089374,0.407382 0.021641 0.242751,-0.070386 0.120911 -0.990165,-0.121573 0.069757 -0.990128,-0.000019 -0.000004 0.000001,0.019004,0.179011,0.178800
6.28000,0.094175 0.105178 -0.212405 0.183513 -0.182315 0.086764,0.407128 0.021311 0.243144,-0.071967 0.119345 -0.990241,-0.121573 0.069757 -0.990128,-0.000019 -0.000004 0.000001,0.019387,0.178600,0.178400
6.29000,0.091293 0.103094 -0.209959 0.181135 -0.176569 0.084227,0.406884 0.020991 0.243537,-0.073499 0.117826 -0.990310,-0.121573 0.069757 -0.990128,-0.000019 -0.000004 0.000001,0.019738,0.178190,0.178000
6.30000,0.088499 0.101068 -0.207590 0.178816 -0.171007 0.081760,0.406650 0.020681 0.243932,-0.074983 0.116354 -0.990373,-0.121573 0.069757 -0.990128,-0.000020 -0.000005 0.000001,0.020084,0.177780,0.177600
6.31000,0.085789 0.099102 -0.205296 0.176556 -0.165624 0.079362,0.406425 0.020380 0.244329,-0.076422 0.114927 -0.990430,-0.121573 0.069757 -0.990128,-0.000020 -0.000005 0.000001,0.020406,0.177370,0.177200
6.32000,0.083162 0.097191 -0.203075 0.174353 -0.160412 0.077031,0.406210 0.020087 0.244726,-0.077817 0.113543 -0.990481,-0.121573 0.069757 -0.990128,-0.000020 -0.000005 0.000001,0.020701,0.176960,0.176800
6.33000,0.080614 0.095336 -0.200923 0.172207 -0.155367 0.074765,0.406003 0.019804 0.245124,-0.079168 0.112201 -0.990527,-0.121573 0.069757 -0.990128,-0.000020 -0.000005 0.000001,0.020989,0.176550,0.176400
6.34000,0.078144 0.093535 -0.198840 0.170116 -0.150483 0.072562,0.405804 0.019528 0.245523,-0.080478 0.110900 -0.990568,-0.121573 0.069757 -0.990128,-0.000021 -0.000005 0.000001,0.021253,0.176140,0.176000
6.35000,0.075748 0.091787 -0.196824 0.168080 -0.145756 0.070421,0.405614 0.019261 0.245923,-0.081747 0.109639 -0.990604,-0.121573 0.069757 -0.990128,-0.000021 -0.000006 0.000001,0.021489,0.175730,0.175600
6.36000,0.073424 0.090089 -0.194871 0.166097 -0.141179 0.068340,0.405432 0.019002 0.246323,-0.082977 0.108416 -0.990637,-0.121573 0.069757 -0.990128,-0.000021 -0.000006 0.000001,0.021714,0.175320,0.175200
6.37000,0.071171 0.088442 -0.192980 0.164166 -0.136748 0.066317,0.405257 0.018750 0.246724,-0.084169 0.107230 -0.990665,-0.121573 0.069757 -0.990128,-0.000021 -0.000006 0.000001,0.021925,0.174910,0.174800
6.38000,0.068986 0.086842 -0.191150 0.162287 -0.132458 0.064351,0.405090 0.018505 0.247126,-0.085325 0.106081 -0.990690,-0.121573 0.069757 -0.990128,-0.000021 -0.000006 0.000001,0.022106,0.174500,0.174400
6.39000,0.066867 0.085291 -0.189378 0.160457 -0.128305 0.062440,0.404930 0.018268 0.247529,-0.086445 0.104967 -0.990712,-0.121573 0.069757 -0.990128,-0.000021 -0.000006 0.000001,0.022283,0.174090,0.174000
6.40000,0.064811 0.083785 -0.187662 0.158678 -0.124284 0.060583,0.404776 0.018037 0.247932,-0.087530 0.103887 -0.990730,-0.121573 0.069757 -0.990128,-0.000022 -0.000006 0.000001,0.022432,0.173680,0.173600
6.41000,0.062818 0.082323 -0.186002 0.156946 -0.120391 0.058778,0.404630 0.017813 0.248335,-0.088581 0.102840 -0.990746,-0.121573 0.069757 -0.990128,-0.000022 -0.000006 0.000001,0.022581,0.173270,0.173200
6.42000,0.060885 0.080906 -0.184394 0.155261 -0.116621 0.057025,0.404490 0.017595 0.248739,-0.089600 0.101825 -0.990759,-0.121573 0.069757 -0.990128,-0.000022 -0.000006 0.000001,0.022706,0.172860,0.172800
6.43000,0.059010 0.079531 -0.182839 0.153623 -0.112972 0.055320,0.404356 0.017384 0.249143,-0.090588 0.100841 -0.990770,-0.121573 0.069757 -0.990128,-0.000022 -0.000006 0.000001,0.022811,0.172450,0.172400
6.44000,0.057191 0.078197 -0.181333 0.152030 -0.109438 0.053664,0.404229 0.017178 0.249548,-0.091545 0.099887 -0.990779,-0.121573 0.069757 -0.990128,-0.000022 -0.000006 0.000001,0.022915,0.172040,0.172000
6.45000,0.055427 0.076903 -0.179876 0.150481 -0.106016 0.052055,0.404107 0.016978 0.249953,-0.092473 0.098962 -0.990785,-0.121573 0.069757 -0.990128,-0.000022 -0.000006 0.000001,0.022997,0.171630,0.171600
6.46000,0.053716 0.075649 -0.178466 0.148975 -0.102703 0.050491,0.403991 0.016784 0.250358,-0.093372 0.098066 -0.990790,-0.121573 0.069757 -0.990128,-0.000022 -0.000006 0.000001,0.023057,0.171220,0.171200
6.47000,0.052056 0.074432 -0.177101 0.147511 -0.099495 0.048972,0.403880 0.016596 0.250764,-0.094243 0.097197 -0.990793,-0.121573 0.069757 -0.990128,-0.000022 -0.000006 0.000001,0.023115,0.170810,0.170800
6.48000,0.050446 0.073252 -0.175781 0.146088 -0.096389 0.047496,0.403775 0.016412 0.251169,-0.095088 0.096355 -0.990795,-0.121573 0.069757 -0.990128,-0.000022 -0.000006 0.000001,0.023152,0.170401,0.170400
6.49000,0.048886 0.072096 -0.174444 0.144658 -0.093380 0.046064,0.403675 0.016234 0.251576,-0.095906 0.095538 -0.990795,-0.121573 0.069757 -0.990128,-0.000022 -0.000006 0.000002,0.023189,0.169991,0.170000
6.50000,0.047374 0.070973 -0.173147 0.143267 -0.090467 0.044673,0.403579 0.016061 0.251982,-0.096699 0.094747 -0.990794,-0.121573 0.069757 -0.990128,-0.000022 -0.000006 0.000002,0.023214,0.169581,0.169600
6.51000,0.045906 0.069885 -0.171892 0.141916 -0.087646 0.043321,0.403489 0.015892 0.252388,-0.097468 0.093979 -0.990792,-0.121573 0.069757 -0.990128,-0.000022 -0.000006 0.000002,0.023213,0.169172,0.169200
6.52000,0.044483 0.068831 -0.170676 0.140602 -0.084914 0.042008,0.403403 0.015728 0.252794,-0.098213 0.093236 -0.990788,-0.121573 0.069757 -0.990128,-0.000022 -0.000006 0.000002,0.023202,0.168763,0.168800
6.53000,0.043102 0.067808 -0.169500 0.139326 -0.082268 0.040732,0.403322 0.015569 0.253200,-0.098934 0.092515 -0.990784,-0.121573 0.069757 -0.990128,-0.000022 -0.000006 0.000002,0.023209,0.168354,0.168400
6.54000,0.041762 0.066817 -0.168362 0.138086 -0.079706 0.039492,0.403245 0.015414 0.253606,-0.099634 0.091816 -0.990779,-0.121573 0.069757 -0.990128,-0.000022 -0.000006 0.000002,0.023179,0.167945,0.168000
6.55000,0.040461 0.065856 -0.167260 0.136882 -0.077225 0.038287,0.403172 0.015263 0.254012,-0.100312 0.091139 -0.990773,-0.121573 0.069757 -0.990128,-0.000022 -0.000006 0.000002,0.023144,0.167536,0.167600
6.56000,0.039200 0.064926 -0.166195 0.135712 -0.074822 0.037117,0.403103 0.015116 0.254417,-0.100969 0.090482 -0.990766,-0.121573 0.069757 -0.990128,-0.000022 -0.000006 0.000002,0.023110,0.167128,0.167200
6.57000,0.037976 0.064024 -0.165163 0.134576 -0.072495 0.035980,0.403038 0.014973 0.254823,-0.101606 0.089846 -0.990759,-0.121573 0.069757 -0.990128,-0.000022 -0.000006 0.000002,0.023056,0.166719,0.166800
6.58000,0.036789 0.063150 -0.164165 0.133473 -0.070241 0.034876,0.402977 0.014834 0.255229,-0.102223 0.089229 -0.990752,-0.121573 0.069757 -0.990128,-0.000022 -0.000006 0.000002,0.022991,0.166311,0.166400
6.59000,0.035637 0.062304 -0.163200 0.132402 -0.068058 0.033803,0.402920 0.014698 0.255634,-0.102821 0.088631 -0.990743,-0.121573 0.069757 -0.990128,-0.000022 -0.000006 0.000002,0.022937,0.165903,0.166000
6.60000,0.034519 0.061484 -0.162267 0.131362 -0.065944 0.032760,0.402866 0.014566 0.256040,-0.103401 0.088051 -0.990735,-0.121573 0.069757 -0.990128,-0.000022 -0.000006 0.000002,0.022865,0.165495,0.165600
6.61000,0.033434 0.060690 -0.161364 0.130353 -0.063896 0.031748,0.402815 0.014438 0.256445,-0.103963 0.087489 -0.990726,-0.121573 0.069757 -0.990128,-0.000022 -0.000006 0.000002,0.022779,0.165088,0.165200
6.62000,0.032382 0.059921 -0.160491 0.129373 -0.061913 0.030764,0.402768 0.014313 0.256850,-0.104507 0.086945 -0.990716,-0.121573 0.069757 -0.990128,-0.000022 -0.000006 0.000002,0.022697,0.164680,0.164800
6.63000,0.031360 0.059177 -0.159646 0.128421 -0.059992 0.029809,0.402724 0.014191 0.257255,-0.105035 0.086417 -0.990707,-0.121573 0.069757 -0.990128,-0.000022 -0.000005 0.000002,0.022634,0.164273,0.164400
6.64000,0.030369 0.058456 -0.158830 0.127498 -0.058131 0.028881,0.402683 0.014072 0.257660,-0.105546 0.085905 -0.990697,-0.121573 0.069757 -0.990128,-0.000022 -0.000005 0.000002,0.022526,0.163866,0.164000
6.65000,0.029408 0.057759 -0.158041 0.126603 -0.056329 0.027979,0.402645 0.013956 0.258065,-0.106042 0.085409 -0.990687,-0.121573 0.069757 -0.990128,-0.000022 -0.000005 0.000002,0.022429,0.163459,0.163600
6.66000,0.028475 0.057084 -0.157279 0.125733 -0.054584 0.027104,0.402610 0.013843 0.258470,-0.106522 0.084928 -0.990677,-0.121573 0.069757 -0.990128,-0.000022 -0.000005 0.000002,0.022331,0.163052,0.163200
6.67000,0.027569 0.056431 -0.156542 0.124890 -0.052893 0.026253,0.402577 0.013733 0.258874,-0.106988 0.084463 -0.990666,-0.121573 0.069757 -0.990128,-0.000022 -0.000005 0.000002,0.022215,0.162646,0.162800
6.68000,0.026691 0.055799 -0.155830 0.124071 -0.051255 0.025427,0.402548 0.013625 0.259279,-0.107439 0.084011 -0.990656,-0.121573 0.069757 -0.990128,-0.000021 -0.000005 0.000002,0.022096,0.162239,0.162400
6.69000,0.025838 0.055188 -0.155142 0.123278 -0.049669 0.024625,0.402521 0.013520 0.259683,-0.107876 0.083573 -0.990645,-0.121573 0.069757 -0.990128,-0.000021 -0.000005 0.000002,0.021993,0.161833,0.162000
6.70000,0.025011 0.054597 -0.154478 0.122507 -0.048132 0.023845,0.402496 0.013418 0.260087,-0.108300 0.083149 -0.990635,-0.121573 0.069757 -0.990128,-0.000021 -0.000005 0.000002,0.021867,0.161426,0.161600
6.71000,0.024208 0.054025 -0.153837 0.121761 -0.046644 0.023089,0.402474 0.013318 0.260491,-0.108711 0.082738 -0.990624,-0.121573 0.069757 -0.990128,-0.000021 -0.000004 0.000002,0.021745,0.161020,0.161200
6.72000,0.023429 0.053473 -0.153217 0.121036 -0.045202 0.022353,0.402455 0.013221 0.260895,-0.109109 0.082339 -0.990614,-0.121573 0.069757 -0.990128,-0.000021 -0.000004 0.000002,0.021616,0.160614,0.160800
6.73000,0.022673 0.052938 -0.152619 0.120334 -0.043805 0.021639,0.402437 0.013125 0.261299,-0.109494 0.081953 -0.990603,-0.121573 0.069757 -0.990128,-0.000021 -0.000004 0.000002,0.021498,0.160208,0.160400
6.74000,0.021939 0.052422 -0.152042 0.119652 -0.042452 0.020946,0.402422 0.013032 0.261703,-0.109868 0.081578 -0.990593,-0.121573 0.069757 -0.990128,-0.000021 -0.000004 0.000002,0.021363,0.159803,0.160000
6.75000,0.024933 0.019510 -0.017960 0.017759 -0.040657 0.023948,0.402409 0.012942 0.262106,-0.110231 0.081215 -0.990582,-0.121573 0.069757 -0.990128,-0.000021 -0.000004 0.000002,0.021238,0.159397,0.160000
6.76000,0.024175 0.018970 -0.017350 0.017270 -0.039396 0.023221,0.402361 0.012880 0.262113,-0.110532 0.080845 -0.990579,-0.121573 0.069757 -0.990128,-0.000021 -0.000006 0.000002,0.021880,0.159390,0.160000
6.77000,0.023421 0.018360 -0.016771 0.016703 -0.038176 0.022504,0.402304 0.012828 0.262099,-0.110883 0.080508 -0.990567,-0.121573 0.069757 -0.990128,-0.000020 -0.000006 0.000002,0.021026,0.159407,0.160000
6.78000,0.022693 0.017792 -0.016212 0.016178 -0.036993 0.021811,0.402251 0.012776 0.262089,-0.111210 0.080177 -0.990557,-0.121573 0.069757 -0.990128,-0.000020 -0.000005 0.000002,0.020723,0.159418,0.160000
6.79000,0.021988 0.017235 -0.015670 0.015662 -0.035848 0.021139,0.402199 0.012726 0.262079,-0.111529 0.079856 -0.990547,-0.121573 0.069757 -0.990128,-0.000019 -0.000005 0.000002,0.020262,0.159430,0.160000
6.80000,0.021306 0.016697 -0.015147 0.015164 -0.034737 0.020488,0.402149 0.012678 0.262069,-0.111838 0.079545 -0.990538,-0.121573 0.069757 -0.990128,-0.000019 -0.000005 0.000002,0.019872,0.159441,0.160000
6.81000,0.020644 0.016176 -0.014640 0.014680 -0.033662 0.019856,0.402101 0.012631 0.262059,-0.112138 0.079244 -0.990528,-0.121573 0.069757 -0.990128,-0.000019 -0.000005 0.000002,0.019458,0.159453,0.160000
6.82000,0.020004 0.015671 -0.014150 0.014212 -0.032620 0.019245,0.402053 0.012585 0.262050,-0.112428 0.078952 -0.990518,-0.121573 0.069757 -0.990128,-0.000018 -0.000005 0.000002,0.019056,0.159464,0.160000
6.83000,0.019383 0.015181 -0.013676 0.013757 -0.031610 0.018652,0.402008 0.012541 0.262041,-0.112710 0.078669 -0.990509,-0.121573 0.069757 -0.990128,-0.000018 -0.000005 0.000002,0.018690,0.159475,0.160000
6.84000,0.018782 0.014706 -0.013217 0.013317 -0.030632 0.018078,0.401963 0.012498 0.262031,-0.112982 0.078395 -0.990499,-0.121573 0.069757 -0.990128,-0.000018 -0.000005 0.000002,0.018306,0.159485,0.160000
6.85000,0.018200 0.014247 -0.012773 0.012890 -0.029684 0.017521,0.401920 0.012457 0.262023,-0.113247 0.078129 -0.990490,-0.121573 0.069757 -0.990128,-0.000017 -0.000005 0.000002,0.017934,0.159496,0.160000
6.86000,0.017636 0.013801 -0.012344 0.012476 -0.028766 0.016981,0.401879 0.012416 0.262014,-0.113503 0.077871 -0.990481,-0.121573 0.069757 -0.990128,-0.000017 -0.000004 0.000002,0.017578,0.159506,0.160000
6.87000,0.017089 0.013370 -0.011929 0.012075 -0.027876 0.016458,0.401838 0.012378 0.262005,-0.113751 0.077622 -0.990472,-0.121573 0.069757 -0.990128,-0.000017 -0.000004 0.000002,0.017224,0.159516,0.160000
6.88000,0.016560 0.012951 -0.011527 0.011686 -0.027014 0.015952,0.401799 0.012340 0.261997,-0.113992 0.077380 -0.990464,-0.121573 0.069757 -0.990128,-0.000016 -0.000004 0.000002,0.016862,0.159526,0.160000
6.89000,0.016047 0.012546 -0.011139 0.011309 -0.026178 0.015461,0.401761 0.012303 0.261989,-0.114225 0.077145 -0.990455,-0.121573 0.069757 -0.990128,-0.000016 -0.000004 0.000002,0.016537,0.159536,0.160000
6.90000,0.015550 0.012153 -0.010763 0.010944 -0.025369 0.014985,0.401724 0.012268 0.261981,-0.114451 0.076918 -0.990447,-0.121573 0.069757 -0.990128,-0.000016 -0.000004 0.000001,0.016216,0.159545,0.160000
6.91000,0.015069 0.011773 -0.010400 0.010590 -0.024585 0.014523,0.401689 0.012233 0.261973,-0.114671 0.076697 -0.990438,-0.121573 0.069757 -0.990128,-0.000015 -0.000004 0.000001,0.015890,0.159554,0.160000
6.92000,0.014602 0.011404 -0.010048 0.010247 -0.023825 0.014076,0.401654 0.012200 0.261965,-0.114883 0.076484 -0.990430,-0.121573 0.069757 -0.990128,-0.000015 -0.000004 0.000001,0.015563,0.159563,0.160000
6.93000,0.014150 0.011047 -0.009708 0.009915 -0.023088 0.013643,0.401620 0.012168 0.261957,-0.115089 0.076277 -0.990422,-0.121573 0.069757 -0.990128,-0.000015 -0.000004 0.000001,0.015256,0.159572,0.160000
6.94000,0.013713 0.010701 -0.009380 0.009593 -0.022375 0.013223,0.401588 0.012136 0.261950,-0.115288 0.076076 -0.990415,-0.121573 0.069757 -0.990128,-0.000014 -0.000004 0.000001,0.014941,0.159581,0.160000
6.95000,0.013289 0.010366 -0.009061 0.009282 -0.021683 0.012816,0.401556 0.012106 0.261943,-0.115482 0.075881 -0.990407,-0.121573 0.069757 -0.990128,-0.000014 -0.000004 0.000001,0.014645,0.159589,0.160000
6.96000,0.012878 0.010041 -0.008754 0.008980 -0.021013 0.012422,0.401526 0.012077 0.261936,-0.115669 0.075693 -0.990400,-0.121573 0.069757 -0.990128,-0.000014 -0.000004 0.000001,0.014357,0.159598,0.160000
6.97000,0.012480 0.009726 -0.008456 0.008687 -0.020364 0.012040,0.401496 0.012048 0.261929,-0.115851 0.075510 -0.990392,-0.121573 0.069757 -0.990128,-0.000014 -0.000004 0.000001,0.014061,0.159606,0.160000
6.98000,0.012094 0.009421 -0.008169 0.008404 -0.019735 0.011669,0.401467 0.012021 0.261922,-0.116027 0.075333 -0.990385,-0.121573 0.069757 -0.990128,-0.000013 -0.000003 0.000001,0.013785,0.159614,0.160000
6.99000,0.011720 0.009126 -0.007890 0.008129 -0.019126 0.011310,0.401439 0.011994 0.261915,-0.116197 0.075161 -0.990378,-0.121573 0.069757 -0.990128,-0.000013 -0.000003 0.000001,0.013503,0.159622,0.160000
7.00000,0.011358 0.008839 -0.007621 0.007863 -0.018535 0.010962,0.401412 0.011968 0.261909,-0.116363 0.074995 -0.990371,-0.121573 0.069757 -0.990128,-0.000013 -0.000003 0.000001,0.013239,0.159630,0.160000
7.01000,0.011007 0.008562 -0.007361 0.007606 -0.017962 0.010625,0.401386 0.011943 0.261902,-0.116523 0.074834 -0.990365,-0.121573 0.069757 -0.990128,-0.000013 -0.000003 0.000001,0.012983,0.159637,0.160000
7.02000,0.010667 0.008293 -0.007109 0.007356 -0.017408 0.010298,0.401361 0.011919 0.261896,-0.116678 0.074677 -0.990358,-0.121573 0.069757 -0.990128,-0.000012 -0.000003 0.000001,0.012718,0.159645,0.160000
7.03000,0.010338 0.008033 -0.006866 0.007114 -0.016870 0.009982,0.401336 0.011895 0.261890,-0.116829 0.074526 -0.990352,-0.121573 0.069757 -0.990128,-0.000012 -0.000003 0.000001,0.012460,0.159652,0.160000
7.04000,0.010019 0.007780 -0.006631 0.006881 -0.016349 0.009675,0.401312 0.011872 0.261884,-0.116975 0.074379 -0.990346,-0.121573 0.069757 -0.990128,-0.000012 -0.000003 0.000001,0.012226,0.159659,0.160000
7.05000,0.009709 0.007536 -0.006403 0.006654 -0.015845 0.009377,0.401289 0.011850 0.261878,-0.117116 0.074237 -0.990340,-0.121573 0.069757 -0.990128,-0.000012 -0.000003 0.000001,0.011971,0.159666,0.160000
7.06000,0.009410 0.007299 -0.006183 0.006435 -0.015356 0.009089,0.401267 0.011829 0.261872,-0.117253 0.074099 -0.990334,-0.121573 0.069757 -0.990128,-0.000011 -0.000003 0.000001,0.011725,0.159673,0.160000
7.07000,0.009119 0.007070 -0.005970 0.006222 -0.014882 0.008809,0.401245 0.011808 0.261866,-0.117386 0.073965 -0.990328,-0.121573 0.069757 -0.990128,-0.000011 -0.000003 0.000001,0.011504,0.159679,0.160000
7.08000,0.008838 0.006848 -0.005764 0.006016 -0.014422 0.008538,0.401224 0.011788 0.261861,-0.117515 0.073836 -0.990322,-0.121573 0.069757 -0.990128,-0.000011 -0.000003 0.000001,0.011270,0.159686,0.160000
7.09000,0.008565 0.006632 -0.005565 0.005817 -0.013977 0.008276,0.401203 0.011768 0.261855,-0.117640 0.073710 -0.990317,-0.121573 0.069757 -0.990128,-0.000011 -0.000003 0.000001,0.011031,0.159692,0.160000
7.10000,0.008301 0.006424 -0.005373 0.005624 -0.013546 0.008021,0.401183 0.011749 0.261850,-0.117761 0.073589 -0.990312,-0.121573 0.069757 -0.990128,-0.000010 -0.000003 0.000001,0.010824,0.159699,0.160000
7.11000,0.008045 0.006222 -0.005187 0.005438 -0.013128 0.007775,0.401164 0.011731 0.261844,-0.117878 0.073471 -0.990306,-0.121573 0.069757 -0.990128,-0.000010 -0.000003 0.000001,0.010606,0.159705,0.160000
7.12000,0.007797 0.006026 -0.005007 0.005257 -0.012723 0.007536,0.401145 0.011713 0.261839,-0.117992 0.073356 -0.990301,-0.121573 0.069757 -0.990128,-0.000010 -0.000003 0.000001,0.010382,0.159711,0.160000
7.13000,0.007557 0.005836 -0.004833 0.005082 -0.012330 0.007304,0.401127 0.011696 0.261834,-0.118102 0.073245 -0.990296,-0.121573 0.069757 -0.990128,-0.000010 -0.000002 0.000001,0.010177,0.159717,0.160000
7.14000,0.007324 0.005652 -0.004665 0.004913 -0.011950 0.007080,0.401110 0.011679 0.261829,-0.118209 0.073138 -0.990292,-0.121573 0.069757 -0.990128,-0.000010 -0.000002 0.000001,0.009986,0.159722,0.160000
7.15000,0.007098 0.005474 -0.004503 0.004749 -0.011581 0.006862,0.401093 0.011663 0.261824,-0.118312 0.073034 -0.990287,-0.121573 0.069757 -0.990128,-0.000009 -0.000002 0.000001,0.009782,0.159728,0.160000
7.16000,0.006879 0.005302 -0.004345 0.004590 -0.011224 0.006651,0.401076 0.011648 0.261820,-0.118412 0.072933 -0.990282,-0.121573 0.069757 -0.990128,-0.000009 -0.000002 0.000001,0.009582,0.159734,0.160000
7.17000,0.006667 0.005135 -0.004194 0.004436 -0.010878 0.006447,0.401060 0.011632 0.261815,-0.118510 0.072835 -0.990278,-0.121573 0.069757 -0.990128,-0.000009 -0.000002 0.000001,0.009406,0.159739,0.160000
7.18000,0.006462 0.004973 -0.004047 0.004288 -0.010542 0.006249,0.401045 0.011618 0.261810,-0.118604 0.072741 -0.990274,-0.121573 0.069757 -0.990128,-0.000009 -0.000002 0.000001,0.009207,0.159744,0.160000
7.19000,0.006263 0.004816 -0.003905 0.004144 -0.010217 0.006057,0.401030 0.011603 0.261806,-0.118695 0.072649 -0.990269,-0.121573 0.069757 -0.990128,-0.000009 -0.000002 0.000001,0.009017,0.159750,0.160000
7.20000,0.006070 0.004664 -0.003768 0.004004 -0.009902 0.005871,0.401015 0.011590 0.261801,-0.118784 0.072560 -0.990265,-0.121573 0.069757 -0.990128,-0.000009 -0.000002 0.000001,0.008850,0.159755,0.160000
7.21000,0.005883 0.004517 -0.003635 0.003870 -0.009597 0.005690,0.401001 0.011576 0.261797,-0.118869 0.072473 -0.990261,-0.121573 0.069757 -0.990128,-0.000008 -0.000002 0.000001,0.008668,0.159760,0.160000
7.22000,0.005702 0.004375 -0.003507 0.003739 -0.009301 0.005515,0.400987 0.011563 0.261793,-0.118953 0.072390 -0.990258,-0.121573 0.069757 -0.990128,-0.000008 -0.000002 0.000001,0.008482,0.159765,0.160000
7.23000,0.005526 0.004236 -0.003383 0.003613 -0.009014 0.005346,0.400974 0.011551 0.261789,-0.119033 0.072309 -0.990254,-0.121573 0.069757 -0.990128,-0.000008 -0.000002 0.000001,0.008326,0.159769,0.160000
7.24000,0.005356 0.004103 -0.003263 0.003491 -0.008736 0.005182,0.400961 0.011539 0.261785,-0.119111 0.072230 -0.990250,-0.121573 0.069757 -0.990128,-0.000008 -0.000002 0.000001,0.008157,0.159774,0.160000
7.25000,0.005191 0.003973 -0.003147 0.003373 -0.008467 0.005023,0.400949 0.011527 0.261781,-0.119187 0.072154 -0.990247,-0.121573 0.069757 -0.990128,-0.000008 -0.000002 0.000001,0.007983,0.159779,0.160000
7.26000,0.005032 0.003848 -0.003036 0.003258 -0.008206 0.004868,0.400937 0.011515 0.261777,-0.119260 0.072080 -0.990243,-0.121573 0.069757 -0.990128,-0.000008 -0.000002 0.000001,0.007825,0.159783,0.160000
7.27000,0.004877 0.003726 -0.002927 0.003147 -0.007953 0.004719,0.400925 0.011504 0.261773,-0.119331 0.072009 -0.990240,-0.121573 0.069757 -0.990128,-0.000007 -0.000002 0.000001,0.007681,0.159788,0.160000
7.28000,0.004727 0.003608 -0.002823 0.003040 -0.007707 0.004574,0.400914 0.011494 0.261769,-0.119400 0.071939 -0.990236,-0.121573 0.069757 -0.990128,-0.000007 -0.000002 0.000001,0.007523,0.159792,0.160000
7.29000,0.004581 0.003494 -0.002722 0.002937 -0.007470 0.004433,0.400902 0.011483 0.261765,-0.119467 0.071872 -0.990233,-0.121573 0.069757 -0.990128,-0.000007 -0.000002 0.000001,0.007368,0.159796,0.160000
7.30000,0.004440 0.003384 -0.002625 0.002837 -0.007239 0.004297,0.400892 0.011473 0.261762,-0.119532 0.071807 -0.990230,-0.121573 0.069757 -0.990128,-0.000007 -0.000002 0.000001,0.007236,0.159800,0.160000
7.31000,0.004304 0.003276 -0.002530 0.002740 -0.007016 0.004165,0.400881 0.011463 0.261758,-0.119595 0.071744 -0.990227,-0.121573 0.069757 -0.990128,-0.000007 -0.000002 0.000001,0.007081,0.159804,0.160000
7.32000,0.004171 0.003173 -0.002439 0.002646 -0.006800 0.004037,0.400871 0.011454 0.261755,-0.119656 0.071683 -0.990224,-0.121573 0.069757 -0.990128,-0.000007 -0.000002 0.000001,0.006943,0.159808,0.160000
7.33000,0.004043 0.003072 -0.002351 0.002555 -0.006591 0.003913,0.400862 0.011445 0.261751,-0.119715 0.071623 -0.990221,-0.121573 0.069757 -0.990128,-0.000007 -0.000002 0.000001,0.006801,0.159812,0.160000
7.34000,0.003919 0.002975 -0.002266 0.002467 -0.006387 0.003793,0.400852 0.011436 0.261748,-0.119772 0.071566 -0.990219,-0.121573 0.069757 -0.990128,-0.000006 -0.000002 0.000001,0.006668,0.159816,0.160000
7.35000,0.003798 0.002881 -0.002184 0.002382 -0.006191 0.003677,0.400843 0.011427 0.261744,-0.119827 0.071510 -0.990216,-0.121573 0.069757 -0.990128,-0.000006 -0.000002 0.000001,0.006535,0.159820,0.160000
7.36000,0.003682 0.002789 -0.002105 0.002300 -0.006000 0.003564,0.400834 0.011419 0.261741,-0.119881 0.071456 -0.990213,-0.121573 0.069757 -0.990128,-0.000006 -0.000002 0.000001,0.006399,0.159824,0.160000
7.37000,0.003568 0.002701 -0.002028 0.002221 -0.005815 0.003455,0.400825 0.011411 0.261738,-0.119933 0.071404 -0.990211,-0.121573 0.069757 -0.990128,-0.000006 -0.000001 0.000001,0.006258,0.159827,0.160000
7.38000,0.003459 0.002615 -0.001954 0.002144 -0.005635 0.003348,0.400817 0.011403 0.261735,-0.119983 0.071353 -0.990208,-0.121573 0.069757 -0.990128,-0.000006 -0.000001 0.000001,0.006158,0.159831,0.160000
7.39000,0.003352 0.002532 -0.001883 0.002070 -0.005462 0.003246,0.400809 0.011395 0.261732,-0.120032 0.071304 -0.990206,-0.121573 0.069757 -0.990128,-0.000006 -0.000001 0.000001,0.006030,0.159834,0.160000
7.40000,0.003249 0.002452 -0.001813 0.001998 -0.005294 0.003146,0.400801 0.011388 0.261729,-0.120079 0.071256 -0.990204,-0.121573 0.069757 -0.990128,-0.000006 -0.000001 0.000001,0.005894,0.159838,0.160000
7.41000,0.003149 0.002374 -0.001747 0.001928 -0.005130 0.003049,0.400793 0.011381 0.261726,-0.120125 0.071210 -0.990201,-0.121573 0.069757 -0.990128,-0.000006 -0.000001 0.000001,0.005795,0.159841,0.160000
7.42000,0.003053 0.002299 -0.001682 0.001861 -0.004972 0.002956,0.400786 0.011374 0.261723,-0.120170 0.071165 -0.990199,-0.121573 0.069757 -0.990128,-0.000005 -0.000001 0.000001,0.005676,0.159844,0.160000
7.43000,0.002959 0.002226 -0.001620 0.001796 -0.004819 0.002865,0.400779 0.011367 0.261720,-0.120213 0.071122 -0.990197,-0.121573 0.069757 -0.990128,-0.000005 -0.000001 0.000001,0.005558,0.159847,0.160000
7.44000,0.002868 0.002155 -0.001560 0.001733 -0.004671 0.002777,0.400772 0.011361 0.261717,-0.120255 0.071080 -0.990195,-0.121573 0.069757 -0.990128,-0.000005 -0.000001 0.000001,0.005442,0.159850,0.160000
7.45000,0.002780 0.002086 -0.001502 0.001672 -0.004527 0.002692,0.400765 0.011355 0.261715,-0.120295 0.071039 -0.990193,-0.121573 0.069757 -0.990128,-0.000005 -0.000001 0.000001,0.005338,0.159854,0.160000
7.46000,0.002695 0.002020 -0.001446 0.001614 -0.004387 0.002609,0.400759 0.011349 0.261712,-0.120335 0.071000 -0.990191,-0.121573 0.069757 -0.990128,-0.000005 -0.000001 0.000001,0.005233,0.159857,0.160000
7.47000,0.002612 0.001956 -0.001392 0.001557 -0.004252 0.002529,0.400752 0.011343 0.261709,-0.120373 0.070962 -0.990189,-0.121573 0.069757 -0.990128,-0.000005 -0.000001 0.000001,0.005122,0.159859,0.160000
7.48000,0.002532 0.001893 -0.001339 0.001502 -0.004121 0.002452,0.400746 0.011337 0.261707,-0.120410 0.070925 -0.990187,-0.121573 0.069757 -0.990128,-0.000005 -0.000001 0.000001,0.005019,0.159862,0.160000
7.49000,0.002454 0.001833 -0.001289 0.001449 -0.003994 0.002377,0.400740 0.011331 0.261704,-0.120445 0.070889 -0.990186,-0.121573 0.069757 -0.990128,-0.000005 -0.000001 0.000000,0.004922,0.159865,0.160000
