t,qdot,p_tip,d,d_des,rcm_error,rcm_error_norm_mm,length,depth_target
0.00000,-0.010412 -0.030027 0.130471 -0.108649 0.016577 -0.010411,0.420000 0.000000 0.270000,-0.000000 0.000000 -1.000000,0.004363 0.004364 -0.999981,0.000000 0.000000 0.000000,0.000114,0.150000,0.150400
0.01000,-0.020465 -0.037998 0.138757 -0.116938 0.032662 -0.020460,0.420019 0.000020 0.269600,0.000130 0.000131 -1.000000,0.008726 0.008727 -0.999924,-0.000000 0.000000 -0.000000,0.000195,0.150400,0.150800
0.02000,-0.030173 -0.045685 0.146756 -0.124965 0.048271 -0.030159,0.420058 0.000059 0.269200,0.000388 0.000389 -1.000000,0.013088 0.013090 -0.999829,-0.000000 0.000000 -0.000000,0.000441,0.150800,0.151200
0.03000,-0.039551 -0.053096 0.154475 -0.132731 0.063424 -0.039517,0.420116 0.000116 0.268800,0.000769 0.000770 -0.999999,0.017450 0.017453 -0.999695,-0.000001 -0.000000 -0.000000,0.000742,0.151200,0.151600
0.04000,-0.048613 -0.060237 0.161925 -0.140236 0.078137 -0.048546,0.420191 0.000192 0.268400,0.001269 0.001270 -0.999998,0.021809 0.021815 -0.999524,-0.000001 -0.000000 -0.000000,0.001087,0.151600,0.152000
0.05000,-0.057370 -0.067116 0.169113 -0.147481 0.092427 -0.057255,0.420285 0.000286 0.268000,0.001885 0.001886 -0.999996,0.026168 0.026177 -0.999315,-0.000001 -0.000000 -0.000000,0.001472,0.152000,0.152400
0.06000,-0.065836 -0.073739 0.176048 -0.154468 0.106311 -0.065656,0.420397 0.000398 0.267601,0.002614 0.002615 -0.999993,0.030524 0.030539 -0.999067,-0.000002 -0.000001 -0.000000,0.001893,0.152401,0.152800
0.07000,-0.074021 -0.080113 0.182737 -0.161198 0.119804 -0.073757,0.420525 0.000527 0.267201,0.003451 0.003452 -0.999988,0.034878 0.034900 -0.998782,-0.000002 -0.000001 -0.000000,0.002347,0.152800,0.153200
0.08000,-0.081938 -0.086245 0.189189 -0.167674 0.132919 -0.081567,0.420671 0.000672 0.266802,0.004395 0.004394 -0.999981,0.039229 0.039260 -0.998459,-0.000003 -0.000001 -0.000000,0.002831,0.153200,0.153600
0.09000,-0.089596 -0.092141 0.195410 -0.173899 0.145672 -0.089097,0.420833 0.000834 0.266404,0.005440 0.005440 -0.999970,0.043578 0.043620 -0.998097,-0.000003 -0.000001 -0.000000,0.003342,0.153600,0.154000
0.10000,-0.097005 -0.097807 0.201409 -0.179875 0.158075 -0.096353,0.421011 0.001012 0.266006,0.006585 0.006584 -0.999957,0.047923 0.047979 -0.997698,-0.000003 -0.000002 -0.000000,0.003878,0.154000,0.154400
0.11000,-0.104175 -0.103250 0.207192 -0.185606 0.170140 -0.103346,0.421205 0.001206 0.265609,0.007826 0.007825 -0.999939,0.052264 0.052336 -0.997261,-0.000004 -0.000002 -0.000000,0.004436,0.154400,0.154800
0.12000,-0.111115 -0.108477 0.212765 -0.191095 0.181881 -0.110083,0.421414 0.001415 0.265213,0.009161 0.009159 -0.999916,0.056601 0.056693 -0.996786,-0.000004 -0.000003 -0.000000,0.005013,0.154800,0.155200
0.13000,-0.117832 -0.113492 0.218136 -0.196346 0.193308 -0.116573,0.421638 0.001639 0.264818,0.010586 0.010584 -0.999888,0.060934 0.061049 -0.996273,-0.000005 -0.000003 -0.000000,0.005608,0.155200,0.155600
0.14000,-0.124336 -0.118302 0.223310 -0.201362 0.204432 -0.122822,0.421877 0.001879 0.264423,0.012098 0.012097 -0.999854,0.065263 0.065404 -0.995722,-0.000005 -0.000004 -0.000000,0.006220,0.155599,0.156000
0.15000,-0.130634 -0.122912 0.228294 -0.206148 0.215264 -0.128839,0.422131 0.002132 0.264030,0.013695 0.013695 -0.999812,0.069586 0.069757 -0.995134,-0.000005 -0.000004 -0.000000,0.006845,0.155999,0.156400
0.16000,-0.129123 -0.127625 0.234376 -0.216212 0.213428 -0.126935,0.422399 0.002400 0.263638,0.015375 0.015375 -0.999764,0.073928 0.069757 -0.994821,-0.000006 -0.000005 -0.000000,0.007484,0.156399,0.156800
0.17000,-0.127672 -0.132161 0.240240 -0.225977 0.211685 -0.125061,0.422680 0.002661 0.263247,0.017134 0.017006 -0.999709,0.078268 0.069757 -0.994489,-0.000006 -0.000005 -0.000000,0.008139,0.156799,0.157200
0.18000,-0.126281 -0.136523 0.245895 -0.235453 0.210033 -0.123218,0.422976 0.002916 0.262857,0.018971 0.018587 -0.999647,0.082606 0.069757 -0.994138,-0.000007 -0.000006 -0.000000,0.008805,0.157198,0.157600
0.19000,-0.124945 -0.140717 0.251347 -0.244649 0.208467 -0.121403,0.423284 0.003165 0.262468,0.020884 0.020122 -0.999579,0.086943 0.069757 -0.993768,-0.000007 -0.000006 -0.000000,0.009482,0.157598,0.158000
0.20000,-0.123662 -0.144748 0.256603 -0.253574 0.206983 -0.119617,0.423605 0.003408 0.262080,0.022869 0.021610 -0.999505,0.091279 0.069757 -0.993379,-0.000008 -0.000006 -0.000000,0.010168,0.157998,0.158400
0.21000,-0.122431 -0.148619 0.261669 -0.262237 0.205580 -0.117859,0.423940 0.003645 0.261694,0.024924 0.023054 -0.999423,0.095612 0.069757 -0.992971,-0.000008 -0.000007 -0.000000,0.010864,0.158397,0.158800
0.22000,-0.121249 -0.152336 0.266552 -0.270646 0.204252 -0.116127,0.424286 0.003876 0.261308,0.027049 0.024455 -0.999335,0.099944 0.069757 -0.992545,-0.000009 -0.000007 -0.000000,0.011570,0.158797,0.159200
0.23000,-0.120114 -0.155903 0.271257 -0.278810 0.202998 -0.114422,0.424645 0.004102 0.260924,0.029239 0.025814 -0.999239,0.104274 0.069757 -0.992099,-0.000010 -0.000007 -0.000000,0.012286,0.159197,0.159600
0.24000,-0.116283 -0.151130 0.266173 -0.273168 0.197308 -0.110444,0.425016 0.004322 0.260541,0.031494 0.027132 -0.999136,0.104274 0.069757 -0.992099,-0.000010 -0.000008 -0.000001,0.013013,0.159596,0.160000
0.25000,-0.116475 -0.130529 0.145031 -0.167356 0.191850 -0.110513,0.425378 0.004538 0.260159,0.033682 0.028411 -0.999029,0.104274 0.069757 -0.992099,-0.000011 -0.000008 -0.000001,0.013711,0.159996,0.160000
0.26000,-0.113245 -0.126575 0.140735 -0.162019 0.186467 -0.107182,0.425718 0.004736 0.260177,0.035804 0.029652 -0.998919,0.104274 0.069757 -0.992099,-0.000011 -0.000008 -0.000001,0.013251,0.159996,0.160000
0.27000,-0.110097 -0.122741 0.136563 -0.156859 0.181222 -0.103952,0.426048 0.004929 0.260195,0.037862 0.030855 -0.998807,0.104274 0.069757 -0.992099,-0.000010 -0.000008 -0.000001,0.012813,0.159996,0.160000
0.28000,-0.107029 -0.119024 0.132513 -0.151871 0.176114 -0.100820,0.426367 0.005116 0.260213,0.039858 0.032023 -0.998692,0.104274 0.069757 -0.992099,-0.000010 -0.000008 -0.000001,0.012393,0.159995,0.160000
0.29000,-0.104038 -0.115420 0.128582 -0.147048 0.171139 -0.097783,0.426678 0.005297 0.260232,0.041795 0.033155 -0.998576,0.104274 0.069757 -0.992099,-0.000009 -0.000007 -0.000001,0.011992,0.159995,0.160000
0.30000,-0.101124 -0.111925 0.124765 -0.142384 0.166295 -0.094837,0.426978 0.005473 0.260251,0.043673 0.034254 -0.998458,0.104274 0.069757 -0.992099,-0.000009 -0.000007 -0.000001,0.011609,0.159995,0.160000
0.31000,-0.098284 -0.108537 0.121059 -0.137874 0.161579 -0.091981,0.427270 0.005644 0.260270,0.045495 0.035319 -0.998340,0.104274 0.069757 -0.992099,-0.000009 -0.000007 -0.000001,0.011242,0.159995,0.160000
0.32000,-0.095519 -0.105252 0.117463 -0.133512 0.156988 -0.089211,0.427553 0.005809 0.260289,0.047262 0.036353 -0.998221,0.104274 0.069757 -0.992099,-0.000008 -0.000007 -0.000001,0.010890,0.159995,0.160000
0.33000,-0.092825 -0.102067 0.113971 -0.129294 0.152520 -0.086525,0.427828 0.005970 0.260309,0.048976 0.037356 -0.998101,0.104274 0.069757 -0.992099,-0.000008 -0.000007 -0.000001,0.010554,0.159994,0.160000
0.34000,-0.090202 -0.098978 0.110583 -0.125214 0.148171 -0.083920,0.428094 0.006126 0.260328,0.050638 0.038328 -0.997981,0.104274 0.069757 -0.992099,-0.000008 -0.000007 -0.000001,0.010231,0.159994,0.160000
0.35000,-0.087648 -0.095984 0.107293 -0.121268 0.143938 -0.081394,0.428352 0.006277 0.260347,0.052250 0.039272 -0.997862,0.104274 0.069757 -0.992099,-0.000008 -0.000006 -0.000001,0.009922,0.159994,0.160000
0.36000,-0.085161 -0.093080 0.104101 -0.117450 0.139820 -0.078944,0.428603 0.006423 0.260367,0.053814 0.040187 -0.997742,0.104274 0.069757 -0.992099,-0.000007 -0.000006 -0.000001,0.009626,0.159994,0.160000
0.37000,-0.082740 -0.090265 0.101002 -0.113758 0.135814 -0.076568,0.428846 0.006566 0.260386,0.055331 0.041075 -0.997623,0.104274 0.069757 -0.992099,-0.000007 -0.000006 -0.000001,0.009341,0.159994,0.160000
0.38000,-0.080384 -0.087536 0.097995 -0.110185 0.131916 -0.074264,0.429081 0.006703 0.260405,0.056802 0.041936 -0.997504,0.104274 0.069757 -0.992099,-0.000007 -0.000006 -0.000001,0.009068,0.159994,0.160000
0.39000,-0.078091 -0.084889 0.095076 -0.106729 0.128125 -0.072029,0.429310 0.006837 0.260424,0.058229 0.042771 -0.997387,0.104274 0.069757 -0.992099,-0.000007 -0.000006 -0.000001,0.008806,0.159994,0.160000
0.40000,-0.075860 -0.082323 0.092244 -0.103385 0.124438 -0.069862,0.429531 0.006967 0.260442,0.059613 0.043581 -0.997270,0.104274 0.069757 -0.992099,-0.000006 -0.000006 -0.000001,0.008554,0.159994,0.160000
0.41000,-0.073689 -0.079834 0.089495 -0.100149 0.120852 -0.067761,0.429746 0.007093 0.260461,0.060956 0.044367 -0.997154,0.104274 0.069757 -0.992099,-0.000006 -0.000006 -0.000001,0.008312,0.159994,0.160000
0.42000,-0.071577 -0.077422 0.086827 -0.097018 0.117364 -0.065722,0.429955 0.007215 0.260479,0.062258 0.045129 -0.997039,0.104274 0.069757 -0.992099,-0.000006 -0.000005 -0.000001,0.008079,0.159994,0.160000
0.43000,-0.069522 -0.075082 0.084239 -0.093988 0.113973 -0.063745,0.430157 0.007333 0.260497,0.063521 0.045869 -0.996926,0.104274 0.069757 -0.992099,-0.000006 -0.000005 -0.000001,0.007855,0.159994,0.160000
0.44000,-0.067523 -0.072814 0.081727 -0.091056 0.110676 -0.061828,0.430353 0.007448 0.260515,0.064746 0.046586 -0.996814,0.104274 0.069757 -0.992099,-0.000006 -0.000005 -0.000001,0.007639,0.159994,0.160000
0.45000,-0.065580 -0.070614 0.079289 -0.088218 0.107471 -0.059969,0.430544 0.007560 0.260533,0.065934 0.047282 -0.996703,0.104274 0.069757 -0.992099,-0.000005 -0.000005 -0.000001,0.007431,0.159994,0.160000
0.46000,-0.063689 -0.068482 0.076923 -0.085471 0.104354 -0.058166,0.430728 0.007668 0.260550,0.067086 0.047957 -0.996594,0.104274 0.069757 -0.992099,-0.000005 -0.000005 -0.000001,0.007231,0.159994,0.160000
0.47000,-0.061851 -0.066414 0.074628 -0.082813 0.101325 -0.056417,0.430907 0.007773 0.260568,0.068203 0.048611 -0.996486,0.104274 0.069757 -0.992099,-0.000005 -0.000005 -0.000001,0.007038,0.159994,0.160000
0.48000,-0.060063 -0.064408 0.072400 -0.080239 0.098381 -0.054720,0.431081 0.007874 0.260585,0.069287 0.049246 -0.996380,0.104274 0.069757 -0.992099,-0.000005 -0.000005 -0.000001,0.006851,0.159994,0.160000
0.49000,-0.058325 -0.062464 0.070239 -0.077748 0.095519 -0.053075,0.431249 0.007973 0.260601,0.070339 0.049862 -0.996276,0.104274 0.069757 -0.992099,-0.000005 -0.000005 -0.000001,0.006672,0.159994,0.160000
0.50000,-0.056635 -0.060578 0.068142 -0.075337 0.092738 -0.051480,0.431412 0.008069 0.260618,0.071359 0.050459 -0.996174,0.104274 0.069757 -0.992099,-0.000005 -0.000005 -0.000001,0.006498,0.159994,0.160000
0.51000,-0.054993 -0.058750 0.066107 -0.073002 0.090035 -0.049932,0.431571 0.008161 0.260634,0.072348 0.051038 -0.996073,0.104274 0.069757 -0.992099,-0.000004 -0.000005 -0.000001,0.006331,0.159994,0.160000
0.52000,-0.053396 -0.056977 0.064132 -0.070742 0.087409 -0.048431,0.431724 0.008251 0.260650,0.073307 0.051600 -0.995974,0.104274 0.069757 -0.992099,-0.000004 -0.000004 -0.000001,0.006169,0.159994,0.160000
0.53000,-0.051844 -0.055258 0.062217 -0.068553 0.084857 -0.046976,0.431873 0.008339 0.260665,0.074237 0.052146 -0.995876,0.104274 0.069757 -0.992099,-0.000004 -0.000004 -0.000001,0.006013,0.159994,0.160000
0.54000,-0.050336 -0.053591 0.060358 -0.066434 0.082377 -0.045564,0.432018 0.008423 0.260680,0.075140 0.052674 -0.995781,0.104274 0.069757 -0.992099,-0.000004 -0.000004 -0.000001,0.005861,0.159994,0.160000
0.55000,-0.048870 -0.051975 0.058554 -0.064382 0.079968 -0.044195,0.432158 0.008505 0.260695,0.076015 0.053187 -0.995687,0.104274 0.069757 -0.992099,-0.000004 -0.000004 -0.000001,0.005715,0.159994,0.160000
0.56000,-0.047445 -0.050407 0.056804 -0.062395 0.077627 -0.042866,0.432294 0.008585 0.260710,0.076864 0.053685 -0.995595,0.104274 0.069757 -0.992099,-0.000004 -0.000004 -0.000001,0.005573,0.159994,0.160000
0.57000,-0.046061 -0.048887 0.055106 -0.060471 0.075353 -0.041578,0.432426 0.008662 0.260724,0.077688 0.054167 -0.995505,0.104274 0.069757 -0.992099,-0.000004 -0.000004 -0.000001,0.005436,0.159994,0.160000
0.58000,-0.044716 -0.047413 0.053459 -0.058608 0.073144 -0.040329,0.432554 0.008737 0.260738,0.078486 0.054635 -0.995417,0.104274 0.069757 -0.992099,-0.000004 -0.000004 -0.000000,0.005304,0.159994,0.160000
0.59000,-0.043409 -0.045984 0.051861 -0.056803 0.070998 -0.039117,0.432678 0.008810 0.260752,0.079261 0.055089 -0.995331,0.104274 0.069757 -0.992099,-0.000003 -0.000004 -0.000000,0.005175,0.159994,0.160000
0.60000,-0.042139 -0.044598 0.050310 -0.055056 0.068914 -0.037942,0.432798 0.008881 0.260766,0.080012 0.055529 -0.995246,0.104274 0.069757 -0.992099,-0.000003 -0.000004 -0.000000,0.005050,0.159995,0.160000
0.61000,-0.040905 -0.043253 0.048806 -0.053363 0.066889 -0.036802,0.432915 0.008949 0.260779,0.080741 0.055957 -0.995163,0.104274 0.069757 -0.992099,-0.000003 -0.000004 -0.000000,0.004930,0.159995,0.160000
0.62000,-0.039707 -0.041950 0.047346 -0.051723 0.064923 -0.035696,0.433028 0.009015 0.260792,0.081448 0.056371 -0.995082,0.104274 0.069757 -0.992099,-0.000003 -0.000004 -0.000000,0.004812,0.159995,0.160000
0.63000,-0.038543 -0.040686 0.045930 -0.050135 0.063013 -0.034624,0.433138 0.009080 0.260804,0.082134 0.056773 -0.995003,0.104274 0.069757 -0.992099,-0.000003 -0.000004 -0.000000,0.004699,0.159995,0.160000
0.64000,-0.037412 -0.039460 0.044556 -0.048597 0.061159 -0.033584,0.433244 0.009142 0.260817,0.082799 0.057162 -0.994926,0.104274 0.069757 -0.992099,-0.000003 -0.000003 -0.000000,0.004588,0.159995,0.160000
0.65000,-0.036313 -0.038271 0.043223 -0.047106 0.059358 -0.032575,0.433348 0.009203 0.260829,0.083444 0.057540 -0.994850,0.104274 0.069757 -0.992099,-0.000003 -0.000003 -0.000000,0.004481,0.159995,0.160000
0.66000,-0.035246 -0.037118 0.041930 -0.045663 0.057609 -0.031597,0.433448 0.009262 0.260840,0.084069 0.057907 -0.994776,0.104274 0.069757 -0.992099,-0.000003 -0.000003 -0.000000,0.004377,0.159995,0.160000
0.67000,-0.034210 -0.036000 0.040676 -0.044264 0.055910 -0.030648,0.433545 0.009319 0.260852,0.084676 0.058263 -0.994704,0.104274 0.069757 -0.992099,-0.000003 -0.000003 -0.000000,0.004276,0.159995,0.160000
0.68000,-0.033203 -0.034916 0.039459 -0.042909 0.054261 -0.029727,0.433639 0.009374 0.260863,0.085265 0.058608 -0.994633,0.104274 0.069757 -0.992099,-0.000003 -0.000003 -0.000000,0.004178,0.159995,0.160000
0.69000,-0.032226 -0.033865 0.038278 -0.041597 0.052659 -0.028834,0.433731 0.009427 0.260874,0.085835 0.058943 -0.994564,0.104274 0.069757 -0.992099,-0.000003 -0.000003 -0.000000,0.004082,0.159995,0.160000
0.70000,-0.031276 -0.032845 0.037132 -0.040325 0.051104 -0.027968,0.433819 0.009479 0.260885,0.086389 0.059267 -0.994497,0.104274 0.069757 -0.992099,-0.000003 -0.000003 -0.000000,0.003989,0.159995,0.160000
0.71000,-0.030355 -0.031856 0.036021 -0.039093 0.049594 -0.027128,0.433905 0.009530 0.260895,0.086926 0.059582 -0.994431,0.104274 0.069757 -0.992099,-0.000002 -0.000003 -0.000000,0.003899,0.159995,0.160000
0.72000,-0.029460 -0.030897 0.034943 -0.037899 0.048128 -0.026314,0.433989 0.009579 0.260905,0.087447 0.059887 -0.994367,0.104274 0.069757 -0.992099,-0.000002 -0.000003 -0.000000,0.003811,0.159995,0.160000
0.73000,-0.028590 -0.029967 0.033897 -0.036742 0.046705 -0.025523,0.434070 0.009626 0.260915,0.087952 0.060184 -0.994305,0.104274 0.069757 -0.992099,-0.000002 -0.000003 -0.000000,0.003725,0.159995,0.160000
0.74000,-0.027746 -0.029065 0.032882 -0.035621 0.045324 -0.024757,0.434148 0.009672 0.260925,0.088442 0.060471 -0.994244,0.104274 0.069757 -0.992099,-0.000002 -0.000003 -0.000000,0.003642,0.159996,0.160000
0.75000,-0.026927 -0.028191 0.031898 -0.034535 0.043982 -0.024013,0.434224 0.009717 0.260934,0.088918 0.060750 -0.994185,0.104274 0.069757 -0.992099,-0.000002 -0.000003 -0.000000,0.003561,0.159996,0.160000
0.76000,-0.026131 -0.027342 0.030943 -0.033482 0.042680 -0.023292,0.434298 0.009760 0.260944,0.089379 0.061020 -0.994127,0.104274 0.069757 -0.992099,-0.000002 -0.000003 -0.000000,0.003482,0.159996,0.160000
0.77000,-0.025358 -0.026519 0.030016 -0.032462 0.041416 -0.022593,0.434370 0.009802 0.260953,0.089826 0.061282 -0.994070,0.104274 0.069757 -0.992099,-0.000002 -0.000003 -0.000000,0.003405,0.159996,0.160000
0.78000,-0.024608 -0.025722 0.029118 -0.031474 0.040188 -0.021915,0.434439 0.009843 0.260961,0.090260 0.061537 -0.994015,0.104274 0.069757 -0.992099,-0.000002 -0.000003 -0.000000,0.003330,0.159996,0.160000
0.79000,-0.023880 -0.024948 0.028246 -0.030516 0.038997 -0.021257,0.434506 0.009883 0.260970,0.090680 0.061783 -0.993962,0.104274 0.069757 -0.992099,-0.000002 -0.000003 -0.000000,0.003257,0.159996,0.160000
0.80000,-0.023173 -0.024197 0.027400 -0.029587 0.037841 -0.020618,0.434572 0.009921 0.260978,0.091089 0.062023 -0.993909,0.104274 0.069757 -0.992099,-0.000002 -0.000002 -0.000000,0.003186,0.159996,0.160000
0.81000,-0.022487 -0.023469 0.026580 -0.028687 0.036718 -0.019999,0.434635 0.009958 0.260986,0.091484 0.062255 -0.993859,0.104274 0.069757 -0.992099,-0.000002 -0.000002 -0.000000,0.003117,0.159996,0.160000
0.82000,-0.021821 -0.022763 0.025784 -0.027815 0.035628 -0.019399,0.434697 0.009994 0.260994,0.091868 0.062480 -0.993809,0.104274 0.069757 -0.992099,-0.000002 -0.000002 -0.000000,0.003049,0.159996,0.160000
0.83000,-0.021174 -0.022079 0.025011 -0.026970 0.034571 -0.018816,0.434756 0.010029 0.261002,0.092241 0.062698 -0.993761,0.104274 0.069757 -0.992099,-0.000002 -0.000002 -0.000000,0.002983,0.159996,0.160000
0.84000,-0.020546 -0.021415 0.024262 -0.026151 0.033544 -0.018251,0.434814 0.010063 0.261009,0.092602 0.062910 -0.993714,0.104274 0.069757 -0.992099,-0.000002 -0.000002 -0.000000,0.002919,0.159996,0.160000
0.85000,-0.019937 -0.020771 0.023536 -0.025357 0.032548 -0.017703,0.434870 0.010096 0.261016,0.092952 0.063116 -0.993668,0.104274 0.069757 -0.992099,-0.000002 -0.000002 -0.000000,0.002856,0.159996,0.160000
0.86000,-0.019345 -0.020146 0.022831 -0.024587 0.031581 -0.017172,0.434925 0.010128 0.261023,0.093292 0.063315 -0.993624,0.104274 0.069757 -0.992099,-0.000002 -0.000002 -0.000000,0.002795,0.159996,0.160000
0.87000,-0.018771 -0.019541 0.022147 -0.023841 0.030642 -0.016656,0.434977 0.010159 0.261030,0.093622 0.063508 -0.993580,0.104274 0.069757 -0.992099,-0.000002 -0.000002 -0.000000,0.002735,0.159996,0.160000
0.88000,-0.018214 -0.018953 0.021483 -0.023118 0.029731 -0.016156,0.435029 0.010189 0.261037,0.093941 0.063696 -0.993538,0.104274 0.069757 -0.992099,-0.000002 -0.000002 -0.000000,0.002677,0.159997,0.160000
0.89000,-0.017673 -0.018383 0.020840 -0.022417 0.028847 -0.015671,0.435078 0.010218 0.261044,0.094252 0.063878 -0.993497,0.104274 0.069757 -0.992099,-0.000002 -0.000002 -0.000000,0.002620,0.159997,0.160000
0.90000,-0.017147 -0.017831 0.020216 -0.021737 0.027989 -0.015201,0.435126 0.010246 0.261050,0.094552 0.064054 -0.993457,0.104274 0.069757 -0.992099,-0.000002 -0.000002 -0.000000,0.002564,0.159997,0.160000
0.91000,-0.016638 -0.017295 0.019610 -0.021079 0.027156 -0.014745,0.435173 0.010274 0.261056,0.094844 0.064225 -0.993418,0.104274 0.069757 -0.992099,-0.000002 -0.000002 -0.000000,0.002510,0.159997,0.160000
0.92000,-0.016143 -0.016775 0.019023 -0.020440 0.026348 -0.014302,0.435219 0.010300 0.261062,0.095127 0.064391 -0.993380,0.104274 0.069757 -0.992099,-0.000002 -0.000002 -0.000000,0.002457,0.159997,0.160000
0.93000,-0.015663 -0.016271 0.018453 -0.019821 0.025564 -0.013873,0.435263 0.010326 0.261068,0.095402 0.064552 -0.993344,0.104274 0.069757 -0.992099,-0.000001 -0.000002 -0.000000,0.002405,0.159997,0.160000
0.94000,-0.015197 -0.015782 0.017900 -0.019221 0.024803 -0.013456,0.435305 0.010351 0.261074,0.095668 0.064708 -0.993308,0.104274 0.069757 -0.992099,-0.000001 -0.000002 -0.000000,0.002354,0.159997,0.160000
0.95000,-0.014745 -0.015307 0.017363 -0.018639 0.024064 -0.013052,0.435347 0.010376 0.261079,0.095926 0.064860 -0.993273,0.104274 0.069757 -0.992099,-0.000001 -0.000002 -0.000000,0.002305,0.159997,0.160000
0.96000,-0.014306 -0.014847 0.016843 -0.018075 0.023347 -0.012660,0.435387 0.010399 0.261084,0.096177 0.065007 -0.993239,0.104274 0.069757 -0.992099,-0.000001 -0.000002 -0.000000,0.002257,0.159997,0.160000
0.97000,-0.013880 -0.014401 0.016339 -0.017529 0.022651 -0.012280,0.435426 0.010422 0.261090,0.096420 0.065149 -0.993206,0.104274 0.069757 -0.992099,-0.000001 -0.000002 -0.000000,0.002209,0.159997,0.160000
0.98000,-0.013467 -0.013968 0.015849 -0.016998 0.021976 -0.011912,0.435463 0.010444 0.261095,0.096655 0.065287 -0.993174,0.104274 0.069757 -0.992099,-0.000001 -0.000002 -0.000000,0.002163,0.159997,0.160000
0.99000,-0.013066 -0.013549 0.015374 -0.016485 0.021321 -0.011554,0.435500 0.010466 0.261100,0.096884 0.065422 -0.993143,0.104274 0.069757 -0.992099,-0.000001 -0.000002 -0.000000,0.002118,0.159997,0.160000
1.00000,-0.012677 -0.013142 0.014913 -0.015986 0.020686 -0.011207,0.435535 0.010486 0.261104,0.097106 0.065552 -0.993113,0.104274 0.069757 -0.992099,-0.000001 -0.000002 -0.000000,0.002074,0.159997,0.160000
1.01000,-0.012299 -0.012747 0.014467 -0.015503 0.020069 -0.010871,0.435570 0.010507 0.261109,0.097321 0.065678 -0.993084,0.104274 0.069757 -0.992099,-0.000001 -0.000002 -0.000000,0.002031,0.159997,0.160000
1.02000,-0.011932 -0.012364 0.014033 -0.015035 0.019471 -0.010545,0.435603 0.010526 0.261114,0.097530 0.065800 -0.993055,0.104274 0.069757 -0.992099,-0.000001 -0.000002 -0.000000,0.001989,0.159997,0.160000
1.03000,-0.011577 -0.011992 0.013613 -0.014581 0.018890 -0.010228,0.435636 0.010545 0.261118,0.097732 0.065919 -0.993027,0.104274 0.069757 -0.992099,-0.000001 -0.000002 -0.000000,0.001948,0.159997,0.160000
1.04000,-0.011232 -0.011632 0.013205 -0.014140 0.018326 -0.009921,0.435667 0.010564 0.261122,0.097928 0.066034 -0.993000,0.104274 0.069757 -0.992099,-0.000001 -0.000002 -0.000000,0.001907,0.159998,0.160000
1.05000,-0.010897 -0.011283 0.012809 -0.013713 0.017779 -0.009623,0.435698 0.010582 0.261126,0.098119 0.066146 -0.992974,0.104274 0.069757 -0.992099,-0.000001 -0.000001 -0.000000,0.001868,0.159998,0.160000
1.06000,-0.010572 -0.010944 0.012425 -0.013299 0.017249 -0.009334,0.435727 0.010599 0.261130,0.098303 0.066254 -0.992949,0.104274 0.069757 -0.992099,-0.000001 -0.000001 -0.000000,0.001829,0.159998,0.160000
1.07000,-0.010256 -0.010615 0.012053 -0.012898 0.016734 -0.009054,0.435756 0.010616 0.261134,0.098483 0.066359 -0.992924,0.104274 0.069757 -0.992099,-0.000001 -0.000001 -0.000000,0.001792,0.159998,0.160000
1.08000,-0.009950 -0.010296 0.011692 -0.012509 0.016234 -0.008783,0.435784 0.010632 0.261138,0.098656 0.066461 -0.992900,0.104274 0.069757 -0.992099,-0.000001 -0.000001 -0.000000,0.001755,0.159998,0.160000
1.09000,-0.009653 -0.009987 0.011341 -0.012132 0.015750 -0.008519,0.435811 0.010648 0.261142,0.098825 0.066560 -0.992876,0.104274 0.069757 -0.992099,-0.000001 -0.000001 -0.000000,0.001719,0.159998,0.160000
1.10000,-0.009365 -0.009687 0.011001 -0.011766 0.015279 -0.008263,0.435837 0.010663 0.261145,0.098988 0.066656 -0.992854,0.104274 0.069757 -0.992099,-0.000001 -0.000001 -0.000000,0.001683,0.159998,0.160000
1.11000,-0.009086 -0.009396 0.010672 -0.011411 0.014823 -0.008015,0.435862 0.010678 0.261149,0.099147 0.066749 -0.992832,0.104274 0.069757 -0.992099,-0.000001 -0.000001 -0.000000,0.001649,0.159998,0.160000
1.12000,-0.008814 -0.009114 0.010352 -0.011067 0.014380 -0.007775,0.435887 0.010693 0.261152,0.099301 0.066839 -0.992810,0.104274 0.069757 -0.992099,-0.000001 -0.000001 -0.000000,0.001615,0.159998,0.160000
1.13000,-0.008551 -0.008840 0.010042 -0.010733 0.013951 -0.007541,0.435911 0.010707 0.261156,0.099450 0.066927 -0.992789,0.104274 0.069757 -0.992099,-0.000001 -0.000001 -0.000000,0.001582,0.159998,0.160000
1.14000,-0.008296 -0.008575 0.009741 -0.010410 0.013534 -0.007315,0.435934 0.010720 0.261159,0.099595 0.067012 -0.992769,0.104274 0.069757 -0.992099,-0.000001 -0.000001 -0.000000,0.001550,0.159998,0.160000
1.15000,-0.008048 -0.008317 0.009449 -0.010096 0.013130 -0.007095,0.435957 0.010734 0.261162,0.099735 0.067094 -0.992749,0.104274 0.069757 -0.992099,-0.000001 -0.000001 -0.000000,0.001518,0.159998,0.160000
1.16000,-0.007808 -0.008068 0.009165 -0.009792 0.012737 -0.006882,0.435978 0.010747 0.261165,0.099871 0.067174 -0.992730,0.104274 0.069757 -0.992099,-0.000001 -0.000001 -0.000000,0.001487,0.159998,0.160000
1.17000,-0.007574 -0.007825 0.008891 -0.009497 0.012357 -0.006676,0.435999 0.010759 0.261168,0.100003 0.067251 -0.992712,0.104274 0.069757 -0.992099,-0.000001 -0.000001 -0.000000,0.001457,0.159998,0.160000
1.18000,-0.007348 -0.007590 0.008624 -0.009211 0.011987 -0.006475,0.436020 0.010771 0.261171,0.100131 0.067327 -0.992694,0.104274 0.069757 -0.992099,-0.000001 -0.000001 -0.000000,0.001427,0.159998,0.160000
1.19000,-0.007128 -0.007362 0.008366 -0.008933 0.011629 -0.006281,0.436040 0.010783 0.261173,0.100256 0.067399 -0.992676,0.104274 0.069757 -0.992099,-0.000001 -0.000001 -0.000000,0.001398,0.159998,0.160000
1.20000,-0.006915 -0.007141 0.008115 -0.008664 0.011281 -0.006093,0.436059 0.010794 0.261176,0.100376 0.067470 -0.992659,0.104274 0.069757 -0.992099,-0.000001 -0.000001 -0.000000,0.001369,0.159998,0.160000
1.21000,-0.006709 -0.006927 0.007872 -0.008403 0.010944 -0.005910,0.436078 0.010805 0.261179,0.100493 0.067539 -0.992643,0.104274 0.069757 -0.992099,-0.000001 -0.000001 -0.000000,0.001341,0.159998,0.160000
1.22000,-0.006508 -0.006719 0.007636 -0.008150 0.010617 -0.005732,0.436096 0.010816 0.261181,0.100607 0.067605 -0.992627,0.104274 0.069757 -0.992099,-0.000001 -0.000001 -0.000000,0.001314,0.159998,0.160000
1.23000,-0.006313 -0.006517 0.007407 -0.007905 0.010299 -0.005560,0.436114 0.010826 0.261184,0.100717 0.067670 -0.992611,0.104274 0.069757 -0.992099,-0.000001 -0.000001 -0.000000,0.001287,0.159998,0.160000
1.24000,-0.006125 -0.006322 0.007185 -0.007667 0.009991 -0.005393,0.436131 0.010836 0.261186,0.100823 0.067732 -0.992596,0.104274 0.069757 -0.992099,-0.000001 -0.000001 -0.000000,0.001261,0.159998,0.160000
1.25000,-0.005941 -0.006132 0.006970 -0.007436 0.009692 -0.005232,0.436147 0.010846 0.261188,0.100927 0.067793 -0.992581,0.104274 0.069757 -0.992099,-0.000001 -0.000001 -0.000000,0.001236,0.159998,0.160000
1.26000,-0.005764 -0.005948 0.006761 -0.007213 0.009403 -0.005075,0.436163 0.010855 0.261191,0.101027 0.067852 -0.992567,0.104274 0.069757 -0.992099,-0.000001 -0.000001 -0.000000,0.001211,0.159998,0.160000
1.27000,-0.005591 -0.005769 0.006558 -0.006996 0.009121 -0.004922,0.436179 0.010864 0.261193,0.101125 0.067909 -0.992553,0.104274 0.069757 -0.992099,-0.000001 -0.000001 -0.000000,0.001186,0.159998,0.160000
1.28000,-0.005424 -0.005596 0.006362 -0.006785 0.008848 -0.004775,0.436194 0.010873 0.261195,0.101219 0.067965 -0.992540,0.104274 0.069757 -0.992099,-0.000001 -0.000001 -0.000000,0.001162,0.159999,0.160000
1.29000,-0.005262 -0.005428 0.006171 -0.006581 0.008584 -0.004631,0.436209 0.010882 0.261197,0.101311 0.068018 -0.992527,0.104274 0.069757 -0.992099,-0.000001 -0.000001 -0.000000,0.001139,0.159999,0.160000
1.30000,-0.005104 -0.005265 0.005986 -0.006383 0.008327 -0.004492,0.436223 0.010890 0.261199,0.101400 0.068071 -0.992514,0.104274 0.069757 -0.992099,-0.000001 -0.000001 -0.000000,0.001115,0.159999,0.160000
1.31000,-0.004952 -0.005107 0.005806 -0.006191 0.008078 -0.004357,0.436237 0.010898 0.261201,0.101486 0.068121 -0.992502,0.104274 0.069757 -0.992099,-0.000001 -0.000001 -0.000000,0.001093,0.159999,0.160000
1.32000,-0.004803 -0.004954 0.005632 -0.006005 0.007836 -0.004227,0.436250 0.010906 0.261203,0.101570 0.068170 -0.992490,0.104274 0.069757 -0.992099,-0.000001 -0.000001 -0.000000,0.001071,0.159999,0.160000
1.33000,-0.004660 -0.004805 0.005464 -0.005824 0.007601 -0.004100,0.436263 0.010914 0.261205,0.101651 0.068218 -0.992478,0.104274 0.069757 -0.992099,-0.000001 -0.000001 -0.000000,0.001049,0.159999,0.160000
1.34000,-0.004520 -0.004661 0.005300 -0.005649 0.007374 -0.003977,0.436276 0.010921 0.261206,0.101729 0.068264 -0.992467,0.104274 0.069757 -0.992099,-0.000001 -0.000001 -0.000000,0.001028,0.159999,0.160000
1.35000,-0.004385 -0.004521 0.005141 -0.005479 0.007153 -0.003857,0.436288 0.010929 0.261208,0.101806 0.068309 -0.992456,0.104274 0.069757 -0.992099,-0.000001 -0.000001 -0.000000,0.001007,0.159999,0.160000
1.36000,-0.004254 -0.004385 0.004987 -0.005315 0.006939 -0.003742,0.436300 0.010935 0.261210,0.101880 0.068352 -0.992446,0.104274 0.069757 -0.992099,-0.000001 -0.000001 -0.000000,0.000987,0.159999,0.160000
1.37000,-0.004126 -0.004254 0.004837 -0.005155 0.006731 -0.003629,0.436312 0.010942 0.261211,0.101951 0.068394 -0.992435,0.104274 0.069757 -0.992099,-0.000001 -0.000001 -0.000000,0.000967,0.159999,0.160000
1.38000,-0.004003 -0.004126 0.004692 -0.005000 0.006530 -0.003520,0.436323 0.010949 0.261213,0.102021 0.068435 -0.992425,0.104274 0.069757 -0.992099,-0.000001 -0.000001 -0.000000,0.000947,0.159999,0.160000
1.39000,-0.003883 -0.004002 0.004552 -0.004850 0.006334 -0.003415,0.436334 0.010955 0.261214,0.102089 0.068475 -0.992416,0.104274 0.069757 -0.992099,-0.000001 -0.000001 -0.000000,0.000928,0.159999,0.160000
1.40000,-0.003767 -0.003882 0.004415 -0.004704 0.006145 -0.003312,0.436344 0.010961 0.261216,0.102154 0.068513 -0.992406,0.104274 0.069757 -0.992099,-0.000001 -0.000001 -0.000000,0.000910,0.159999,0.160000
1.41000,-0.003654 -0.003766 0.004283 -0.004563 0.005961 -0.003213,0.436354 0.010967 0.261217,0.102218 0.068551 -0.992397,0.104274 0.069757 -0.992099,-0.000001 -0.000001 -0.000000,0.000891,0.159999,0.160000
1.42000,-0.003544 -0.003652 0.004155 -0.004426 0.005782 -0.003116,0.436364 0.010973 0.261219,0.102280 0.068587 -0.992388,0.104274 0.069757 -0.992099,-0.000001 -0.000001 -0.000000,0.000873,0.159999,0.160000
1.43000,-0.003438 -0.003543 0.004030 -0.004293 0.005609 -0.003023,0.436374 0.010979 0.261220,0.102339 0.068622 -0.992380,0.104274 0.069757 -0.992099,-0.000001 -0.000001 -0.000000,0.000856,0.159999,0.160000
1.44000,-0.003335 -0.003437 0.003909 -0.004164 0.005441 -0.002932,0.436383 0.010984 0.261221,0.102397 0.068656 -0.992371,0.104274 0.069757 -0.992099,-0.000000 -0.000001 -0.000000,0.000839,0.159999,0.160000
1.45000,-0.003235 -0.003333 0.003792 -0.004039 0.005278 -0.002844,0.436392 0.010990 0.261223,0.102454 0.068689 -0.992363,0.104274 0.069757 -0.992099,-0.000000 -0.000001 -0.000000,0.000822,0.159999,0.160000
1.46000,-0.003138 -0.003233 0.003678 -0.003917 0.005120 -0.002759,0.436401 0.010995 0.261224,0.102508 0.068721 -0.992356,0.104274 0.069757 -0.992099,-0.000000 -0.000001 -0.000000,0.000805,0.159999,0.160000
1.47000,-0.003044 -0.003136 0.003568 -0.003800 0.004967 -0.002676,0.436409 0.011000 0.261225,0.102561 0.068752 -0.992348,0.104274 0.069757 -0.992099,-0.000000 -0.000001 -0.000000,0.000789,0.159999,0.160000
1.48000,-0.002953 -0.003042 0.003461 -0.003686 0.004818 -0.002596,0.436417 0.011004 0.261226,0.102613 0.068782 -0.992340,0.104274 0.069757 -0.992099,-0.000000 -0.000001 -0.000000,0.000773,0.159999,0.160000
1.49000,-0.002865 -0.002951 0.003357 -0.003575 0.004674 -0.002518,0.436425 0.011009 0.261227,0.102662 0.068811 -0.992333,0.104274 0.069757 -0.992099,-0.000000 -0.000001 -0.000000,0.000757,0.159999,0.160000
1.50000,0.019168 -0.004027 0.104721 -0.098817 -0.014040 0.018827,0.436433 0.011014 0.261229,0.102711 0.068840 -0.992326,0.099973 0.065404 -0.992838,-0.000000 -0.000001 -0.000000,0.000742,0.159999,0.160400
1.51000,0.029802 0.003612 0.096361 -0.092100 -0.031443 0.028765,0.436461 0.011025 0.260829,0.102628 0.068737 -0.992342,0.095667 0.061049 -0.993540,-0.000001 -0.000000 -0.000000,0.000744,0.160399,0.160800
1.52000,0.040052 0.010994 0.088277 -0.085548 -0.048310 0.038343,0.436468 0.011015 0.260426,0.102420 0.068506 -0.992380,0.091354 0.056693 -0.994203,-0.000001 -0.000000 -0.000000,0.000714,0.160799,0.161200
1.53000,0.049928 0.018128 0.080462 -0.079148 -0.064654 0.047570,0.436456 0.010986 0.260020,0.102088 0.068152 -0.992438,0.087036 0.052336 -0.994829,-0.000001 -0.000000 -0.000000,0.000669,0.161199,0.161600
1.54000,0.059437 0.025022 0.072908 -0.072889 -0.080486 0.056458,0.436424 0.010937 0.259610,0.101637 0.067678 -0.992517,0.082713 0.047979 -0.995418,-0.000001 0.000000 -0.000000,0.000657,0.161599,0.162000
1.55000,0.068588 0.031685 0.065608 -0.066762 -0.095818 0.065017,0.436373 0.010869 0.259197,0.101071 0.067088 -0.992615,0.078384 0.043620 -0.995968,-0.000000 0.000001 -0.000000,0.000748,0.161999,0.162400
1.56000,0.077391 0.038125 0.058555 -0.060758 -0.110661 0.073258,0.436303 0.010782 0.258781,0.100393 0.066385 -0.992731,0.074051 0.039260 -0.996481,-0.000000 0.000001 0.000000,0.000979,0.162399,0.162800
1.57000,0.085854 0.044349 0.051741 -0.054867 -0.125028 0.081189,0.436216 0.010676 0.258363,0.099605 0.065572 -0.992864,0.069714 0.034900 -0.996956,-0.000000 0.000001 0.000000,0.001337,0.162799,0.163200
1.58000,0.093986 0.050364 0.045160 -0.049083 -0.138930 0.088822,0.436110 0.010553 0.257941,0.098712 0.064653 -0.993014,0.065372 0.030539 -0.997394,0.000000 0.000002 0.000000,0.001797,0.163199,0.163600
1.59000,0.101795 0.056178 0.038806 -0.043399 -0.152378 0.096166,0.435987 0.010412 0.257518,0.097716 0.063631 -0.993178,0.061027 0.026177 -0.997793,0.000001 0.000002 0.000000,0.002343,0.163599,0.164000
1.60000,0.109290 0.061798 0.032672 -0.037809 -0.165385 0.103230,0.435847 0.010254 0.257091,0.096620 0.062509 -0.993356,0.056679 0.021815 -0.998154,0.000001 0.000003 0.000000,0.002967,0.163998,0.164400
1.61000,0.116480 0.067229 0.026752 -0.032306 -0.177960 0.110024,0.435690 0.010079 0.256663,0.095428 0.061291 -0.993548,0.052328 0.017453 -0.998477,0.000002 0.000003 0.000000,0.003662,0.164398,0.164800
1.62000,0.123372 0.072478 0.021040 -0.026886 -0.190115 0.116557,0.435517 0.009888 0.256232,0.094142 0.059978 -0.993750,0.047974 0.013090 -0.998763,0.000002 0.000004 0.000000,0.004424,0.164798,0.165200
1.63000,0.129975 0.077550 0.015530 -0.021545 -0.201861 0.122837,0.435327 0.009681 0.255800,0.092765 0.058574 -0.993964,0.043618 0.008727 -0.999010,0.000003 0.000004 0.000001,0.005249,0.165198,0.165600
1.64000,0.136298 0.082453 0.010217 -0.016278 -0.213209 0.128875,0.435122 0.009458 0.255366,0.091299 0.057081 -0.994186,0.039259 0.004364 -0.999220,0.000003 0.000005 0.000001,0.006135,0.165597,0.166000
1.65000,0.142347 0.087190 0.005095 -0.011081 -0.224168 0.134677,0.434902 0.009219 0.254931,0.089747 0.055503 -0.994417,0.034899 0.000000 -0.999391,0.000004 0.000006 0.000001,0.007078,0.165997,0.166400
1.66000,0.148131 0.091767 0.000158 -0.005952 -0.234751 0.140252,0.434666 0.008965 0.254494,0.088112 0.053841 -0.994654,0.030538 -0.004363 -0.999524,0.000005 0.000006 0.000001,0.008076,0.166396,0.166800
1.67000,0.153658 0.096190 -0.004598 -0.000887 -0.244966 0.145609,0.434416 0.008697 0.254056,0.086397 0.052098 -0.994898,0.026176 -0.008726 -0.999619,0.000006 0.000007 0.000001,0.009127,0.166796,0.167200
1.68000,0.158934 0.100463 -0.009178 0.004116 -0.254824 0.150755,0.434152 0.008414 0.253617,0.084602 0.050276 -0.995146,0.021813 -0.013089 -0.999676,0.000007 0.000008 0.000001,0.010227,0.167195,0.167600
1.69000,0.163968 0.104590 -0.013587 0.009059 -0.264334 0.155698,0.433873 0.008117 0.253178,0.082731 0.048379 -0.995397,0.017450 -0.017452 -0.999695,0.000007 0.000009 0.000001,0.011375,0.167595,0.168000
1.70000,0.168766 0.108576 -0.017830 0.013944 -0.273507 0.160446,0.433580 0.007805 0.252738,0.080787 0.046407 -0.995650,0.013086 -0.021814 -0.999676,0.000008 0.000009 0.000001,0.012567,0.167994,0.168400
1.71000,0.173336 0.112425 -0.021912 0.018774 -0.282351 0.165005,0.433274 0.007481 0.252297,0.078770 0.044364 -0.995905,0.008723 -0.026177 -0.999619,0.000009 0.000010 0.000001,0.013801,0.168393,0.168800
1.72000,0.177684 0.116142 -0.025837 0.023550 -0.290876 0.169383,0.432954 0.007142 0.251857,0.076684 0.042251 -0.996160,0.004361 -0.030538 -0.999524,0.000010 0.000011 0.000001,0.015075,0.168793,0.169200
1.73000,0.181817 0.119730 -0.029608 0.028272 -0.299090 0.173586,0.432621 0.006791 0.251416,0.074530 0.040071 -0.996413,-0.000000 -0.034899 -0.999391,0.000012 0.000012 0.000001,0.016387,0.169192,0.169600
1.74000,0.185742 0.123193 -0.033231 0.032942 -0.307003 0.177622,0.432276 0.006427 0.250976,0.072311 0.037825 -0.996665,-0.004360 -0.039259 -0.999220,0.000013 0.000012 0.000001,0.017733,0.169591,0.170000
1.75000,0.189465 0.126535 -0.036709 0.037562 -0.314623 0.181497,0.431918 0.006050 0.250536,0.070027 0.035515 -0.996913,-0.008718 -0.043619 -0.999010,0.000014 0.000013 0.000001,0.019111,0.169990,0.170400
1.76000,0.192992 0.129758 -0.040047 0.042132 -0.321958 0.185216,0.431547 0.005661 0.250097,0.067683 0.033144 -0.997156,-0.013075 -0.047978 -0.998763,0.000015 0.000014 0.000001,0.020520,0.170389,0.170800
1.77000,0.196330 0.132868 -0.043248 0.046652 -0.329017 0.188787,0.431165 0.005260 0.249659,0.065278 0.030713 -0.997394,-0.017429 -0.052336 -0.998477,0.000016 0.000015 0.000002,0.021957,0.170788,0.171200
1.78000,0.199484 0.135866 -0.046315 0.051123 -0.335808 0.192214,0.430770 0.004847 0.249221,0.062815 0.028223 -0.997626,-0.021780 -0.056692 -0.998154,0.000017 0.000016 0.000002,0.023419,0.171187,0.171600
1.79000,0.202460 0.138757 -0.049252 0.055546 -0.342339 0.195504,0.430364 0.004422 0.248785,0.060295 0.025677 -0.997850,-0.026128 -0.061048 -0.997793,0.000019 0.000016 0.000002,0.024905,0.171586,0.172000
1.80000,0.205264 0.141542 -0.052064 0.059922 -0.348616 0.198662,0.429947 0.003986 0.248350,0.057721 0.023077 -0.998066,-0.030473 -0.065403 -0.997394,0.000020 0.000017 0.000002,0.026412,0.171984,0.172400
1.81000,0.207902 0.144225 -0.054752 0.064250 -0.354649 0.201694,0.429519 0.003539 0.247916,0.055094 0.020423 -0.998272,-0.034815 -0.069756 -0.996956,0.000021 0.000018 0.000002,0.027938,0.172383,0.172800
1.82000,0.210378 0.146809 -0.057321 0.068530 -0.360443 0.204604,0.429079 0.003080 0.247484,0.052416 0.017717 -0.998468,-0.039152 -0.074108 -0.996481,0.000023 0.000019 0.000002,0.029482,0.172782,0.173200
1.83000,0.212698 0.149296 -0.059774 0.072764 -0.366007 0.207398,0.428629 0.002611 0.247054,0.049688 0.014962 -0.998653,-0.043485 -0.078459 -0.995969,0.000024 0.000020 0.000001,0.031040,0.173180,0.173600
1.84000,0.214868 0.151689 -0.062113 0.076950 -0.371346 0.210079,0.428168 0.002131 0.246626,0.046912 0.012158 -0.998825,-0.047814 -0.082808 -0.995418,0.000025 0.000021 0.000001,0.032612,0.173579,0.174000
1.85000,0.216891 0.153990 -0.064343 0.081090 -0.376469 0.212654,0.427697 0.001641 0.246200,0.044089 0.009307 -0.998984,-0.052137 -0.087155 -0.994829,0.000027 0.000021 0.000001,0.034196,0.173978,0.174400
1.86000,0.211648 0.156425 -0.067758 0.090793 -0.368855 0.207919,0.427216 0.001140 0.245777,0.041221 0.006410 -0.999130,-0.056477 -0.087155 -0.994593,0.000028 0.000022 0.000001,0.035789,0.174376,0.174800
1.87000,0.206541 0.158742 -0.071038 0.100163 -0.361423 0.203371,0.426724 0.000652 0.245356,0.038307 0.003599 -0.999260,-0.060816 -0.087155 -0.994337,0.000029 0.000023 0.000001,0.037306,0.174775,0.175200
1.88000,0.201566 0.160947 -0.074187 0.109214 -0.354171 0.199003,0.426223 0.000177 0.244937,0.035349 0.000872 -0.999375,-0.065154 -0.087155 -0.994062,0.000031 0.000024 0.000001,0.038749,0.175173,0.175600
1.89000,0.196721 0.163043 -0.077209 0.117954 -0.347095 0.194807,0.425711 -0.000287 0.244521,0.032349 -0.001774 -0.999475,-0.069491 -0.087155 -0.993768,0.000032 0.000024 0.000001,0.040122,0.175572,0.176000
1.90000,0.192004 0.165037 -0.080108 0.126396 -0.340194 0.190776,0.425190 -0.000739 0.244108,0.029308 -0.004342 -0.999561,-0.073827 -0.087155 -0.993455,0.000033 0.000025 0.000001,0.041428,0.175970,0.176400
1.91000,0.187412 0.166932 -0.082888 0.134549 -0.333465 0.186905,0.424660 -0.001179 0.243696,0.026227 -0.006833 -0.999633,-0.078161 -0.087155 -0.993124,0.000034 0.000026 0.000001,0.042669,0.176369,0.176800
1.92000,0.182943 0.168733 -0.085552 0.142424 -0.326904 0.183187,0.424120 -0.001609 0.243288,0.023107 -0.009249 -0.999690,-0.082493 -0.087155 -0.992773,0.000035 0.000026 0.000001,0.043849,0.176768,0.177200
1.93000,0.178593 0.170443 -0.088104 0.150029 -0.320508 0.179616,0.423570 -0.002027 0.242881,0.019949 -0.011594 -0.999734,-0.086824 -0.087155 -0.992404,0.000036 0.000027 0.000000,0.044971,0.177166,0.177600
1.94000,0.174360 0.172067 -0.090548 0.157374 -0.314276 0.176186,0.423012 -0.002435 0.242477,0.016756 -0.013869 -0.999763,-0.091154 -0.087155 -0.992016,0.000037 0.000027 0.000000,0.046035,0.177565,0.178000
1.95000,0.170241 0.173608 -0.092886 0.164468 -0.308203 0.172891,0.422445 -0.002833 0.242075,0.013527 -0.016077 -0.999779,-0.095481 -0.087155 -0.991608,0.000038 0.000028 0.000000,0.047046,0.177964,0.178400
1.96000,0.166234 0.175070 -0.095122 0.171320 -0.302286 0.169727,0.421870 -0.003221 0.241676,0.010264 -0.018218 -0.999781,-0.099807 -0.087155 -0.991182,0.000039 0.000028 -0.000000,0.048005,0.178363,0.178800
1.97000,0.162336 0.176456 -0.097259 0.177937 -0.296523 0.166688,0.421286 -0.003600 0.241279,0.006969 -0.020296 -0.999770,-0.104131 -0.087155 -0.990737,0.000040 0.000028 -0.000000,0.048915,0.178761,0.179200
1.98000,0.156305 0.170311 -0.090354 0.170477 -0.286860 0.161283,0.420693 -0.003969 0.240885,0.003641 -0.022312 -0.999744,-0.104131 -0.087155 -0.990737,0.000041 0.000029 -0.000000,0.049777,0.179160,0.179600
1.99000,0.150500 0.164350 -0.083668 0.163183 -0.277533 0.156041,0.420115 -0.004328 0.240493,0.000413 -0.024267 -0.999705,-0.104131 -0.087155 -0.990737,0.000041 0.000029 -0.000001,0.050548,0.179559,0.180000
2.00000,0.147485 0.173430 -0.191705 0.255750 -0.268544 0.153532,0.419553 -0.004679 0.240104,-0.002720 -0.026164 -0.999654,-0.104131 -0.087155 -0.990737,0.000042 0.000029 -0.000001,0.051233,0.179958,0.180000
2.01000,0.142625 0.168364 -0.185891 0.248728 -0.259843 0.149125,0.419005 -0.005011 0.240115,-0.005759 -0.028003 -0.999591,-0.104131 -0.087155 -0.990737,0.000042 0.000029 -0.000001,0.050511,0.179958,0.180000
2.02000,0.137936 0.163440 -0.180254 0.241875 -0.251440 0.144838,0.418474 -0.005332 0.240128,-0.008708 -0.029787 -0.999518,-0.104131 -0.087155 -0.990737,0.000041 0.000028 -0.000001,0.049785,0.179958,0.180000
2.03000,0.133411 0.158655 -0.174787 0.235189 -0.243323 0.140668,0.417958 -0.005644 0.240142,-0.011569 -0.031517 -0.999436,-0.104131 -0.087155 -0.990737,0.000040 0.000028 -0.000001,0.049056,0.179958,0.180000
2.04000,0.129043 0.154004 -0.169485 0.228667 -0.235481 0.136613,0.417458 -0.005947 0.240159,-0.014345 -0.033195 -0.999346,-0.104131 -0.087155 -0.990737,0.000040 0.000027 -0.000001,0.048326,0.179958,0.180000
2.05000,0.124827 0.149486 -0.164345 0.222307 -0.227906 0.132670,0.416973 -0.006240 0.240176,-0.017038 -0.034823 -0.999248,-0.104131 -0.087155 -0.990737,0.000039 0.000027 -0.000002,0.047596,0.179958,0.180000
2.06000,0.120757 0.145095 -0.159360 0.216107 -0.220587 0.128835,0.416503 -0.006525 0.240194,-0.019651 -0.036401 -0.999144,-0.104131 -0.087155 -0.990737,0.000039 0.000026 -0.000002,0.046866,0.179958,0.180000
2.07000,0.116827 0.140830 -0.154527 0.210062 -0.213515 0.125107,0.416046 -0.006801 0.240214,-0.022186 -0.037932 -0.999034,-0.104131 -0.087155 -0.990737,0.000038 0.000026 -0.000002,0.046137,0.179958,0.180000
2.08000,0.113033 0.136686 -0.149841 0.204172 -0.206681 0.121483,0.415603 -0.007068 0.240234,-0.024645 -0.039417 -0.998919,-0.104131 -0.087155 -0.990737,0.000038 0.000025 -0.000002,0.045410,0.179958,0.180000
2.09000,0.109370 0.132660 -0.145297 0.198432 -0.200076 0.117959,0.415173 -0.007328 0.240256,-0.027030 -0.040856 -0.998799,-0.104131 -0.087155 -0.990737,0.000037 0.000025 -0.000002,0.044686,0.179958,0.180000
2.10000,0.105831 0.128750 -0.140891 0.192840 -0.193692 0.114534,0.414756 -0.007580 0.240277,-0.029344 -0.042253 -0.998676,-0.104131 -0.087155 -0.990737,0.000037 0.000024 -0.000002,0.043966,0.179959,0.180000
2.11000,0.102414 0.124953 -0.136619 0.187393 -0.187522 0.111205,0.414351 -0.007824 0.240300,-0.031589 -0.043607 -0.998549,-0.104131 -0.087155 -0.990737,0.000036 0.000024 -0.000002,0.043249,0.179959,0.180000
2.12000,0.099113 0.121264 -0.132477 0.182088 -0.181558 0.107969,0.413959 -0.008061 0.240323,-0.033767 -0.044920 -0.998420,-0.104131 -0.087155 -0.990737,0.000036 0.000023 -0.000002,0.042537,0.179959,0.180000
2.13000,0.095924 0.117682 -0.128461 0.176922 -0.175792 0.104825,0.413578 -0.008290 0.240346,-0.035879 -0.046194 -0.998288,-0.104131 -0.087155 -0.990737,0.000035 0.000023 -0.000002,0.041830,0.179960,0.180000
2.14000,0.092844 0.114204 -0.124567 0.171893 -0.170217 0.101769,0.413209 -0.008513 0.240370,-0.037928 -0.047429 -0.998154,-0.104131 -0.087155 -0.990737,0.000034 0.000022 -0.000002,0.041128,0.179960,0.180000
2.15000,0.089867 0.110826 -0.120791 0.166997 -0.164826 0.098799,0.412851 -0.008729 0.240394,-0.039916 -0.048626 -0.998019,-0.104131 -0.087155 -0.990737,0.000034 0.000022 -0.000002,0.040432,0.179960,0.180000
2.16000,0.086991 0.107546 -0.117131 0.162232 -0.159614 0.095913,0.412503 -0.008938 0.240418,-0.041844 -0.049788 -0.997883,-0.104131 -0.087155 -0.990737,0.000033 0.000021 -0.000002,0.039743,0.179961,0.180000
2.17000,0.084211 0.104361 -0.113581 0.157594 -0.154574 0.093109,0.412166 -0.009142 0.240442,-0.043715 -0.050914 -0.997746,-0.104131 -0.087155 -0.990737,0.000033 0.000021 -0.000003,0.039060,0.179961,0.180000
2.18000,0.081525 0.101269 -0.110140 0.153082 -0.149699 0.090385,0.411839 -0.009339 0.240466,-0.045529 -0.052007 -0.997608,-0.104131 -0.087155 -0.990737,0.000032 0.000021 -0.000003,0.038384,0.179962,0.180000
2.19000,0.078928 0.098267 -0.106803 0.148691 -0.144984 0.087739,0.411522 -0.009530 0.240491,-0.047289 -0.053066 -0.997471,-0.104131 -0.087155 -0.990737,0.000032 0.000020 -0.000003,0.037715,0.179962,0.180000
2.20000,0.076418 0.095353 -0.103568 0.144419 -0.140424 0.085168,0.411214 -0.009715 0.240515,-0.048996 -0.054094 -0.997333,-0.104131 -0.087155 -0.990737,0.000031 0.000020 -0.000003,0.037054,0.179962,0.180000
2.21000,0.073991 0.092523 -0.100432 0.140264 -0.136013 0.082670,0.410915 -0.009895 0.240539,-0.050652 -0.055090 -0.997196,-0.104131 -0.087155 -0.990737,0.000031 0.000019 -0.000003,0.036400,0.179963,0.180000
2.22000,0.071645 0.089776 -0.097390 0.136222 -0.131745 0.080244,0.410626 -0.010069 0.240563,-0.052258 -0.056056 -0.997059,-0.104131 -0.087155 -0.990737,0.000030 0.000019 -0.000003,0.035754,0.179963,0.180000
2.23000,0.069377 0.087110 -0.094441 0.132291 -0.127617 0.077887,0.410345 -0.010238 0.240587,-0.053816 -0.056993 -0.996923,-0.104131 -0.087155 -0.990737,0.000030 0.000019 -0.000003,0.035116,0.179964,0.180000
2.24000,0.067184 0.084521 -0.091582 0.128469 -0.123622 0.075598,0.410072 -0.010402 0.240611,-0.055327 -0.057902 -0.996788,-0.104131 -0.087155 -0.990737,0.000029 0.000018 -0.000003,0.034487,0.179964,0.180000
2.25000,0.065063 0.082009 -0.088810 0.124752 -0.119757 0.073375,0.409808 -0.010561 0.240635,-0.056793 -0.058783 -0.996654,-0.104131 -0.087155 -0.990737,0.000029 0.000018 -0.000003,0.033865,0.179965,0.180000
2.26000,0.063011 0.079570 -0.086122 0.121138 -0.116017 0.071215,0.409552 -0.010715 0.240658,-0.058214 -0.059638 -0.996521,-0.104131 -0.087155 -0.990737,0.000028 0.000018 -0.000003,0.033252,0.179965,0.180000
2.27000,0.061027 0.077203 -0.083516 0.117624 -0.112398 0.069118,0.409303 -0.010865 0.240681,-0.059593 -0.060467 -0.996390,-0.104131 -0.087155 -0.990737,0.000028 0.000017 -0.000003,0.032647,0.179966,0.180000
2.28000,0.059108 0.074906 -0.080989 0.114209 -0.108896 0.067082,0.409062 -0.011010 0.240704,-0.060931 -0.061271 -0.996260,-0.104131 -0.087155 -0.990737,0.000027 0.000017 -0.000003,0.032051,0.179966,0.180000
2.29000,0.057252 0.072676 -0.078539 0.110889 -0.105506 0.065104,0.408828 -0.011151 0.240727,-0.062228 -0.062050 -0.996131,-0.104131 -0.087155 -0.990737,0.000027 0.000016 -0.000003,0.031463,0.179967,0.180000
2.30000,0.055456 0.070512 -0.076163 0.107662 -0.102225 0.063183,0.408601 -0.011287 0.240749,-0.063487 -0.062806 -0.996004,-0.104131 -0.087155 -0.990737,0.000026 0.000016 -0.000003,0.030884,0.179967,0.180000
2.31000,0.053718 0.068411 -0.073859 0.104525 -0.099049 0.061319,0.408380 -0.011419 0.240771,-0.064708 -0.063539 -0.995879,-0.104131 -0.087155 -0.990737,0.000026 0.000016 -0.000003,0.030313,0.179968,0.180000
2.32000,0.052037 0.066373 -0.071626 0.101477 -0.095975 0.059508,0.408167 -0.011548 0.240793,-0.065892 -0.064251 -0.995756,-0.104131 -0.087155 -0.990737,0.000025 0.000016 -0.000003,0.029751,0.179968,0.180000
2.33000,0.050411 0.064394 -0.069460 0.098515 -0.092999 0.057750,0.407960 -0.011672 0.240814,-0.067040 -0.064940 -0.995635,-0.104131 -0.087155 -0.990737,0.000025 0.000015 -0.000003,0.029198,0.179969,0.180000
2.34000,0.048837 0.062474 -0.067360 0.095637 -0.090118 0.056042,0.407759 -0.011793 0.240835,-0.068154 -0.065609 -0.995515,-0.104131 -0.087155 -0.990737,0.000024 0.000015 -0.000003,0.028653,0.179969,0.180000
2.35000,0.047313 0.060611 -0.065324 0.092840 -0.087329 0.054385,0.407564 -0.011910 0.240856,-0.069235 -0.066257 -0.995398,-0.104131 -0.087155 -0.990737,0.000024 0.000015 -0.000003,0.028117,0.179970,0.180000
2.36000,0.045839 0.058803 -0.063349 0.090123 -0.084628 0.052776,0.407375 -0.012023 0.240876,-0.070283 -0.066886 -0.995282,-0.104131 -0.087155 -0.990737,0.000023 0.000014 -0.000003,0.027589,0.179970,0.180000
2.37000,0.044412 0.057049 -0.061435 0.087483 -0.082013 0.051213,0.407191 -0.012133 0.240896,-0.071299 -0.067496 -0.995169,-0.104131 -0.087155 -0.990737,0.000023 0.000014 -0.000003,0.027070,0.179971,0.180000
2.38000,0.043031 0.055346 -0.059578 0.084918 -0.079482 0.049697,0.407013 -0.012240 0.240916,-0.072285 -0.068088 -0.995057,-0.104131 -0.087155 -0.990737,0.000023 0.000014 -0.000003,0.026559,0.179971,0.180000
2.39000,0.041695 0.053694 -0.057778 0.082427 -0.077030 0.048224,0.406841 -0.012344 0.240935,-0.073241 -0.068662 -0.994948,-0.104131 -0.087155 -0.990737,0.000022 0.000013 -0.000003,0.026056,0.179972,0.180000
2.40000,0.040401 0.052091 -0.056032 0.080007 -0.074656 0.046795,0.406673 -0.012444 0.240954,-0.074169 -0.069218 -0.994841,-0.104131 -0.087155 -0.990737,0.000022 0.000013 -0.000003,0.025562,0.179972,0.180000
2.41000,0.039148 0.050535 -0.054340 0.077656 -0.072356 0.045407,0.406511 -0.012542 0.240972,-0.075069 -0.069758 -0.994735,-0.104131 -0.087155 -0.990737,0.000021 0.000013 -0.000003,0.025076,0.179972,0.180000
2.42000,0.037935 0.049026 -0.052699 0.075373 -0.070130 0.044061,0.406354 -0.012636 0.240991,-0.075942 -0.070281 -0.994632,-0.104131 -0.087155 -0.990737,0.000021 0.000013 -0.000002,0.024599,0.179973,0.180000
2.43000,0.036761 0.047561 -0.051107 0.073155 -0.067973 0.042753,0.406201 -0.012728 0.241008,-0.076788 -0.070789 -0.994531,-0.104131 -0.087155 -0.990737,0.000021 0.000012 -0.000002,0.024129,0.179973,0.180000
2.44000,0.035624 0.046140 -0.049564 0.071002 -0.065884 0.041484,0.406053 -0.012817 0.241026,-0.077609 -0.071281 -0.994432,-0.104131 -0.087155 -0.990737,0.000020 0.000012 -0.000002,0.023668,0.179974,0.180000
2.45000,0.034524 0.044761 -0.048067 0.068910 -0.063861 0.040252,0.405909 -0.012903 0.241043,-0.078405 -0.071759 -0.994336,-0.104131 -0.087155 -0.990737,0.000020 0.000012 -0.000002,0.023214,0.179974,0.180000
2.46000,0.033458 0.043423 -0.046616 0.066879 -0.061901 0.039056,0.405769 -0.012986 0.241059,-0.079178 -0.072222 -0.994241,-0.104131 -0.087155 -0.990737,0.000019 0.000012 -0.000002,0.022768,0.179975,0.180000
2.47000,0.032426 0.042125 -0.045209 0.064906 -0.060002 0.037896,0.405634 -0.013068 0.241076,-0.079927 -0.072671 -0.994148,-0.104131 -0.087155 -0.990737,0.000019 0.000011 -0.000002,0.022331,0.179975,0.180000
2.48000,0.031426 0.040865 -0.043844 0.062991 -0.058163 0.036769,0.405503 -0.013146 0.241092,-0.080654 -0.073107 -0.994058,-0.104131 -0.087155 -0.990737,0.000019 0.000011 -0.000002,0.021901,0.179976,0.180000
2.49000,0.030458 0.039643 -0.042521 0.061131 -0.056382 0.035676,0.405376 -0.013222 0.241107,-0.081359 -0.073529 -0.993969,-0.104131 -0.087155 -0.990737,0.000018 0.000011 -0.000002,0.021478,0.179976,0.180000
2.50000,0.029520 0.038457 -0.041238 0.059325 -0.054656 0.034615,0.405252 -0.013296 0.241122,-0.082042 -0.073939 -0.993882,-0.104131 -0.087155 -0.990737,0.000018 0.000011 -0.000002,0.021063,0.179976,0.180000
2.51000,0.028612 0.037307 -0.039993 0.057571 -0.052983 0.033585,0.405133 -0.013368 0.241137,-0.082706 -0.074336 -0.993798,-0.104131 -0.087155 -0.990737,0.000018 0.000011 -0.000002,0.020656,0.179977,0.180000
2.52000,0.027733 0.036191 -0.038787 0.055869 -0.051363 0.032585,0.405016 -0.013438 0.241152,-0.083349 -0.074722 -0.993715,-0.104131 -0.087155 -0.990737,0.000017 0.000010 -0.000002,0.020255,0.179977,0.180000
2.53000,0.026881 0.035108 -0.037616 0.054216 -0.049794 0.031615,0.404904 -0.013505 0.241166,-0.083973 -0.075095 -0.993634,-0.104131 -0.087155 -0.990737,0.000017 0.000010 -0.000002,0.019862,0.179978,0.180000
2.54000,0.026056 0.034057 -0.036482 0.052611 -0.048273 0.030674,0.404794 -0.013571 0.241180,-0.084578 -0.075458 -0.993556,-0.104131 -0.087155 -0.990737,0.000017 0.000010 -0.000002,0.019477,0.179978,0.180000
2.55000,0.025256 0.033038 -0.035381 0.051053 -0.046799 0.029760,0.404688 -0.013634 0.241193,-0.085165 -0.075810 -0.993479,-0.104131 -0.087155 -0.990737,0.000016 0.000010 -0.000002,0.019098,0.179979,0.180000
2.56000,0.024482 0.032049 -0.034314 0.049540 -0.045371 0.028874,0.404586 -0.013696 0.241206,-0.085734 -0.076151 -0.993404,-0.104131 -0.087155 -0.990737,0.000016 0.000010 -0.000002,0.018726,0.179979,0.180000
2.57000,0.023732 0.031089 -0.033279 0.048072 -0.043988 0.028013,0.404486 -0.013756 0.241219,-0.086287 -0.076481 -0.993330,-0.104131 -0.087155 -0.990737,0.000016 0.000009 -0.000002,0.018361,0.179979,0.180000
2.58000,0.023005 0.030159 -0.032275 0.046647 -0.042647 0.027178,0.404389 -0.013814 0.241232,-0.086822 -0.076802 -0.993259,-0.104131 -0.087155 -0.990737,0.000015 0.000009 -0.000002,0.018003,0.179980,0.180000
2.59000,0.022301 0.029255 -0.031302 0.045263 -0.041347 0.026368,0.404295 -0.013870 0.241244,-0.087342 -0.077113 -0.993189,-0.104131 -0.087155 -0.990737,0.000015 0.000009 -0.000002,0.017651,0.179980,0.180000
2.60000,0.021619 0.028379 -0.030358 0.043920 -0.040088 0.025582,0.404204 -0.013924 0.241256,-0.087846 -0.077415 -0.993121,-0.104131 -0.087155 -0.990737,0.000015 0.000009 -0.000002,0.017306,0.179980,0.180000
2.61000,0.020958 0.027529 -0.029443 0.042616 -0.038868 0.024819,0.404116 -0.013977 0.241267,-0.088335 -0.077708 -0.993055,-0.104131 -0.087155 -0.990737,0.000014 0.000009 -0.000002,0.016967,0.179981,0.180000
2.62000,0.020317 0.026705 -0.028555 0.041351 -0.037685 0.024078,0.404030 -0.014029 0.241278,-0.088809 -0.077992 -0.992991,-0.104131 -0.087155 -0.990737,0.000014 0.000008 -0.000002,0.016635,0.179981,0.180000
2.63000,0.019697 0.025905 -0.027694 0.040122 -0.036539 0.023360,0.403947 -0.014078 0.241289,-0.089269 -0.078267 -0.992928,-0.104131 -0.087155 -0.990737,0.000014 0.000008 -0.000002,0.016309,0.179982,0.180000
2.64000,0.019095 0.025129 -0.026859 0.038930 -0.035428 0.022663,0.403867 -0.014127 0.241300,-0.089715 -0.078534 -0.992866,-0.104131 -0.087155 -0.990737,0.000014 0.000008 -0.000002,0.015989,0.179982,0.180000
2.65000,0.018513 0.024376 -0.026050 0.037773 -0.034351 0.021986,0.403788 -0.014173 0.241311,-0.090148 -0.078793 -0.992807,-0.104131 -0.087155 -0.990737,0.000013 0.000008 -0.000002,0.015675,0.179982,0.180000
2.66000,0.017948 0.023645 -0.025265 0.036650 -0.033308 0.021330,0.403713 -0.014219 0.241321,-0.090567 -0.079044 -0.992748,-0.104131 -0.087155 -0.990737,0.000013 0.000008 -0.000002,0.015367,0.179983,0.180000
2.67000,0.017401 0.022937 -0.024503 0.035560 -0.032296 0.020693,0.403639 -0.014263 0.241331,-0.090974 -0.079288 -0.992692,-0.104131 -0.087155 -0.990737,0.000013 0.000008 -0.000002,0.015065,0.179983,0.180000
2.68000,0.016871 0.022249 -0.023765 0.034502 -0.031316 0.020075,0.403568 -0.014306 0.241340,-0.091369 -0.079524 -0.992637,-0.104131 -0.087155 -0.990737,0.000013 0.000007 -0.000002,0.014768,0.179983,0.180000
2.69000,0.016357 0.021582 -0.023048 0.033475 -0.030366 0.019475,0.403498 -0.014347 0.241350,-0.091752 -0.079754 -0.992583,-0.104131 -0.087155 -0.990737,0.000012 0.000007 -0.000002,0.014477,0.179984,0.180000
2.70000,0.015859 0.020935 -0.022354 0.032478 -0.029445 0.018893,0.403431 -0.014387 0.241359,-0.092124 -0.079976 -0.992531,-0.104131 -0.087155 -0.990737,0.000012 0.000007 -0.000002,0.014192,0.179984,0.180000
2.71000,0.015376 0.020308 -0.021680 0.031511 -0.028552 0.018329,0.403366 -0.014426 0.241368,-0.092484 -0.080192 -0.992480,-0.104131 -0.087155 -0.990737,0.000012 0.000007 -0.000002,0.013912,0.179984,0.180000
2.72000,0.014908 0.019699 -0.021027 0.030573 -0.027686 0.017781,0.403303 -0.014464 0.241376,-0.092834 -0.080401 -0.992430,-0.104131 -0.087155 -0.990737,0.000012 0.000007 -0.000002,0.013638,0.179984,0.180000
2.73000,0.014455 0.019108 -0.020393 0.029662 -0.026847 0.017250,0.403242 -0.014501 0.241385,-0.093173 -0.080604 -0.992382,-0.104131 -0.087155 -0.990737,0.000011 0.000007 -0.000002,0.013369,0.179985,0.180000
2.74000,0.014015 0.018536 -0.019779 0.028778 -0.026034 0.016734,0.403182 -0.014536 0.241393,-0.093502 -0.080800 -0.992335,-0.104131 -0.087155 -0.990737,0.000011 0.000007 -0.000002,0.013105,0.179985,0.180000
2.75000,0.013589 0.017980 -0.019183 0.027920 -0.025245 0.016234,0.403125 -0.014571 0.241401,-0.093821 -0.080991 -0.992289,-0.104131 -0.087155 -0.990737,0.000011 0.000006 -0.000002,0.012846,0.179985,0.180000
2.76000,0.013176 0.017441 -0.018605 0.027088 -0.024481 0.015748,0.403069 -0.014604 0.241409,-0.094130 -0.081176 -0.992245,-0.104131 -0.087155 -0.990737,0.000011 0.000006 -0.000002,0.012592,0.179986,0.180000
2.77000,0.012776 0.016918 -0.018045 0.026280 -0.023740 0.015277,0.403014 -0.014637 0.241416,-0.094430 -0.081356 -0.992202,-0.104131 -0.087155 -0.990737,0.000011 0.000006 -0.000002,0.012343,0.179986,0.180000
2.78000,0.012388 0.016410 -0.017501 0.025497 -0.023021 0.014820,0.402962 -0.014668 0.241423,-0.094721 -0.081530 -0.992160,-0.104131 -0.087155 -0.990737,0.000010 0.000006 -0.000001,0.012098,0.179986,0.180000
2.79000,0.012012 0.015918 -0.016974 0.024736 -0.022325 0.014377,0.402911 -0.014699 0.241431,-0.095004 -0.081699 -0.992119,-0.104131 -0.087155 -0.990737,0.000010 0.000006 -0.000001,0.011859,0.179986,0.180000
2.80000,0.011648 0.015440 -0.016462 0.023998 -0.021650 0.013947,0.402861 -0.014728 0.241438,-0.095278 -0.081863 -0.992079,-0.104131 -0.087155 -0.990737,0.000010 0.000006 -0.000001,0.011624,0.179987,0.180000
2.81000,0.011294 0.014977 -0.015966 0.023282 -0.020995 0.013529,0.402813 -0.014757 0.241444,-0.095543 -0.082022 -0.992040,-0.104131 -0.087155 -0.990737,0.000010 0.000006 -0.000001,0.011394,0.179987,0.180000
2.82000,0.010952 0.014528 -0.015486 0.022587 -0.020360 0.013125,0.402767 -0.014785 0.241451,-0.095801 -0.082176 -0.992003,-0.104131 -0.087155 -0.990737,0.000010 0.000006 -0.000001,0.011168,0.179987,0.180000
2.83000,0.010620 0.014092 -0.015019 0.021913 -0.019745 0.012732,0.402721 -0.014812 0.241457,-0.096051 -0.082325 -0.991966,-0.104131 -0.087155 -0.990737,0.000009 0.000006 -0.000001,0.010947,0.179987,0.180000
2.84000,0.010298 0.013669 -0.014567 0.021258 -0.019148 0.012351,0.402678 -0.014838 0.241463,-0.096293 -0.082470 -0.991931,-0.104131 -0.087155 -0.990737,0.000009 0.000005 -0.000001,0.010730,0.179988,0.180000
2.85000,0.009986 0.013259 -0.014128 0.020623 -0.018570 0.011981,0.402635 -0.014864 0.241469,-0.096529 -0.082611 -0.991896,-0.104131 -0.087155 -0.990737,0.000009 0.000005 -0.000001,0.010517,0.179988,0.180000
2.86000,0.009683 0.012861 -0.013702 0.020007 -0.018009 0.011622,0.402594 -0.014888 0.241475,-0.096757 -0.082747 -0.991862,-0.104131 -0.087155 -0.990737,0.000009 0.000005 -0.000001,0.010308,0.179988,0.180000
2.87000,0.009390 0.012475 -0.013290 0.019410 -0.017465 0.011274,0.402554 -0.014912 0.241481,-0.096978 -0.082880 -0.991830,-0.104131 -0.087155 -0.990737,0.000009 0.000005 -0.000001,0.010103,0.179988,0.180000
2.88000,0.009106 0.012101 -0.012889 0.018830 -0.016938 0.010937,0.402515 -0.014936 0.241486,-0.097193 -0.083008 -0.991798,-0.104131 -0.087155 -0.990737,0.000008 0.000005 -0.000001,0.009903,0.179989,0.180000
2.89000,0.008830 0.011738 -0.012501 0.018267 -0.016426 0.010609,0.402477 -0.014958 0.241492,-0.097401 -0.083133 -0.991767,-0.104131 -0.087155 -0.990737,0.000008 0.000005 -0.000001,0.009706,0.179989,0.180000
2.90000,0.008563 0.011386 -0.012125 0.017721 -0.015931 0.010291,0.402441 -0.014980 0.241497,-0.097603 -0.083253 -0.991737,-0.104131 -0.087155 -0.990737,0.000008 0.000005 -0.000001,0.009513,0.179989,0.180000
2.91000,0.008303 0.011044 -0.011760 0.017191 -0.015450 0.009983,0.402405 -0.015001 0.241502,-0.097799 -0.083371 -0.991708,-0.104131 -0.087155 -0.990737,0.000008 0.000005 -0.000001,0.009324,0.179989,0.180000
2.92000,0.008052 0.010712 -0.011405 0.016677 -0.014984 0.009684,0.402371 -0.015022 0.241507,-0.097989 -0.083484 -0.991680,-0.104131 -0.087155 -0.990737,0.000008 0.000005 -0.000001,0.009139,0.179990,0.180000
2.93000,0.007809 0.010391 -0.011062 0.016179 -0.014532 0.009394,0.402338 -0.015042 0.241512,-0.098173 -0.083594 -0.991652,-0.104131 -0.087155 -0.990737,0.000008 0.000005 -0.000001,0.008957,0.179990,0.180000
2.94000,0.007572 0.010079 -0.010729 0.015695 -0.014093 0.009112,0.402305 -0.015061 0.241516,-0.098352 -0.083701 -0.991625,-0.104131 -0.087155 -0.990737,0.000008 0.000004 -0.000001,0.008779,0.179990,0.180000
2.95000,0.007343 0.009776 -0.010406 0.015226 -0.013669 0.008839,0.402274 -0.015080 0.241521,-0.098525 -0.083805 -0.991599,-0.104131 -0.087155 -0.990737,0.000007 0.000004 -0.000001,0.008604,0.179990,0.180000
2.96000,0.007121 0.009483 -0.010092 0.014770 -0.013256 0.008575,0.402243 -0.015098 0.241525,-0.098693 -0.083905 -0.991574,-0.104131 -0.087155 -0.990737,0.000007 0.000004 -0.000001,0.008433,0.179990,0.180000
2.97000,0.006906 0.009198 -0.009788 0.014328 -0.012857 0.008318,0.402214 -0.015116 0.241529,-0.098856 -0.084003 -0.991550,-0.104131 -0.087155 -0.990737,0.000007 0.000004 -0.000001,0.008265,0.179991,0.180000
2.98000,0.006697 0.008922 -0.009494 0.013900 -0.012469 0.008068,0.402185 -0.015133 0.241533,-0.099015 -0.084098 -0.991526,-0.104131 -0.087155 -0.990737,0.000007 0.000004 -0.000001,0.008101,0.179991,0.180000
2.99000,0.006495 0.008654 -0.009208 0.013484 -0.012094 0.007826,0.402157 -0.015149 0.241537,-0.099168 -0.084189 -0.991503,-0.104131 -0.087155 -0.990737,0.000007 0.000004 -0.000001,0.007939,0.179991,0.180000
3.00000,0.008162 0.025833 -0.125004 0.102706 0.004470 0.008472,0.402130 -0.015165 0.241541,-0.099317 -0.084278 -0.991480,-0.099844 -0.082808 -0.991551,0.000007 0.000004 -0.000001,0.007781,0.179991,0.179600
3.01000,-0.000133 0.018345 -0.117539 0.092556 0.019795 -0.000844,0.402167 -0.015124 0.241938,-0.099333 -0.084234 -0.991483,-0.095550 -0.078459 -0.992328,0.000006 0.000004 -0.000001,0.007507,0.179591,0.179200
3.02000,-0.008222 0.011040 -0.110260 0.082702 0.034655 -0.009921,0.402227 -0.015059 0.242329,-0.099219 -0.084061 -0.991509,-0.091250 -0.074108 -0.993067,0.000006 0.000004 -0.000001,0.007311,0.179191,0.178800
3.03000,-0.016113 0.003915 -0.103162 0.073142 0.049068 -0.018764,0.402309 -0.014972 0.242717,-0.098980 -0.083763 -0.991558,-0.086944 -0.069756 -0.993768,0.000006 0.000004 -0.000001,0.007194,0.178791,0.178400
3.04000,-0.023816 -0.003035 -0.096237 0.063874 0.063051 -0.027378,0.402413 -0.014864 0.243101,-0.098619 -0.083343 -0.991629,-0.082631 -0.065403 -0.994432,0.000006 0.000004 -0.000001,0.007155,0.178391,0.178000
3.05000,-0.031338 -0.009812 -0.089482 0.054896 0.076621 -0.035768,0.402538 -0.014734 0.243481,-0.098140 -0.082806 -0.991722,-0.078313 -0.061048 -0.995058,0.000006 0.000004 -0.000001,0.007193,0.177991,0.177600
3.06000,-0.038687 -0.016421 -0.082891 0.046205 0.089795 -0.043940,0.402682 -0.014585 0.243858,-0.097546 -0.082155 -0.991834,-0.073990 -0.056692 -0.995646,0.000006 0.000005 -0.000001,0.007306,0.177591,0.177200
3.07000,-0.045871 -0.022865 -0.076458 0.037797 0.102588 -0.051900,0.402846 -0.014417 0.244231,-0.096841 -0.081393 -0.991966,-0.069661 -0.052336 -0.996197,0.000006 0.000005 -0.000001,0.007492,0.177191,0.176800
3.08000,-0.052897 -0.029148 -0.070180 0.029669 0.115014 -0.059651,0.403029 -0.014231 0.244602,-0.096027 -0.080523 -0.992116,-0.065328 -0.047978 -0.996710,0.000006 0.000005 -0.000001,0.007748,0.176791,0.176400
3.09000,-0.059771 -0.035274 -0.064052 0.021818 0.127089 -0.067201,0.403230 -0.014027 0.244969,-0.095109 -0.079550 -0.992283,-0.060991 -0.043619 -0.997185,0.000006 0.000005 -0.000001,0.008071,0.176391,0.176000
3.10000,-0.066501 -0.041247 -0.058069 0.014240 0.138824 -0.074553,0.403448 -0.013805 0.245334,-0.094088 -0.078476 -0.992466,-0.056649 -0.039259 -0.997622,0.000006 0.000006 -0.000001,0.008459,0.175991,0.175600
3.11000,-0.073092 -0.047068 -0.052227 0.006931 0.150234 -0.081714,0.403682 -0.013568 0.245697,-0.092968 -0.077304 -0.992664,-0.052304 -0.034899 -0.998021,0.000006 0.000006 -0.000001,0.008910,0.175591,0.175200
3.12000,-0.079550 -0.052743 -0.046521 -0.000113 0.161331 -0.088689,0.403933 -0.013314 0.246057,-0.091752 -0.076037 -0.992875,-0.047956 -0.030538 -0.998383,0.000007 0.000007 -0.000001,0.009420,0.175190,0.174800
3.13000,-0.085882 -0.058274 -0.040948 -0.006895 0.172127 -0.095482,0.404199 -0.013046 0.246415,-0.090442 -0.074678 -0.993098,-0.043605 -0.026177 -0.998706,0.000007 0.000007 -0.000001,0.009987,0.174790,0.174400
3.14000,-0.092092 -0.063665 -0.035505 -0.013421 0.182633 -0.102100,0.404480 -0.012763 0.246772,-0.089042 -0.073229 -0.993332,-0.039251 -0.021814 -0.998991,0.000007 0.000007 -0.000001,0.010610,0.174390,0.174000
3.15000,-0.098185 -0.068919 -0.030186 -0.019694 0.192861 -0.108546,0.404775 -0.012466 0.247127,-0.087553 -0.071694 -0.993577,-0.034894 -0.017452 -0.999239,0.000008 0.000008 -0.000001,0.011286,0.173989,0.173600
3.16000,-0.102292 -0.066261 -0.034075 -0.011594 0.199456 -0.111801,0.405083 -0.012156 0.247481,-0.085979 -0.070075 -0.993830,-0.034897 -0.013089 -0.999305,0.000008 0.000008 -0.000001,0.012014,0.173589,0.173200
3.17000,-0.106310 -0.063664 -0.037854 -0.003695 0.205848 -0.115002,0.405383 -0.011832 0.247836,-0.084452 -0.068373 -0.994079,-0.034898 -0.008726 -0.999353,0.000009 0.000009 -0.000001,0.012750,0.173188,0.172800
3.18000,-0.110240 -0.061127 -0.041525 0.004008 0.212041 -0.118151,0.405673 -0.011497 0.248191,-0.082971 -0.066592 -0.994325,-0.034899 -0.004363 -0.999381,0.000009 0.000010 -0.000001,0.013493,0.172788,0.172400
3.19000,-0.114086 -0.058647 -0.045091 0.011522 0.218040 -0.121250,0.405954 -0.011149 0.248548,-0.081534 -0.064733 -0.994566,-0.034900 0.000000 -0.999391,0.000010 0.000010 -0.000001,0.014243,0.172387,0.172000
3.20000,-0.117848 -0.056221 -0.048554 0.018853 0.223850 -0.124301,0.406227 -0.010790 0.248905,-0.080141 -0.062799 -0.994803,-0.034899 0.004364 -0.999381,0.000010 0.000011 -0.000002,0.015000,0.171987,0.171600
3.21000,-0.121528 -0.053848 -0.051918 0.026005 0.229475 -0.127305,0.406492 -0.010420 0.249264,-0.078789 -0.060792 -0.995036,-0.034898 0.008727 -0.999353,0.000011 0.000011 -0.000002,0.015763,0.171586,0.171200
3.22000,-0.125129 -0.051526 -0.055185 0.032984 0.234919 -0.130263,0.406748 -0.010039 0.249623,-0.077477 -0.058715 -0.995264,-0.034897 0.013090 -0.999305,0.000011 0.000012 -0.000002,0.016532,0.171186,0.170800
3.23000,-0.128651 -0.049253 -0.058357 0.039795 0.240188 -0.133178,0.406997 -0.009649 0.249984,-0.076205 -0.056569 -0.995486,-0.034894 0.017453 -0.999239,0.000012 0.000013 -0.000002,0.017307,0.170785,0.170400
3.24000,-0.132097 -0.047027 -0.061437 0.046444 0.245286 -0.136051,0.407238 -0.009248 0.250346,-0.074971 -0.054356 -0.995703,-0.034891 0.021815 -0.999153,0.000012 0.000013 -0.000002,0.018088,0.170385,0.170000
3.25000,-0.135468 -0.044845 -0.064427 0.052936 0.250217 -0.138882,0.407472 -0.008839 0.250709,-0.073774 -0.052079 -0.995914,-0.034888 0.026177 -0.999048,0.000013 0.000014 -0.000002,0.018873,0.169984,0.169600
3.26000,-0.138766 -0.042708 -0.067330 0.059274 0.254984 -0.141674,0.407699 -0.008420 0.251073,-0.072612 -0.049739 -0.996119,-0.034883 0.030539 -0.998925,0.000013 0.000015 -0.000002,0.019664,0.169583,0.169200
3.27000,-0.141992 -0.040612 -0.070147 0.065465 0.259593 -0.144427,0.407919 -0.007994 0.251438,-0.071485 -0.047338 -0.996318,-0.034878 0.034900 -0.998782,0.000014 0.000015 -0.000002,0.020460,0.169183,0.168800
3.28000,-0.145148 -0.038557 -0.072882 0.071512 0.264046 -0.147143,0.408133 -0.007559 0.251805,-0.070392 -0.044879 -0.996509,-0.034873 0.039260 -0.998620,0.000014 0.000016 -0.000002,0.021259,0.168782,0.168400
3.29000,-0.148235 -0.036540 -0.075535 0.077420 0.268349 -0.149823,0.408340 -0.007116 0.252174,-0.069332 -0.042362 -0.996694,-0.034866 0.043620 -0.998440,0.000014 0.000017 -0.000002,0.022064,0.168381,0.168000
3.30000,-0.151255 -0.034561 -0.078110 0.083193 0.272505 -0.152468,0.408541 -0.006667 0.252543,-0.068302 -0.039790 -0.996871,-0.034860 0.047979 -0.998240,0.000015 0.000017 -0.000002,0.022872,0.167981,0.167600
3.31000,-0.154209 -0.032618 -0.080609 0.088835 0.276516 -0.155078,0.408736 -0.006210 0.252914,-0.067304 -0.037164 -0.997040,-0.034852 0.052336 -0.998021,0.000015 0.000018 -0.000002,0.023683,0.167580,0.167200
3.32000,-0.157098 -0.030710 -0.083034 0.094351 0.280388 -0.157656,0.408926 -0.005746 0.253287,-0.066335 -0.034486 -0.997201,-0.034844 0.056693 -0.997783,0.000016 0.000019 -0.000002,0.024498,0.167179,0.166800
3.33000,-0.159924 -0.028835 -0.085386 0.099744 0.284124 -0.160201,0.409109 -0.005277 0.253661,-0.065395 -0.031757 -0.997354,-0.034835 0.061049 -0.997527,0.000016 0.000020 -0.000002,0.025316,0.166778,0.166400
3.34000,-0.162689 -0.026992 -0.087667 0.105018 0.287727 -0.162715,0.409288 -0.004801 0.254037,-0.064483 -0.028980 -0.997498,-0.034825 0.065404 -0.997251,0.000016 0.000020 -0.000002,0.026137,0.166378,0.166000
3.35000,-0.165393 -0.025180 -0.089881 0.110176 0.291200 -0.165198,0.409461 -0.004320 0.254415,-0.063598 -0.026154 -0.997633,-0.034815 0.069757 -0.996956,0.000017 0.000021 -0.000002,0.026960,0.165977,0.165600
3.36000,-0.168037 -0.023397 -0.092028 0.115223 0.294546 -0.167652,0.409629 -0.003833 0.254794,-0.062739 -0.023283 -0.997758,-0.034804 0.074109 -0.996643,0.000017 0.000022 -0.000002,0.027785,0.165576,0.165200
3.37000,-0.172424 -0.033736 -0.033196 0.071282 0.297673 -0.171875,0.409792 -0.003341 0.255175,-0.061906 -0.020366 -0.997874,-0.034792 0.078460 -0.996310,0.000017 0.000023 -0.000002,0.028611,0.165175,0.165000
3.38000,-0.176391 -0.044559 0.028062 0.025358 0.300699 -0.175708,0.409939 -0.002849 0.255361,-0.061097 -0.017407 -0.997980,-0.034780 0.082809 -0.995958,0.000018 0.000023 -0.000001,0.028960,0.164970,0.165000
3.39000,-0.178274 -0.042825 0.026097 0.030101 0.303716 -0.177487,0.410068 -0.002354 0.255346,-0.060312 -0.014405 -0.998076,-0.034767 0.087156 -0.995588,0.000018 0.000022 -0.000001,0.028787,0.164970,0.165000
3.40000,-0.180094 -0.041126 0.024199 0.034742 0.306620 -0.179230,0.410194 -0.001852 0.255332,-0.059550 -0.011362 -0.998161,-0.034753 0.091502 -0.995198,0.000018 0.000022 -0.000001,0.028636,0.164970,0.165000
3.41000,-0.181851 -0.039461 0.022365 0.039284 0.309413 -0.180939,0.410317 -0.001344 0.255321,-0.058811 -0.008280 -0.998235,-0.034739 0.095846 -0.994790,0.000019 0.000021 -0.000001,0.028504,0.164969,0.165000
3.42000,-0.183547 -0.037830 0.020595 0.043732 0.312098 -0.182614,0.410435 -0.000830 0.255311,-0.058093 -0.005159 -0.998298,-0.034724 0.100188 -0.994362,0.000019 0.000021 -0.000001,0.028392,0.164969,0.165000
3.43000,-0.185183 -0.036230 0.018886 0.048086 0.314678 -0.184257,0.410551 -0.000310 0.255303,-0.057396 -0.002001 -0.998349,-0.034709 0.104529 -0.993916,0.000019 0.000021 -0.000001,0.028300,0.164968,0.165000
3.44000,-0.186762 -0.034661 0.017236 0.052350 0.317156 -0.185868,0.410663 0.000217 0.255297,-0.056720 0.001192 -0.998389,-0.034692 0.108867 -0.993451,0.000020 0.000020 -0.000001,0.028227,0.164968,0.165000
3.45000,-0.188284 -0.033122 0.015643 0.056526 0.319535 -0.187449,0.410771 0.000749 0.255293,-0.056063 0.004421 -0.998417,-0.034675 0.113204 -0.992967,0.000020 0.000020 -0.000001,0.028172,0.164967,0.165000
3.46000,-0.189751 -0.031612 0.014107 0.060618 0.321817 -0.189000,0.410877 0.001287 0.255291,-0.055426 0.007684 -0.998433,-0.034658 0.117538 -0.992463,0.000020 0.000019 -0.000001,0.028136,0.164967,0.165000
3.47000,-0.191164 -0.030129 0.012624 0.064626 0.324005 -0.190523,0.410979 0.001830 0.255291,-0.054807 0.010979 -0.998437,-0.034640 0.121870 -0.991941,0.000021 0.000019 -0.000001,0.028117,0.164966,0.165000
3.48000,-0.192524 -0.028674 0.011194 0.068555 0.326101 -0.192018,0.411079 0.002379 0.255293,-0.054206 0.014306 -0.998427,-0.034621 0.126199 -0.991401,0.000021 0.000019 -0.000001,0.028116,0.164966,0.165000
3.49000,-0.193834 -0.027245 0.009815 0.072405 0.328109 -0.193486,0.411176 0.002932 0.255297,-0.053622 0.017664 -0.998405,-0.034601 0.130527 -0.990841,0.000021 0.000018 -0.000001,0.028131,0.164965,0.165000
3.50000,-0.195093 -0.025841 0.008485 0.076179 0.330029 -0.194928,0.411269 0.003491 0.255303,-0.053056 0.021052 -0.998370,-0.034581 0.134851 -0.990262,0.000022 0.000018 -0.000001,0.028163,0.164965,0.165000
3.51000,-0.196304 -0.024461 0.007202 0.079880 0.331866 -0.196344,0.411361 0.004054 0.255312,-0.052505 0.024468 -0.998321,-0.034560 0.139174 -0.989665,0.000022 0.000018 -0.000001,0.028210,0.164964,0.165000
3.52000,-0.197467 -0.023106 0.005967 0.083509 0.333620 -0.197737,0.411449 0.004622 0.255323,-0.051971 0.027913 -0.998258,-0.034539 0.143493 -0.989048,0.000022 0.000017 -0.000001,0.028272,0.164964,0.165000
3.53000,-0.198583 -0.021773 0.004776 0.087069 0.335294 -0.199105,0.411535 0.005194 0.255336,-0.051451 0.031384 -0.998182,-0.034516 0.147810 -0.988413,0.000023 0.000017 -0.000001,0.028348,0.164963,0.165000
3.54000,-0.199655 -0.020462 0.003628 0.090561 0.336891 -0.200451,0.411619 0.005771 0.255352,-0.050947 0.034882 -0.998092,-0.034494 0.152124 -0.987759,0.000023 0.000017 -0.000001,0.028439,0.164962,0.165000
3.55000,-0.200682 -0.019173 0.002523 0.093987 0.338412 -0.201774,0.411700 0.006352 0.255370,-0.050457 0.038405 -0.997988,-0.034470 0.156435 -0.987087,0.000023 0.000016 -0.000001,0.028543,0.164962,0.165000
3.56000,-0.194654 -0.018292 0.002607 0.092087 0.328036 -0.195976,0.411779 0.006936 0.255390,-0.049981 0.041952 -0.997869,-0.034470 0.156435 -0.987087,0.000024 0.000016 -0.000001,0.028659,0.164961,0.165000
3.57000,-0.188802 -0.017454 0.002679 0.090189 0.317978 -0.190337,0.411855 0.007504 0.255411,-0.049519 0.045393 -0.997741,-0.034470 0.156435 -0.987087,0.000024 0.000016 -0.000000,0.028741,0.164961,0.165000
3.58000,-0.183122 -0.016657 0.002740 0.088297 0.308229 -0.184855,0.411930 0.008054 0.255434,-0.049070 0.048732 -0.997606,-0.034470 0.156435 -0.987087,0.000024 0.000015 -0.000000,0.028788,0.164960,0.165000
3.59000,-0.177610 -0.015899 0.002790 0.086414 0.298780 -0.179525,0.412002 0.008588 0.255458,-0.048635 0.051970 -0.997464,-0.034470 0.156435 -0.987087,0.000025 0.000015 -0.000000,0.028803,0.164960,0.165000
3.60000,-0.172260 -0.015179 0.002831 0.084541 0.289623 -0.174344,0.412072 0.009106 0.255483,-0.048213 0.055111 -0.997316,-0.034470 0.156435 -0.987087,0.000025 0.000015 -0.000000,0.028788,0.164960,0.165000
3.61000,-0.167068 -0.014494 0.002863 0.082683 0.280747 -0.169306,0.412139 0.009608 0.255508,-0.047803 0.058158 -0.997162,-0.034470 0.156435 -0.987087,0.000025 0.000014 -0.000000,0.028744,0.164959,0.165000
3.62000,-0.162031 -0.013842 0.002886 0.080840 0.272145 -0.164409,0.412205 0.010095 0.255535,-0.047405 0.061114 -0.997004,-0.034470 0.156435 -0.987087,0.000025 0.000014 -0.000000,0.028673,0.164959,0.165000
3.63000,-0.157144 -0.013222 0.002903 0.079014 0.263808 -0.159650,0.412269 0.010568 0.255561,-0.047019 0.063981 -0.996843,-0.034470 0.156435 -0.987087,0.000025 0.000014 -0.000000,0.028577,0.164959,0.165000
3.64000,-0.152402 -0.012632 0.002913 0.077207 0.255729 -0.155023,0.412331 0.011027 0.255589,-0.046644 0.066762 -0.996678,-0.034470 0.156435 -0.987087,0.000025 0.000014 -0.000000,0.028458,0.164959,0.165000
3.65000,-0.147802 -0.012071 0.002917 0.075422 0.247898 -0.150526,0.412391 0.011471 0.255616,-0.046280 0.069459 -0.996511,-0.034470 0.156435 -0.987087,0.000025 0.000013 -0.000000,0.028316,0.164959,0.165000
3.66000,-0.143339 -0.011538 0.002915 0.073658 0.240310 -0.146156,0.412449 0.011903 0.255644,-0.045927 0.072075 -0.996341,-0.034470 0.156435 -0.987087,0.000025 0.000013 -0.000000,0.028154,0.164959,0.165000
3.67000,-0.139010 -0.011030 0.002908 0.071918 0.232956 -0.141908,0.412505 0.012321 0.255672,-0.045585 0.074613 -0.996170,-0.034470 0.156435 -0.987087,0.000025 0.000013 -0.000000,0.027974,0.164959,0.165000
3.68000,-0.134811 -0.010546 0.002897 0.070202 0.225829 -0.137781,0.412560 0.012727 0.255700,-0.045253 0.077074 -0.995998,-0.034470 0.156435 -0.987087,0.000025 0.000013 -0.000000,0.027776,0.164960,0.165000
3.69000,-0.130738 -0.010086 0.002881 0.068511 0.218921 -0.133770,0.412613 0.013120 0.255729,-0.044930 0.079462 -0.995825,-0.034470 0.156435 -0.987087,0.000025 0.000012 -0.000000,0.027562,0.164960,0.165000
3.70000,-0.126787 -0.009648 0.002861 0.066846 0.212228 -0.129872,0.412664 0.013502 0.255757,-0.044617 0.081777 -0.995651,-0.034470 0.156435 -0.987087,0.000025 0.000012 -0.000000,0.027333,0.164960,0.165000
3.71000,-0.122955 -0.009230 0.002839 0.065208 0.205741 -0.126085,0.412714 0.013872 0.255786,-0.044314 0.084023 -0.995478,-0.034470 0.156435 -0.987087,0.000024 0.000012 -0.000000,0.027091,0.164960,0.165000
3.72000,-0.119239 -0.008833 0.002813 0.063598 0.199454 -0.122406,0.412763 0.014231 0.255814,-0.044019 0.086202 -0.995305,-0.034470 0.156435 -0.987087,0.000024 0.000012 -0.000000,0.026837,0.164961,0.165000
3.73000,-0.115635 -0.008455 0.002784 0.062015 0.193361 -0.118831,0.412810 0.014580 0.255842,-0.043734 0.088314 -0.995132,-0.034470 0.156435 -0.987087,0.000024 0.000011 -0.000000,0.026571,0.164961,0.165000
3.74000,-0.112139 -0.008094 0.002753 0.060460 0.187456 -0.115358,0.412855 0.014918 0.255870,-0.043456 0.090364 -0.994960,-0.034470 0.156435 -0.987087,0.000024 0.000011 -0.000000,0.026296,0.164961,0.165000
3.75000,-0.108749 -0.007750 0.002720 0.058934 0.181733 -0.111984,0.412899 0.015245 0.255898,-0.043188 0.092351 -0.994789,-0.034470 0.156435 -0.987087,0.000024 0.000011 -0.000000,0.026012,0.164962,0.165000
3.76000,-0.105462 -0.007423 0.002685 0.057436 0.176187 -0.108706,0.412942 0.015563 0.255926,-0.042927 0.094279 -0.994620,-0.034470 0.156435 -0.987087,0.000023 0.000011 0.000000,0.025720,0.164962,0.165000
3.77000,-0.102273 -0.007111 0.002649 0.055967 0.170812 -0.105522,0.412984 0.015871 0.255953,-0.042673 0.096148 -0.994452,-0.034470 0.156435 -0.987087,0.000023 0.000010 0.000000,0.025421,0.164962,0.165000
3.78000,-0.099181 -0.006814 0.002611 0.054527 0.165603 -0.102429,0.413024 0.016170 0.255980,-0.042428 0.097962 -0.994285,-0.034470 0.156435 -0.987087,0.000023 0.000010 0.000000,0.025115,0.164963,0.165000
3.79000,-0.096183 -0.006530 0.002571 0.053116 0.160554 -0.099425,0.413063 0.016460 0.256007,-0.042189 0.099720 -0.994121,-0.034470 0.156435 -0.987087,0.000023 0.000010 0.000000,0.024804,0.164963,0.165000
3.80000,-0.093276 -0.006259 0.002531 0.051734 0.155661 -0.096507,0.413101 0.016741 0.256033,-0.041958 0.101426 -0.993958,-0.034470 0.156435 -0.987087,0.000022 0.000010 0.000000,0.024489,0.164964,0.165000
3.81000,-0.090456 -0.006001 0.002490 0.050381 0.150918 -0.093673,0.413138 0.017014 0.256059,-0.041734 0.103081 -0.993797,-0.034470 0.156435 -0.987087,0.000022 0.000010 0.000000,0.024169,0.164964,0.165000
3.82000,-0.087722 -0.005755 0.002448 0.049057 0.146322 -0.090920,0.413173 0.017279 0.256085,-0.041516 0.104685 -0.993638,-0.034470 0.156435 -0.987087,0.000022 0.000009 0.000000,0.023846,0.164964,0.165000
3.83000,-0.085071 -0.005520 0.002405 0.047761 0.141867 -0.088247,0.413208 0.017535 0.256110,-0.041305 0.106242 -0.993482,-0.034470 0.156435 -0.987087,0.000022 0.000009 0.000000,0.023521,0.164965,0.165000
3.84000,-0.082500 -0.005296 0.002362 0.046494 0.137549 -0.085651,0.413241 0.017784 0.256135,-0.041101 0.107751 -0.993328,-0.034470 0.156435 -0.987087,0.000021 0.000009 0.000000,0.023193,0.164965,0.165000
3.85000,-0.080006 -0.005082 0.002318 0.045255 0.133363 -0.083130,0.413274 0.018026 0.256160,-0.040902 0.109215 -0.993176,-0.034470 0.156435 -0.987087,0.000021 0.000009 0.000000,0.022863,0.164966,0.165000
3.86000,-0.077589 -0.004878 0.002275 0.044043 0.129307 -0.080681,0.413305 0.018260 0.256184,-0.040709 0.110635 -0.993027,-0.034470 0.156435 -0.987087,0.000021 0.000009 0.000000,0.022533,0.164966,0.165000
3.87000,-0.075245 -0.004683 0.002231 0.042859 0.125375 -0.078304,0.413336 0.018487 0.256208,-0.040522 0.112012 -0.992880,-0.034470 0.156435 -0.987087,0.000020 0.000009 0.000000,0.022201,0.164967,0.165000
3.88000,-0.072971 -0.004496 0.002187 0.041703 0.121564 -0.075995,0.413365 0.018707 0.256231,-0.040341 0.113348 -0.992736,-0.034470 0.156435 -0.987087,0.000020 0.000008 0.000000,0.021870,0.164967,0.165000
3.89000,-0.070767 -0.004318 0.002143 0.040574 0.117869 -0.073754,0.413394 0.018921 0.256254,-0.040165 0.114643 -0.992594,-0.034470 0.156435 -0.987087,0.000020 0.000008 0.000000,0.021538,0.164968,0.165000
3.90000,-0.068630 -0.004148 0.002100 0.039471 0.114289 -0.071577,0.413422 0.019128 0.256277,-0.039994 0.115900 -0.992455,-0.034470 0.156435 -0.987087,0.000020 0.000008 0.000000,0.021207,0.164968,0.165000
3.91000,-0.066557 -0.003985 0.002056 0.038394 0.110817 -0.069464,0.413449 0.019329 0.256299,-0.039829 0.117118 -0.992319,-0.034470 0.156435 -0.987087,0.000019 0.000008 0.000000,0.020877,0.164969,0.165000
3.92000,-0.064547 -0.003830 0.002013 0.037343 0.107453 -0.067412,0.413475 0.019524 0.256320,-0.039668 0.118300 -0.992185,-0.034470 0.156435 -0.987087,0.000019 0.000008 0.000000,0.020548,0.164969,0.165000
3.93000,-0.062598 -0.003681 0.001970 0.036318 0.104191 -0.065420,0.413500 0.019713 0.256341,-0.039512 0.119447 -0.992054,-0.034470 0.156435 -0.987087,0.000019 0.000008 0.000000,0.020221,0.164970,0.165000
3.94000,-0.060708 -0.003539 0.001927 0.035318 0.101030 -0.063486,0.413525 0.019896 0.256362,-0.039361 0.120559 -0.991926,-0.034470 0.156435 -0.987087,0.000018 0.000007 0.000000,0.019895,0.164970,0.165000
3.95000,-0.058876 -0.003403 0.001885 0.034342 0.097965 -0.061608,0.413549 0.020074 0.256382,-0.039215 0.121637 -0.991800,-0.034470 0.156435 -0.987087,0.000018 0.000007 0.000000,0.019571,0.164971,0.165000
3.96000,-0.057099 -0.003273 0.001843 0.033391 0.094994 -0.059786,0.413572 0.020246 0.256402,-0.039072 0.122683 -0.991676,-0.034470 0.156435 -0.987087,0.000018 0.000007 0.000000,0.019249,0.164971,0.165000
3.97000,-0.055375 -0.003148 0.001802 0.032464 0.092114 -0.058016,0.413595 0.020414 0.256422,-0.038934 0.123697 -0.991556,-0.034470 0.156435 -0.987087,0.000018 0.000007 0.000000,0.018930,0.164972,0.165000
3.98000,-0.053704 -0.003029 0.001761 0.031560 0.089322 -0.056298,0.413616 0.020576 0.256441,-0.038800 0.124681 -0.991438,-0.034470 0.156435 -0.987087,0.000017 0.000007 0.000000,0.018613,0.164972,0.165000
3.99000,-0.052084 -0.002914 0.001721 0.030679 0.086615 -0.054630,0.413637 0.020733 0.256459,-0.038671 0.125636 -0.991322,-0.034470 0.156435 -0.987087,0.000017 0.000007 0.000000,0.018299,0.164972,0.165000
4.00000,-0.050513 -0.002805 0.001681 0.029820 0.083991 -0.053012,0.413658 0.020886 0.256477,-0.038545 0.126561 -0.991210,-0.034470 0.156435 -0.987087,0.000017 0.000007 0.000000,0.017988,0.164973,0.165000
4.01000,-0.048989 -0.002700 0.001642 0.028983 0.081447 -0.051440,0.413678 0.021034 0.256495,-0.038423 0.127459 -0.991099,-0.034470 0.156435 -0.987087,0.000016 0.000006 0.000000,0.017680,0.164973,0.165000
4.02000,-0.047512 -0.002600 0.001603 0.028168 0.078981 -0.049915,0.413697 0.021177 0.256513,-0.038304 0.128330 -0.990992,-0.034470 0.156435 -0.987087,0.000016 0.000006 0.000000,0.017375,0.164974,0.165000
4.03000,-0.046079 -0.002504 0.001565 0.027375 0.076590 -0.048434,0.413716 0.021317 0.256529,-0.038189 0.129174 -0.990886,-0.034470 0.156435 -0.987087,0.000016 0.000006 0.000000,0.017073,0.164974,0.165000
4.04000,-0.044689 -0.002412 0.001528 0.026602 0.074272 -0.046997,0.413734 0.021452 0.256546,-0.038078 0.129993 -0.990783,-0.034470 0.156435 -0.987087,0.000016 0.000006 0.000000,0.016775,0.164975,0.165000
4.05000,-0.043342 -0.002323 0.001491 0.025849 0.072025 -0.045602,0.413751 0.021583 0.256562,-0.037969 0.130788 -0.990683,-0.034470 0.156435 -0.987087,0.000015 0.000006 0.000000,0.016480,0.164975,0.165000
4.06000,-0.042035 -0.002239 0.001455 0.025116 0.069846 -0.044248,0.413768 0.021710 0.256578,-0.037864 0.131558 -0.990585,-0.034470 0.156435 -0.987087,0.000015 0.000006 0.000000,0.016189,0.164976,0.165000
4.07000,-0.040768 -0.002157 0.001420 0.024402 0.067733 -0.042934,0.413785 0.021833 0.256593,-0.037763 0.132306 -0.990489,-0.034470 0.156435 -0.987087,0.000015 0.000006 0.000000,0.015901,0.164976,0.165000
4.08000,-0.039540 -0.002079 0.001385 0.023708 0.065685 -0.041659,0.413801 0.021952 0.256608,-0.037664 0.133030 -0.990396,-0.034470 0.156435 -0.987087,0.000015 0.000006 0.000000,0.015617,0.164976,0.165000
4.09000,-0.038348 -0.002005 0.001351 0.023032 0.063699 -0.040421,0.413816 0.022068 0.256623,-0.037568 0.133734 -0.990305,-0.034470 0.156435 -0.987087,0.000014 0.000005 0.000000,0.015336,0.164977,0.165000
4.10000,-0.037193 -0.001933 0.001317 0.022374 0.061774 -0.039219,0.413832 0.022181 0.256637,-0.037475 0.134416 -0.990216,-0.034470 0.156435 -0.987087,0.000014 0.000005 0.000000,0.015060,0.164977,0.165000
4.11000,-0.036072 -0.001864 0.001285 0.021734 0.059907 -0.038053,0.413846 0.022290 0.256651,-0.037385 0.135077 -0.990130,-0.034470 0.156435 -0.987087,0.000014 0.000005 0.000000,0.014787,0.164978,0.165000
4.12000,-0.034986 -0.001798 0.001253 0.021112 0.058097 -0.036921,0.413860 0.022396 0.256664,-0.037298 0.135718 -0.990045,-0.034470 0.156435 -0.987087,0.000014 0.000005 0.000000,0.014518,0.164978,0.165000
4.13000,-0.033932 -0.001734 0.001221 0.020506 0.056342 -0.035823,0.413874 0.022498 0.256678,-0.037213 0.136341 -0.989963,-0.034470 0.156435 -0.987087,0.000013 0.000005 0.000000,0.014252,0.164979,0.165000
4.14000,-0.032910 -0.001673 0.001190 0.019916 0.054641 -0.034757,0.413887 0.022598 0.256690,-0.037131 0.136944 -0.989883,-0.034470 0.156435 -0.987087,0.000013 0.000005 0.000000,0.013991,0.164979,0.165000
4.15000,-0.031919 -0.001614 0.001160 0.019343 0.052991 -0.033723,0.413900 0.022694 0.256703,-0.037051 0.137530 -0.989804,-0.034470 0.156435 -0.987087,0.000013 0.000005 0.000000,0.013733,0.164979,0.165000
4.16000,-0.030958 -0.001558 0.001131 0.018786 0.051391 -0.032719,0.413913 0.022788 0.256715,-0.036973 0.138097 -0.989728,-0.034470 0.156435 -0.987087,0.000013 0.000005 0.000000,0.013480,0.164980,0.165000
4.17000,-0.030026 -0.001504 0.001102 0.018244 0.049840 -0.031745,0.413925 0.022879 0.256727,-0.036898 0.138648 -0.989654,-0.034470 0.156435 -0.987087,0.000012 0.000005 0.000000,0.013230,0.164980,0.165000
4.18000,-0.029122 -0.001452 0.001073 0.017717 0.048336 -0.030800,0.413937 0.022967 0.256739,-0.036826 0.139182 -0.989582,-0.034470 0.156435 -0.987087,0.000012 0.000005 0.000000,0.012984,0.164980,0.165000
4.19000,-0.028245 -0.001402 0.001046 0.017204 0.046877 -0.029882,0.413948 0.023052 0.256750,-0.036755 0.139700 -0.989511,-0.034470 0.156435 -0.987087,0.000012 0.000004 0.000000,0.012741,0.164981,0.165000
4.20000,-0.027395 -0.001354 0.001019 0.016706 0.045463 -0.028992,0.413959 0.023135 0.256761,-0.036686 0.140203 -0.989443,-0.034470 0.156435 -0.987087,0.000012 0.000004 0.000000,0.012503,0.164981,0.165000
4.21000,-0.026571 -0.001307 0.000993 0.016221 0.044092 -0.028128,0.413970 0.023216 0.256771,-0.036620 0.140690 -0.989376,-0.034470 0.156435 -0.987087,0.000011 0.000004 0.000000,0.012268,0.164982,0.165000
4.22000,-0.025771 -0.001263 0.000967 0.015750 0.042762 -0.027290,0.413980 0.023294 0.256782,-0.036555 0.141163 -0.989311,-0.034470 0.156435 -0.987087,0.000011 0.000004 0.000000,0.012037,0.164982,0.165000
4.23000,-0.024996 -0.001220 0.000942 0.015292 0.041472 -0.026477,0.413990 0.023369 0.256792,-0.036493 0.141622 -0.989248,-0.034470 0.156435 -0.987087,0.000011 0.000004 0.000000,0.011810,0.164982,0.165000
4.24000,-0.024243 -0.001178 0.000917 0.014848 0.040222 -0.025687,0.414000 0.023443 0.256802,-0.036432 0.142067 -0.989186,-0.034470 0.156435 -0.987087,0.000011 0.000004 0.000000,0.011587,0.164983,0.165000
4.25000,-0.023514 -0.001139 0.000893 0.014415 0.039009 -0.024921,0.414010 0.023514 0.256811,-0.036373 0.142498 -0.989127,-0.034470 0.156435 -0.987087,0.000011 0.000004 0.000000,0.011367,0.164983,0.165000
4.26000,-0.022807 -0.001101 0.000870 0.013995 0.037833 -0.024178,0.414019 0.023583 0.256820,-0.036316 0.142916 -0.989068,-0.034470 0.156435 -0.987087,0.000010 0.000004 0.000000,0.011151,0.164983,0.165000
4.27000,-0.022121 -0.001064 0.000847 0.013586 0.036693 -0.023457,0.414028 0.023650 0.256830,-0.036261 0.143322 -0.989012,-0.034470 0.156435 -0.987087,0.000010 0.000004 0.000000,0.010939,0.164984,0.165000
4.28000,-0.021456 -0.001028 0.000824 0.013190 0.035587 -0.022757,0.414036 0.023715 0.256838,-0.036207 0.143716 -0.988956,-0.034470 0.156435 -0.987087,0.000010 0.000004 0.000000,0.010730,0.164984,0.165000
4.29000,-0.020810 -0.000994 0.000803 0.012804 0.034515 -0.022078,0.414045 0.023777 0.256847,-0.036155 0.144098 -0.988903,-0.034470 0.156435 -0.987087,0.000010 0.000004 0.000000,0.010525,0.164984,0.165000
4.30000,-0.020185 -0.000961 0.000781 0.012429 0.033475 -0.021419,0.414053 0.023839 0.256855,-0.036105 0.144468 -0.988851,-0.034470 0.156435 -0.987087,0.000010 0.000004 0.000000,0.010324,0.164984,0.165000
4.31000,-0.019578 -0.000929 0.000761 0.012065 0.032467 -0.020780,0.414061 0.023898 0.256863,-0.036055 0.144827 -0.988800,-0.034470 0.156435 -0.987087,0.000010 0.000003 0.000000,0.010126,0.164985,0.165000
4.32000,-0.018989 -0.000899 0.000740 0.011712 0.031489 -0.020160,0.414069 0.023955 0.256871,-0.036008 0.145176 -0.988750,-0.034470 0.156435 -0.987087,0.000009 0.000003 0.000000,0.009931,0.164985,0.165000
4.33000,-0.018418 -0.000869 0.000721 0.011368 0.030541 -0.019558,0.414076 0.024011 0.256879,-0.035962 0.145514 -0.988702,-0.034470 0.156435 -0.987087,0.000009 0.000003 0.000000,0.009740,0.164985,0.165000
4.34000,-0.017864 -0.000841 0.000702 0.011034 0.029621 -0.018974,0.414083 0.024065 0.256886,-0.035917 0.145842 -0.988656,-0.034470 0.156435 -0.987087,0.000009 0.000003 0.000000,0.009552,0.164986,0.165000
4.35000,-0.017327 -0.000813 0.000683 0.010710 0.028729 -0.018408,0.414090 0.024118 0.256893,-0.035874 0.146160 -0.988610,-0.034470 0.156435 -0.987087,0.000009 0.000003 0.000000,0.009368,0.164986,0.165000
4.36000,-0.016807 -0.000787 0.000665 0.010395 0.027864 -0.017858,0.414097 0.024168 0.256900,-0.035832 0.146468 -0.988566,-0.034470 0.156435 -0.987087,0.000009 0.000003 0.000000,0.009187,0.164986,0.165000
4.37000,-0.016302 -0.000762 0.000647 0.010089 0.027026 -0.017324,0.414103 0.024218 0.256907,-0.035791 0.146767 -0.988523,-0.034470 0.156435 -0.987087,0.000008 0.000003 0.000000,0.009009,0.164987,0.165000
4.38000,-0.015812 -0.000737 0.000629 0.009792 0.026212 -0.016807,0.414110 0.024266 0.256914,-0.035751 0.147057 -0.988482,-0.034470 0.156435 -0.987087,0.000008 0.000003 0.000000,0.008834,0.164987,0.165000
4.39000,-0.015336 -0.000713 0.000613 0.009504 0.025423 -0.016305,0.414116 0.024312 0.256920,-0.035713 0.147339 -0.988441,-0.034470 0.156435 -0.987087,0.000008 0.000003 0.000000,0.008663,0.164987,0.165000
4.40000,-0.014876 -0.000690 0.000596 0.009224 0.024658 -0.015818,0.414122 0.024357 0.256926,-0.035675 0.147612 -0.988402,-0.034470 0.156435 -0.987087,0.000008 0.000003 0.000000,0.008494,0.164987,0.165000
4.41000,-0.014429 -0.000668 0.000580 0.008952 0.023916 -0.015345,0.414128 0.024401 0.256932,-0.035639 0.147877 -0.988363,-0.034470 0.156435 -0.987087,0.000008 0.000003 0.000000,0.008329,0.164988,0.165000
4.42000,-0.013995 -0.000647 0.000564 0.008688 0.023197 -0.014887,0.414133 0.024443 0.256938,-0.035604 0.148134 -0.988326,-0.034470 0.156435 -0.987087,0.000008 0.000003 0.000000,0.008167,0.164988,0.165000
4.43000,-0.013575 -0.000626 0.000549 0.008431 0.022499 -0.014442,0.414139 0.024484 0.256944,-0.035570 0.148383 -0.988290,-0.034470 0.156435 -0.987087,0.000008 0.000003 0.000000,0.008007,0.164988,0.165000
4.44000,-0.013167 -0.000606 0.000534 0.008182 0.021822 -0.014010,0.414144 0.024524 0.256950,-0.035537 0.148624 -0.988255,-0.034470 0.156435 -0.987087,0.000007 0.000003 0.000000,0.007851,0.164988,0.165000
4.45000,-0.012771 -0.000587 0.000520 0.007940 0.021165 -0.013591,0.414149 0.024563 0.256955,-0.035505 0.148859 -0.988221,-0.034470 0.156435 -0.987087,0.000007 0.000003 0.000000,0.007698,0.164989,0.165000
4.46000,-0.012388 -0.000569 0.000506 0.007705 0.020529 -0.013185,0.414154 0.024600 0.256960,-0.035474 0.149086 -0.988188,-0.034470 0.156435 -0.987087,0.000007 0.000003 0.000000,0.007547,0.164989,0.165000
4.47000,-0.012016 -0.000551 0.000492 0.007477 0.019911 -0.012791,0.414159 0.024636 0.256965,-0.035444 0.149307 -0.988155,-0.034470 0.156435 -0.987087,0.000007 0.000003 0.000000,0.007399,0.164989,0.165000
4.48000,-0.011655 -0.000533 0.000479 0.007256 0.019313 -0.012408,0.414164 0.024672 0.256970,-0.035415 0.149521 -0.988124,-0.034470 0.156435 -0.987087,0.000007 0.000002 0.000000,0.007254,0.164989,0.165000
4.49000,-0.011305 -0.000517 0.000466 0.007041 0.018732 -0.012037,0.414168 0.024706 0.256975,-0.035386 0.149728 -0.988094,-0.034470 0.156435 -0.987087,0.000007 0.000002 0.000000,0.007112,0.164989,0.165000
4.50000,0.001215 -0.024184 0.122836 -0.093367 0.019283 0.000543,0.414173 0.024739 0.256980,-0.035359 0.149929 -0.988064,-0.034470 0.156435 -0.987087,0.000007 0.000002 0.000000,0.006973,0.164990,0.165400
4.51000,0.001581 -0.024077 0.122721 -0.093569 0.018741 0.000930,0.414163 0.024831 0.256589,-0.035333 0.150125 -0.988036,-0.034470 0.156435 -0.987087,0.000006 0.000002 0.000000,0.006660,0.165390,0.165800
4.52000,0.001936 -0.023970 0.122607 -0.093764 0.018216 0.001305,0.414152 0.024923 0.256199,-0.035307 0.150314 -0.988008,-0.034470 0.156435 -0.987087,0.000006 0.000002 0.000000,0.006354,0.165790,0.166200
4.53000,0.002280 -0.023864 0.122494 -0.093954 0.017707 0.001668,0.414142 0.025013 0.255808,-0.035282 0.150498 -0.987981,-0.034470 0.156435 -0.987087,0.000006 0.000002 0.000000,0.006056,0.166190,0.166600
4.54000,0.002613 -0.023758 0.122381 -0.094138 0.017213 0.002020,0.414132 0.025103 0.255417,-0.035258 0.150676 -0.987954,-0.034470 0.156435 -0.987087,0.000005 0.000002 0.000000,0.005765,0.166590,0.167000
4.55000,0.002936 -0.023653 0.122269 -0.094316 0.016733 0.002361,0.414121 0.025192 0.255026,-0.035234 0.150849 -0.987929,-0.034470 0.156435 -0.987087,0.000005 0.000002 0.000000,0.005482,0.166990,0.167400
4.56000,0.003248 -0.023549 0.122157 -0.094489 0.016269 0.002692,0.414111 0.025281 0.254635,-0.035212 0.151017 -0.987904,-0.034470 0.156435 -0.987087,0.000005 0.000002 0.000000,0.005206,0.167390,0.167800
4.57000,0.003551 -0.023444 0.122046 -0.094657 0.015818 0.003012,0.414100 0.025368 0.254244,-0.035190 0.151179 -0.987880,-0.034470 0.156435 -0.987087,0.000005 0.000002 0.000000,0.004937,0.167790,0.168200
4.58000,0.003844 -0.023341 0.121936 -0.094820 0.015380 0.003322,0.414089 0.025455 0.253852,-0.035168 0.151337 -0.987856,-0.034470 0.156435 -0.987087,0.000004 0.000002 0.000000,0.004675,0.168190,0.168600
4.59000,0.004128 -0.023237 0.121826 -0.094979 0.014956 0.003623,0.414078 0.025542 0.253461,-0.035148 0.151490 -0.987834,-0.034470 0.156435 -0.987087,0.000004 0.000002 0.000000,0.004421,0.168590,0.169000
4.60000,0.004403 -0.023134 0.121716 -0.095132 0.014544 0.003914,0.414068 0.025627 0.253070,-0.035127 0.151639 -0.987812,-0.034470 0.156435 -0.987087,0.000004 0.000002 0.000000,0.004174,0.168990,0.169400
4.61000,0.004670 -0.023031 0.121607 -0.095281 0.014145 0.004197,0.414057 0.025712 0.252678,-0.035108 0.151783 -0.987790,-0.034470 0.156435 -0.987087,0.000003 0.000002 0.000000,0.003934,0.169390,0.169800
4.62000,0.004928 -0.022929 0.121499 -0.095425 0.013758 0.004470,0.414045 0.025797 0.252286,-0.035089 0.151922 -0.987769,-0.034470 0.156435 -0.987087,0.000003 0.000002 0.000000,0.003703,0.169790,0.170200
4.63000,0.005178 -0.022827 0.121391 -0.095565 0.013382 0.004735,0.414034 0.025881 0.251895,-0.035071 0.152058 -0.987749,-0.034470 0.156435 -0.987087,0.000003 0.000002 0.000000,0.003479,0.170190,0.170600
4.64000,0.005421 -0.022726 0.121283 -0.095701 0.013018 0.004992,0.414023 0.025964 0.251503,-0.035053 0.152189 -0.987730,-0.034470 0.156435 -0.987087,0.000003 0.000002 0.000000,0.003263,0.170590,0.171000
4.65000,0.005655 -0.022624 0.121176 -0.095833 0.012664 0.005241,0.414012 0.026046 0.251111,-0.035036 0.152317 -0.987711,-0.034470 0.156435 -0.987087,0.000003 0.000002 0.000000,0.003057,0.170991,0.171400
4.66000,0.005883 -0.022523 0.121070 -0.095961 0.012321 0.005482,0.414000 0.026129 0.250719,-0.035019 0.152440 -0.987692,-0.034470 0.156435 -0.987087,0.000002 0.000002 0.000000,0.002859,0.171391,0.171800
4.67000,0.006103 -0.022423 0.120964 -0.096085 0.011989 0.005715,0.413989 0.026210 0.250327,-0.035003 0.152560 -0.987674,-0.034470 0.156435 -0.987087,0.000002 0.000002 0.000000,0.002671,0.171791,0.172200
4.68000,0.006316 -0.022322 0.120858 -0.096206 0.011666 0.005942,0.413977 0.026291 0.249935,-0.034987 0.152677 -0.987657,-0.034470 0.156435 -0.987087,0.000002 0.000002 0.000000,0.002494,0.172191,0.172600
4.69000,0.006523 -0.022222 0.120753 -0.096323 0.011353 0.006161,0.413966 0.026372 0.249543,-0.034972 0.152789 -0.987640,-0.034470 0.156435 -0.987087,0.000002 0.000002 0.000000,0.002328,0.172591,0.173000
4.70000,0.006724 -0.022122 0.120648 -0.096436 0.011049 0.006373,0.413954 0.026452 0.249150,-0.034957 0.152899 -0.987623,-0.034470 0.156435 -0.987087,0.000001 0.000002 0.000000,0.002176,0.172991,0.173400
4.71000,0.006918 -0.022023 0.120544 -0.096546 0.010755 0.006579,0.413943 0.026531 0.248758,-0.034942 0.153005 -0.987607,-0.034470 0.156435 -0.987087,0.000001 0.000002 0.000000,0.002037,0.173391,0.173800
4.72000,0.007106 -0.021923 0.120440 -0.096653 0.010469 0.006779,0.413931 0.026610 0.248366,-0.034928 0.153108 -0.987592,-0.034470 0.156435 -0.987087,0.000001 0.000002 0.000000,0.001914,0.173791,0.174200
4.73000,0.007288 -0.021824 0.120337 -0.096757 0.010192 0.006972,0.413919 0.026689 0.247973,-0.034915 0.153208 -0.987577,-0.034470 0.156435 -0.987087,0.000001 0.000002 0.000000,0.001809,0.174191,0.174600
4.74000,0.007464 -0.021725 0.120234 -0.096857 0.009923 0.007160,0.413907 0.026767 0.247581,-0.034902 0.153305 -0.987562,-0.034470 0.156435 -0.987087,0.000001 0.000002 0.000000,0.001723,0.174591,0.175000
4.75000,0.007635 -0.021627 0.120131 -0.096955 0.009662 0.007341,0.413895 0.026845 0.247188,-0.034889 0.153399 -0.987548,-0.034470 0.156435 -0.987087,0.000000 0.000002 0.000000,0.001658,0.174991,0.175400
4.76000,0.007801 -0.021528 0.120029 -0.097050 0.009409 0.007517,0.413883 0.026922 0.246795,-0.034877 0.153490 -0.987535,-0.034470 0.156435 -0.987087,0.000000 0.000002 0.000000,0.001614,0.175391,0.175800
4.77000,0.007961 -0.021430 0.119927 -0.097141 0.009163 0.007687,0.413871 0.026999 0.246403,-0.034865 0.153578 -0.987521,-0.034470 0.156435 -0.987087,0.000000 0.000002 0.000000,0.001592,0.175791,0.176200
4.78000,0.008117 -0.021332 0.119825 -0.097231 0.008925 0.007853,0.413859 0.027076 0.246010,-0.034853 0.153664 -0.987508,-0.034470 0.156435 -0.987087,-0.000000 0.000002 0.000000,0.001592,0.176191,0.176600
4.79000,0.008267 -0.021234 0.119724 -0.097317 0.008694 0.008013,0.413847 0.027152 0.245617,-0.034842 0.153747 -0.987496,-0.034470 0.156435 -0.987087,-0.000000 0.000002 0.000000,0.001612,0.176591,0.177000
4.80000,0.008413 -0.021136 0.119623 -0.097401 0.008470 0.008168,0.413835 0.027228 0.245224,-0.034831 0.153828 -0.987484,-0.034470 0.156435 -0.987087,-0.000000 0.000002 0.000000,0.001650,0.176991,0.177400
4.81000,0.008555 -0.021039 0.119523 -0.097483 0.008253 0.008318,0.413823 0.027303 0.244831,-0.034820 0.153906 -0.987472,-0.034470 0.156435 -0.987087,-0.000001 0.000002 0.000000,0.001705,0.177392,0.177800
4.82000,0.008692 -0.020942 0.119423 -0.097562 0.008042 0.008464,0.413810 0.027378 0.244438,-0.034810 0.153982 -0.987460,-0.034470 0.156435 -0.987087,-0.000001 0.000002 0.000000,0.001773,0.177792,0.178200
4.83000,0.008824 -0.020845 0.119323 -0.097639 0.007837 0.008605,0.413798 0.027453 0.244045,-0.034800 0.154056 -0.987449,-0.034470 0.156435 -0.987087,-0.000001 0.000002 0.000000,0.001852,0.178192,0.178600
4.84000,0.008953 -0.020748 0.119224 -0.097714 0.007639 0.008742,0.413786 0.027527 0.243652,-0.034790 0.154127 -0.987438,-0.034470 0.156435 -0.987087,-0.000001 0.000002 0.000000,0.001940,0.178592,0.179000
4.85000,0.009077 -0.020651 0.119124 -0.097786 0.007446 0.008874,0.413773 0.027601 0.243259,-0.034781 0.154197 -0.987428,-0.034470 0.156435 -0.987087,-0.000001 0.000002 0.000000,0.002035,0.178992,0.179400
4.86000,0.009198 -0.020555 0.119026 -0.097857 0.007259 0.009002,0.413761 0.027675 0.242866,-0.034772 0.154264 -0.987418,-0.034470 0.156435 -0.987087,-0.000001 0.000002 0.000000,0.002136,0.179392,0.179800
4.87000,0.009315 -0.020458 0.118927 -0.097925 0.007078 0.009127,0.413748 0.027749 0.242472,-0.034763 0.154329 -0.987408,-0.034470 0.156435 -0.987087,-0.000002 0.000002 0.000000,0.002241,0.179792,0.180200
4.88000,0.009429 -0.020362 0.118829 -0.097992 0.006903 0.009248,0.413736 0.027822 0.242079,-0.034754 0.154392 -0.987398,-0.034470 0.156435 -0.987087,-0.000002 0.000002 0.000000,0.002349,0.180192,0.180600
4.89000,0.009538 -0.020266 0.118731 -0.098056 0.006732 0.009364,0.413723 0.027895 0.241686,-0.034746 0.154454 -0.987389,-0.034470 0.156435 -0.987087,-0.000002 0.000002 0.000000,0.002459,0.180592,0.181000
4.90000,0.009645 -0.020170 0.118633 -0.098119 0.006567 0.009478,0.413711 0.027967 0.241292,-0.034738 0.154513 -0.987380,-0.034470 0.156435 -0.987087,-0.000002 0.000002 0.000000,0.002570,0.180992,0.181400
4.91000,0.009748 -0.020074 0.118536 -0.098180 0.006406 0.009587,0.413698 0.028040 0.240899,-0.034730 0.154571 -0.987371,-0.034470 0.156435 -0.987087,-0.000002 0.000002 0.000000,0.002683,0.181392,0.181800
4.92000,0.009848 -0.019978 0.118439 -0.098239 0.006250 0.009694,0.413685 0.028112 0.240506,-0.034722 0.154627 -0.987363,-0.034470 0.156435 -0.987087,-0.000002 0.000002 0.000000,0.002795,0.181792,0.182200
4.93000,0.009945 -0.019882 0.118342 -0.098297 0.006099 0.009797,0.413673 0.028183 0.240112,-0.034715 0.154681 -0.987354,-0.034470 0.156435 -0.987087,-0.000002 0.000002 0.000000,0.002908,0.182192,0.182600
4.94000,0.010039 -0.019787 0.118246 -0.098353 0.005953 0.009897,0.413660 0.028255 0.239719,-0.034708 0.154734 -0.987346,-0.034470 0.156435 -0.987087,-0.000003 0.000002 0.000000,0.003020,0.182592,0.183000
4.95000,0.010130 -0.019692 0.118150 -0.098407 0.005811 0.009994,0.413647 0.028326 0.239325,-0.034701 0.154785 -0.987339,-0.034470 0.156435 -0.987087,-0.000003 0.000002 0.000000,0.003131,0.182992,0.183400
4.96000,0.010218 -0.019596 0.118054 -0.098460 0.005673 0.010088,0.413635 0.028397 0.238931,-0.034694 0.154834 -0.987331,-0.034470 0.156435 -0.987087,-0.000003 0.000002 0.000000,0.003242,0.183392,0.183800
4.97000,0.010303 -0.019501 0.117958 -0.098512 0.005539 0.010178,0.413622 0.028468 0.238538,-0.034688 0.154883 -0.987324,-0.034470 0.156435 -0.987087,-0.000003 0.000002 0.000000,0.003351,0.183792,0.184200
4.98000,0.010386 -0.019406 0.117863 -0.098562 0.005409 0.010267,0.413609 0.028538 0.238144,-0.034681 0.154929 -0.987317,-0.034470 0.156435 -0.987087,-0.000003 0.000002 0.000000,0.003460,0.184192,0.184600
4.99000,0.010466 -0.019311 0.117768 -0.098610 0.005283 0.010352,0.413596 0.028609 0.237750,-0.034675 0.154974 -0.987310,-0.034470 0.156435 -0.987087,-0.000003 0.000002 0.000000,0.003567,0.184593,0.185000
5.00000,0.010544 -0.019216 0.117673 -0.098658 0.005161 0.010435,0.413583 0.028679 0.237357,-0.034669 0.155018 -0.987303,-0.034470 0.156435 -0.987087,-0.000003 0.000002 0.000000,0.003673,0.184993,0.185400
5.01000,0.010619 -0.019122 0.117578 -0.098704 0.005043 0.010515,0.413570 0.028749 0.236963,-0.034663 0.155061 -0.987297,-0.034470 0.156435 -0.987087,-0.000003 0.000002 0.000000,0.003777,0.185393,0.185800
5.02000,0.010692 -0.019027 0.117484 -0.098749 0.004928 0.010593,0.413557 0.028819 0.236569,-0.034658 0.155102 -0.987290,-0.034470 0.156435 -0.987087,-0.000003 0.000002 0.000000,0.003881,0.185793,0.186200
5.03000,0.010763 -0.018932 0.117389 -0.098792 0.004816 0.010668,0.413544 0.028888 0.236175,-0.034652 0.155142 -0.987284,-0.034470 0.156435 -0.987087,-0.000004 0.000002 0.000000,0.003982,0.186193,0.186600
5.04000,0.010831 -0.018838 0.117295 -0.098835 0.004708 0.010742,0.413531 0.028957 0.235781,-0.034647 0.155181 -0.987278,-0.034470 0.156435 -0.987087,-0.000004 0.000002 0.000000,0.004082,0.186593,0.187000
5.05000,0.010898 -0.018743 0.117202 -0.098876 0.004603 0.010812,0.413518 0.029027 0.235388,-0.034642 0.155219 -0.987273,-0.034470 0.156435 -0.987087,-0.000004 0.000002 0.000000,0.004181,0.186993,0.187400
5.06000,0.010962 -0.018649 0.117108 -0.098916 0.004501 0.010881,0.413505 0.029095 0.234994,-0.034637 0.155255 -0.987267,-0.034470 0.156435 -0.987087,-0.000004 0.000002 0.000000,0.004278,0.187393,0.187800
5.07000,0.011025 -0.018555 0.117015 -0.098956 0.004403 0.010948,0.413492 0.029164 0.234600,-0.034632 0.155291 -0.987262,-0.034470 0.156435 -0.987087,-0.000004 0.000002 0.000000,0.004374,0.187793,0.188200
5.08000,0.011085 -0.018461 0.116922 -0.098994 0.004307 0.011012,0.413479 0.029233 0.234206,-0.034627 0.155325 -0.987256,-0.034470 0.156435 -0.987087,-0.000004 0.000002 0.000000,0.004468,0.188193,0.188600
5.09000,0.011144 -0.018367 0.116829 -0.099031 0.004214 0.011075,0.413466 0.029301 0.233812,-0.034623 0.155359 -0.987251,-0.034470 0.156435 -0.987087,-0.000004 0.000002 0.000000,0.004561,0.188593,0.189000
5.10000,0.011201 -0.018272 0.116737 -0.099068 0.004124 0.011136,0.413453 0.029370 0.233418,-0.034619 0.155391 -0.987246,-0.034470 0.156435 -0.987087,-0.000004 0.000002 0.000000,0.004652,0.188993,0.189400
5.11000,0.011256 -0.018178 0.116644 -0.099103 0.004036 0.011194,0.413440 0.029438 0.233024,-0.034614 0.155422 -0.987241,-0.034470 0.156435 -0.987087,-0.000004 0.000002 0.000000,0.004741,0.189393,0.189800
5.12000,0.005043 -0.009257 0.059501 -0.050105 0.003372 0.004960,0.413427 0.029506 0.232630,-0.034610 0.155453 -0.987237,-0.034470 0.156435 -0.987087,-0.000004 0.000002 0.000000,0.004829,0.189793,0.190000
5.13000,-0.001440 -0.000056 0.000053 0.000957 0.002686 -0.001546,0.413421 0.029543 0.232429,-0.034606 0.155482 -0.987232,-0.034470 0.156435 -0.987087,-0.000004 0.000002 0.000000,0.004779,0.189997,0.190000
5.14000,-0.001397 -0.000054 0.000051 0.000928 0.002605 -0.001500,0.413421 0.029548 0.232430,-0.034602 0.155511 -0.987228,-0.034470 0.156435 -0.987087,-0.000004 0.000002 0.000000,0.004684,0.189997,0.190000
5.15000,-0.001355 -0.000053 0.000050 0.000900 0.002527 -0.001455,0.413422 0.029554 0.232430,-0.034598 0.155538 -0.987224,-0.034470 0.156435 -0.987087,-0.000004 0.000002 0.000000,0.004590,0.189997,0.190000
5.16000,-0.001314 -0.000051 0.000048 0.000873 0.002451 -0.001411,0.413423 0.029559 0.232431,-0.034594 0.155565 -0.987220,-0.034470 0.156435 -0.987087,-0.000004 0.000002 0.000000,0.004498,0.189998,0.190000
5.17000,-0.001275 -0.000049 0.000047 0.000847 0.002378 -0.001369,0.413424 0.029564 0.232432,-0.034590 0.155591 -0.987216,-0.034470 0.156435 -0.987087,-0.000004 0.000002 0.000000,0.004408,0.189998,0.190000
5.18000,-0.001237 -0.000047 0.000046 0.000821 0.002307 -0.001328,0.413425 0.029568 0.232432,-0.034587 0.155617 -0.987212,-0.034470 0.156435 -0.987087,-0.000004 0.000002 0.000000,0.004320,0.189998,0.190000
5.19000,-0.001200 -0.000046 0.000044 0.000796 0.002237 -0.001288,0.413425 0.029573 0.232433,-0.034583 0.155641 -0.987208,-0.034470 0.156435 -0.987087,-0.000004 0.000002 0.000000,0.004234,0.189998,0.190000
5.20000,-0.001164 -0.000044 0.000043 0.000772 0.002170 -0.001249,0.413426 0.029578 0.232434,-0.034580 0.155665 -0.987204,-0.034470 0.156435 -0.987087,-0.000004 0.000002 0.000000,0.004149,0.189998,0.190000
5.21000,-0.001129 -0.000043 0.000042 0.000749 0.002105 -0.001212,0.413427 0.029582 0.232434,-0.034577 0.155688 -0.987201,-0.034470 0.156435 -0.987087,-0.000004 0.000002 0.000000,0.004066,0.189998,0.190000
5.22000,-0.001095 -0.000041 0.000040 0.000726 0.002042 -0.001175,0.413427 0.029586 0.232435,-0.034573 0.155711 -0.987197,-0.034470 0.156435 -0.987087,-0.000004 0.000002 0.000000,0.003985,0.189998,0.190000
5.23000,-0.001062 -0.000040 0.000039 0.000704 0.001981 -0.001140,0.413428 0.029590 0.232436,-0.034570 0.155732 -0.987194,-0.034470 0.156435 -0.987087,-0.000004 0.000001 0.000000,0.003905,0.189998,0.190000
5.24000,-0.001030 -0.000039 0.000038 0.000683 0.001921 -0.001106,0.413429 0.029594 0.232436,-0.034567 0.155753 -0.987191,-0.034470 0.156435 -0.987087,-0.000004 0.000001 0.000000,0.003827,0.189998,0.190000
5.25000,-0.000999 -0.000037 0.000037 0.000662 0.001864 -0.001073,0.413429 0.029598 0.232437,-0.034564 0.155774 -0.987188,-0.034470 0.156435 -0.987087,-0.000003 0.000001 0.000000,0.003750,0.189998,0.190000
5.26000,-0.000969 -0.000036 0.000036 0.000642 0.001808 -0.001040,0.413430 0.029602 0.232437,-0.034562 0.155794 -0.987185,-0.034470 0.156435 -0.987087,-0.000003 0.000001 0.000000,0.003675,0.189998,0.190000
5.27000,-0.000940 -0.000035 0.000035 0.000623 0.001753 -0.001009,0.413431 0.029606 0.232438,-0.034559 0.155813 -0.987182,-0.034470 0.156435 -0.987087,-0.000003 0.000001 0.000000,0.003602,0.189998,0.190000
5.28000,-0.000912 -0.000033 0.000034 0.000604 0.001701 -0.000979,0.413431 0.029609 0.232438,-0.034556 0.155832 -0.987179,-0.034470 0.156435 -0.987087,-0.000003 0.000001 0.000000,0.003530,0.189998,0.190000
5.29000,-0.000884 -0.000032 0.000033 0.000586 0.001650 -0.000950,0.413432 0.029612 0.232439,-0.034554 0.155850 -0.987176,-0.034470 0.156435 -0.987087,-0.000003 0.000001 0.000000,0.003459,0.189998,0.190000
5.30000,-0.000858 -0.000031 0.000032 0.000568 0.001600 -0.000921,0.413432 0.029616 0.232439,-0.034551 0.155867 -0.987174,-0.034470 0.156435 -0.987087,-0.000003 0.000001 0.000000,0.003390,0.189998,0.190000
5.31000,-0.000832 -0.000030 0.000031 0.000551 0.001552 -0.000893,0.413433 0.029619 0.232440,-0.034549 0.155884 -0.987171,-0.034470 0.156435 -0.987087,-0.000003 0.000001 0.000000,0.003322,0.189998,0.190000
5.32000,-0.000807 -0.000029 0.000030 0.000534 0.001506 -0.000867,0.413433 0.029622 0.232440,-0.034546 0.155901 -0.987168,-0.034470 0.156435 -0.987087,-0.000003 0.000001 0.000000,0.003255,0.189998,0.190000
5.33000,-0.000783 -0.000028 0.000029 0.000518 0.001461 -0.000841,0.413434 0.029625 0.232440,-0.034544 0.155917 -0.987166,-0.034470 0.156435 -0.987087,-0.000003 0.000001 0.000000,0.003190,0.189998,0.190000
5.34000,-0.000759 -0.000027 0.000028 0.000503 0.001417 -0.000815,0.413434 0.029628 0.232441,-0.034542 0.155932 -0.987164,-0.034470 0.156435 -0.987087,-0.000003 0.000001 0.000000,0.003127,0.189998,0.190000
5.35000,-0.000737 -0.000026 0.000027 0.000487 0.001374 -0.000791,0.413435 0.029631 0.232441,-0.034540 0.155947 -0.987161,-0.034470 0.156435 -0.987087,-0.000003 0.000001 0.000000,0.003064,0.189998,0.190000
5.36000,-0.000715 -0.000025 0.000027 0.000473 0.001333 -0.000767,0.413435 0.029634 0.232442,-0.034538 0.155962 -0.987159,-0.034470 0.156435 -0.987087,-0.000003 0.000001 0.000000,0.003003,0.189998,0.190000
5.37000,-0.000693 -0.000024 0.000026 0.000458 0.001293 -0.000744,0.413436 0.029636 0.232442,-0.034536 0.155976 -0.987157,-0.034470 0.156435 -0.987087,-0.000003 0.000001 0.000000,0.002943,0.189998,0.190000
5.38000,-0.000672 -0.000024 0.000025 0.000444 0.001254 -0.000722,0.413436 0.029639 0.232442,-0.034534 0.155990 -0.987155,-0.034470 0.156435 -0.987087,-0.000003 0.000001 0.000000,0.002884,0.189999,0.190000
5.39000,-0.000652 -0.000023 0.000024 0.000431 0.001217 -0.000700,0.413436 0.029641 0.232443,-0.034532 0.156003 -0.987153,-0.034470 0.156435 -0.987087,-0.000003 0.000001 0.000000,0.002826,0.189999,0.190000
5.40000,-0.000633 -0.000022 0.000024 0.000418 0.001180 -0.000679,0.413437 0.029644 0.232443,-0.034530 0.156016 -0.987151,-0.034470 0.156435 -0.987087,-0.000003 0.000001 0.000000,0.002770,0.189999,0.190000
5.41000,-0.000614 -0.000021 0.000023 0.000405 0.001145 -0.000659,0.413437 0.029646 0.232443,-0.034528 0.156029 -0.987149,-0.034470 0.156435 -0.987087,-0.000003 0.000001 0.000000,0.002714,0.189999,0.190000
5.42000,-0.000595 -0.000020 0.000022 0.000393 0.001110 -0.000639,0.413438 0.029649 0.232444,-0.034526 0.156041 -0.987147,-0.034470 0.156435 -0.987087,-0.000002 0.000001 0.000000,0.002660,0.189999,0.190000
5.43000,-0.000577 -0.000020 0.000022 0.000381 0.001077 -0.000620,0.413438 0.029651 0.232444,-0.034525 0.156053 -0.987145,-0.034470 0.156435 -0.987087,-0.000002 0.000001 0.000000,0.002607,0.189999,0.190000
5.44000,-0.000560 -0.000019 0.000021 0.000370 0.001045 -0.000601,0.413438 0.029653 0.232444,-0.034523 0.156064 -0.987143,-0.034470 0.156435 -0.987087,-0.000002 0.000001 0.000000,0.002555,0.189999,0.190000
5.45000,-0.000543 -0.000018 0.000020 0.000358 0.001013 -0.000583,0.413439 0.029655 0.232445,-0.034521 0.156075 -0.987142,-0.034470 0.156435 -0.987087,-0.000002 0.000001 0.000000,0.002503,0.189999,0.190000
5.46000,-0.000527 -0.000018 0.000020 0.000348 0.000983 -0.000566,0.413439 0.029657 0.232445,-0.034520 0.156086 -0.987140,-0.034470 0.156435 -0.987087,-0.000002 0.000001 0.000000,0.002453,0.189999,0.190000
5.47000,-0.000511 -0.000017 0.000019 0.000337 0.000954 -0.000549,0.413439 0.029659 0.232445,-0.034518 0.156097 -0.987138,-0.034470 0.156435 -0.987087,-0.000002 0.000001 0.000000,0.002404,0.189999,0.190000
5.48000,-0.000496 -0.000016 0.000019 0.000327 0.000925 -0.000532,0.413440 0.029661 0.232445,-0.034517 0.156107 -0.987137,-0.034470 0.156435 -0.987087,-0.000002 0.000001 0.000000,0.002356,0.189999,0.190000
5.49000,-0.000481 -0.000016 0.000018 0.000317 0.000897 -0.000516,0.413440 0.029663 0.232446,-0.034515 0.156117 -0.987135,-0.034470 0.156435 -0.987087,-0.000002 0.000001 0.000000,0.002309,0.189999,0.190000
5.50000,-0.000466 -0.000015 0.000017 0.000307 0.000870 -0.000501,0.413440 0.029665 0.232446,-0.034514 0.156126 -0.987134,-0.034470 0.156435 -0.987087,-0.000002 0.000001 0.000000,0.002263,0.189999,0.190000
5.51000,-0.000452 -0.000015 0.000017 0.000298 0.000844 -0.000486,0.413441 0.029666 0.232446,-0.034513 0.156135 -0.987133,-0.034470 0.156435 -0.987087,-0.000002 0.000001 0.000000,0.002218,0.189999,0.190000
5.52000,-0.000439 -0.000014 0.000016 0.000289 0.000819 -0.000471,0.413441 0.029668 0.232446,-0.034511 0.156144 -0.987131,-0.034470 0.156435 -0.987087,-0.000002 0.000001 0.000000,0.002173,0.189999,0.190000
5.53000,-0.000426 -0.000014 0.000016 0.000280 0.000794 -0.000457,0.413441 0.029670 0.232447,-0.034510 0.156153 -0.987130,-0.034470 0.156435 -0.987087,-0.000002 0.000001 0.000000,0.002130,0.189999,0.190000
5.54000,-0.000413 -0.000013 0.000016 0.000272 0.000770 -0.000443,0.413441 0.029671 0.232447,-0.034509 0.156162 -0.987129,-0.034470 0.156435 -0.987087,-0.000002 0.000001 0.000000,0.002087,0.189999,0.190000
5.55000,-0.000400 -0.000013 0.000015 0.000263 0.000747 -0.000430,0.413442 0.029673 0.232447,-0.034508 0.156170 -0.987127,-0.034470 0.156435 -0.987087,-0.000002 0.000001 0.000000,0.002045,0.189999,0.190000
5.56000,-0.000388 -0.000012 0.000015 0.000255 0.000725 -0.000417,0.413442 0.029674 0.232447,-0.034507 0.156178 -0.987126,-0.034470 0.156435 -0.987087,-0.000002 0.000001 0.000000,0.002005,0.189999,0.190000
5.57000,-0.000377 -0.000012 0.000014 0.000248 0.000703 -0.000405,0.413442 0.029676 0.232447,-0.034506 0.156185 -0.987125,-0.034470 0.156435 -0.987087,-0.000002 0.000001 0.000000,0.001964,0.189999,0.190000
5.58000,-0.000365 -0.000011 0.000014 0.000240 0.000682 -0.000392,0.413442 0.029677 0.232448,-0.034505 0.156193 -0.987124,-0.034470 0.156435 -0.987087,-0.000002 0.000001 0.000000,0.001925,0.189999,0.190000
5.59000,-0.000354 -0.000011 0.000013 0.000233 0.000662 -0.000381,0.413443 0.029679 0.232448,-0.034504 0.156200 -0.987123,-0.034470 0.156435 -0.987087,-0.000002 0.000001 0.000000,0.001887,0.189999,0.190000
5.60000,-0.000344 -0.000010 0.000013 0.000226 0.000642 -0.000369,0.413443 0.029680 0.232448,-0.034503 0.156207 -0.987122,-0.034470 0.156435 -0.987087,-0.000002 0.000001 0.000000,0.001849,0.189999,0.190000
5.61000,-0.000334 -0.000010 0.000013 0.000219 0.000623 -0.000358,0.413443 0.029681 0.232448,-0.034502 0.156214 -0.987120,-0.034470 0.156435 -0.987087,-0.000002 0.000001 0.000000,0.001812,0.189999,0.190000
5.62000,-0.000323 -0.000010 0.000012 0.000212 0.000604 -0.000347,0.413443 0.029682 0.232448,-0.034501 0.156221 -0.987119,-0.034470 0.156435 -0.987087,-0.000002 0.000001 0.000000,0.001776,0.189999,0.190000
5.63000,-0.000314 -0.000009 0.000012 0.000206 0.000586 -0.000337,0.413443 0.029684 0.232448,-0.034500 0.156227 -0.987118,-0.034470 0.156435 -0.987087,-0.000002 0.000001 0.000000,0.001740,0.189999,0.190000
5.64000,-0.000304 -0.000009 0.000012 0.000200 0.000568 -0.000327,0.413444 0.029685 0.232449,-0.034499 0.156233 -0.987118,-0.034470 0.156435 -0.987087,-0.000002 0.000001 0.000000,0.001705,0.189999,0.190000
5.65000,-0.000295 -0.000009 0.000011 0.000194 0.000551 -0.000317,0.413444 0.029686 0.232449,-0.034498 0.156239 -0.987117,-0.034470 0.156435 -0.987087,-0.000002 0.000001 0.000000,0.001671,0.189999,0.190000
5.66000,-0.000286 -0.000008 0.000011 0.000188 0.000535 -0.000308,0.413444 0.029687 0.232449,-0.034497 0.156245 -0.987116,-0.034470 0.156435 -0.987087,-0.000002 0.000001 0.000000,0.001638,0.189999,0.190000
5.67000,-0.000278 -0.000008 0.000011 0.000182 0.000519 -0.000298,0.413444 0.029688 0.232449,-0.034496 0.156251 -0.987115,-0.034470 0.156435 -0.987087,-0.000001 0.000001 0.000000,0.001605,0.189999,0.190000
5.68000,-0.000269 -0.000008 0.000010 0.000176 0.000503 -0.000289,0.413444 0.029689 0.232449,-0.034496 0.156256 -0.987114,-0.034470 0.156435 -0.987087,-0.000001 0.000001 0.000000,0.001573,0.189999,0.190000
5.69000,-0.000261 -0.000007 0.000010 0.000171 0.000488 -0.000281,0.413445 0.029690 0.232449,-0.034495 0.156262 -0.987113,-0.034470 0.156435 -0.987087,-0.000001 0.000001 0.000000,0.001542,0.189999,0.190000
5.70000,-0.000253 -0.000007 0.000010 0.000166 0.000473 -0.000272,0.413445 0.029691 0.232449,-0.034494 0.156267 -0.987112,-0.034470 0.156435 -0.987087,-0.000001 0.000001 0.000000,0.001511,0.189999,0.190000
5.71000,-0.000246 -0.000007 0.000009 0.000161 0.000459 -0.000264,0.413445 0.029692 0.232450,-0.034493 0.156272 -0.987112,-0.034470 0.156435 -0.987087,-0.000001 0.000001 0.000000,0.001480,0.189999,0.190000
5.72000,-0.000238 -0.000007 0.000009 0.000156 0.000445 -0.000256,0.413445 0.029693 0.232450,-0.034493 0.156277 -0.987111,-0.034470 0.156435 -0.987087,-0.000001 0.000001 0.000000,0.001451,0.189999,0.190000
5.73000,-0.000231 -0.000006 0.000009 0.000151 0.000432 -0.000248,0.413445 0.029694 0.232450,-0.034492 0.156282 -0.987110,-0.034470 0.156435 -0.987087,-0.000001 0.000001 0.000000,0.001422,0.189999,0.190000
5.74000,-0.000224 -0.000006 0.000009 0.000147 0.000419 -0.000241,0.413445 0.029695 0.232450,-0.034491 0.156286 -0.987109,-0.034470 0.156435 -0.987087,-0.000001 0.000001 0.000000,0.001393,0.189999,0.190000
5.75000,-0.000218 -0.000006 0.000008 0.000142 0.000406 -0.000234,0.413446 0.029696 0.232450,-0.034491 0.156291 -0.987109,-0.034470 0.156435 -0.987087,-0.000001 0.000001 0.000000,0.001366,0.189999,0.190000
5.76000,-0.000211 -0.000006 0.000008 0.000138 0.000394 -0.000227,0.413446 0.029696 0.232450,-0.034490 0.156295 -0.987108,-0.034470 0.156435 -0.987087,-0.000001 0.000001 0.000000,0.001338,0.189999,0.190000
5.77000,-0.000205 -0.000005 0.000008 0.000134 0.000382 -0.000220,0.413446 0.029697 0.232450,-0.034489 0.156299 -0.987107,-0.034470 0.156435 -0.987087,-0.000001 0.000000 0.000000,0.001311,0.189999,0.190000
5.78000,-0.000199 -0.000005 0.000008 0.000130 0.000371 -0.000213,0.413446 0.029698 0.232450,-0.034489 0.156303 -0.987107,-0.034470 0.156435 -0.987087,-0.000001 0.000000 0.000000,0.001285,0.189999,0.190000
5.79000,-0.000193 -0.000005 0.000007 0.000126 0.000360 -0.000207,0.413446 0.029699 0.232450,-0.034488 0.156307 -0.987106,-0.034470 0.156435 -0.987087,-0.000001 0.000000 0.000000,0.001260,0.189999,0.190000
5.80000,-0.000187 -0.000005 0.000007 0.000122 0.000349 -0.000201,0.413446 0.029699 0.232451,-0.034488 0.156311 -0.987106,-0.034470 0.156435 -0.987087,-0.000001 0.000000 0.000000,0.001234,0.190000,0.190000
5.81000,-0.000181 -0.000005 0.000007 0.000118 0.000339 -0.000195,0.413446 0.029700 0.232451,-0.034487 0.156315 -0.987105,-0.034470 0.156435 -0.987087,-0.000001 0.000000 0.000000,0.001210,0.190000,0.190000
5.82000,-0.000176 -0.000004 0.000007 0.000115 0.000328 -0.000189,0.413446 0.029701 0.232451,-0.034487 0.156318 -0.987104,-0.034470 0.156435 -0.987087,-0.000001 0.000000 0.000000,0.001185,0.190000,0.190000
5.83000,-0.000171 -0.000004 0.000007 0.000111 0.000319 -0.000183,0.413447 0.029702 0.232451,-0.034486 0.156322 -0.987104,-0.034470 0.156435 -0.987087,-0.000001 0.000000 0.000000,0.001162,0.190000,0.190000
5.84000,-0.000165 -0.000004 0.000006 0.000108 0.000309 -0.000178,0.413447 0.029702 0.232451,-0.034486 0.156325 -0.987103,-0.034470 0.156435 -0.987087,-0.000001 0.000000 0.000000,0.001138,0.190000,0.190000
5.85000,-0.000160 -0.000004 0.000006 0.000104 0.000300 -0.000172,0.413447 0.029703 0.232451,-0.034485 0.156329 -0.987103,-0.034470 0.156435 -0.987087,-0.000001 0.000000 0.000000,0.001116,0.190000,0.190000
5.86000,-0.000156 -0.000004 0.000006 0.000101 0.000291 -0.000167,0.413447 0.029703 0.232451,-0.034485 0.156332 -0.987102,-0.034470 0.156435 -0.987087,-0.000001 0.000000 0.000000,0.001093,0.190000,0.190000
5.87000,-0.000151 -0.000004 0.000006 0.000098 0.000282 -0.000162,0.413447 0.029704 0.232451,-0.034484 0.156335 -0.987102,-0.034470 0.156435 -0.987087,-0.000001 0.000000 0.000000,0.001072,0.190000,0.190000
5.88000,-0.000146 -0.000003 0.000006 0.000095 0.000274 -0.000157,0.413447 0.029705 0.232451,-0.034484 0.156338 -0.987101,-0.034470 0.156435 -0.987087,-0.000001 0.000000 0.000000,0.001050,0.190000,0.190000
5.89000,-0.000142 -0.000003 0.000005 0.000092 0.000265 -0.000153,0.413447 0.029705 0.232451,-0.034483 0.156341 -0.987101,-0.034470 0.156435 -0.987087,-0.000001 0.000000 0.000000,0.001029,0.190000,0.190000
5.90000,-0.000138 -0.000003 0.000005 0.000089 0.000257 -0.000148,0.413447 0.029706 0.232451,-0.034483 0.156344 -0.987101,-0.034470 0.156435 -0.987087,-0.000001 0.000000 0.000000,0.001009,0.190000,0.190000
5.91000,-0.000134 -0.000003 0.000005 0.000087 0.000250 -0.000144,0.413447 0.029706 0.232451,-0.034483 0.156346 -0.987100,-0.034470 0.156435 -0.987087,-0.000001 0.000000 0.000000,0.000988,0.190000,0.190000
5.92000,-0.000130 -0.000003 0.000005 0.000084 0.000242 -0.000139,0.413447 0.029707 0.232451,-0.034482 0.156349 -0.987100,-0.034470 0.156435 -0.987087,-0.000001 0.000000 0.000000,0.000969,0.190000,0.190000
5.93000,-0.000126 -0.000003 0.000005 0.000081 0.000235 -0.000135,0.413448 0.029707 0.232452,-0.034482 0.156352 -0.987099,-0.034470 0.156435 -0.987087,-0.000001 0.000000 0.000000,0.000949,0.190000,0.190000
5.94000,-0.000122 -0.000003 0.000005 0.000079 0.000228 -0.000131,0.413448 0.029708 0.232452,-0.034482 0.156354 -0.987099,-0.034470 0.156435 -0.987087,-0.000001 0.000000 0.000000,0.000930,0.190000,0.190000
5.95000,-0.000118 -0.000002 0.000005 0.000077 0.000221 -0.000127,0.413448 0.029708 0.232452,-0.034481 0.156356 -0.987099,-0.034470 0.156435 -0.987087,-0.000001 0.000000 0.000000,0.000912,0.190000,0.190000
5.96000,-0.000115 -0.000002 0.000004 0.000074 0.000214 -0.000123,0.413448 0.029708 0.232452,-0.034481 0.156359 -0.987098,-0.034470 0.156435 -0.987087,-0.000001 0.000000 0.000000,0.000893,0.190000,0.190000
5.97000,-0.000111 -0.000002 0.000004 0.000072 0.000208 -0.000120,0.413448 0.029709 0.232452,-0.034481 0.156361 -0.987098,-0.034470 0.156435 -0.987087,-0.000001 0.000000 0.000000,0.000876,0.190000,0.190000
5.98000,-0.000108 -0.000002 0.000004 0.000070 0.000202 -0.000116,0.413448 0.029709 0.232452,-0.034480 0.156363 -0.987098,-0.034470 0.156435 -0.987087,-0.000001 0.000000 0.000000,0.000858,0.190000,0.190000
5.99000,-0.000105 -0.000002 0.000004 0.000068 0.000196 -0.000112,0.413448 0.029710 0.232452,-0.034480 0.156365 -0.987097,-0.034470 0.156435 -0.987087,-0.000001 0.000000 0.000000,0.000841,0.190000,0.190000
6.00000,-0.004250 0.024582 -0.124031 0.106954 -0.017270 -0.005179,0.413448 0.029710 0.232452,-0.034480 0.156368 -0.987097,-0.038803 0.152124 -0.987599,-0.000001 0.000000 0.000000,0.000824,0.190000,0.189600
6.01000,0.004274 0.031122 -0.131511 0.113491 -0.033047 0.002503,0.413437 0.029623 0.232844,-0.034609 0.156240 -0.987113,-0.043140 0.147810 -0.988074,-0.000001 0.000000 0.000000,0.001026,0.189600,0.189200
6.02000,0.012588 0.037515 -0.138812 0.119848 -0.048341 0.010002,0.413402 0.029513 0.233233,-0.034865 0.155988 -0.987144,-0.047482 0.143493 -0.988512,-0.000001 0.000000 0.000000,0.001261,0.189200,0.188800
6.03000,0.020695 0.043764 -0.145937 0.126036 -0.063164 0.017323,0.413345 0.029380 0.233619,-0.035243 0.155613 -0.987189,-0.051827 0.139174 -0.988911,-0.000002 0.000000 0.000000,0.001536,0.188800,0.188400
6.04000,0.028599 0.049874 -0.152891 0.132064 -0.077528 0.024471,0.413265 0.029225 0.234002,-0.035741 0.155121 -0.987249,-0.056175 0.134851 -0.989272,-0.000002 0.000000 0.000000,0.001854,0.188400,0.188000
6.05000,0.036304 0.055849 -0.159676 0.137941 -0.091443 0.031450,0.413163 0.029049 0.234384,-0.036354 0.154515 -0.987321,-0.060526 0.130527 -0.989596,-0.000002 -0.000000 0.000000,0.002216,0.188000,0.187600
6.06000,0.043813 0.061693 -0.166298 0.143676 -0.104921 0.038264,0.413041 0.028852 0.234763,-0.037079 0.153798 -0.987406,-0.064880 0.126199 -0.989881,-0.000003 -0.000000 0.000000,0.002619,0.187600,0.187200
6.07000,0.051131 0.067411 -0.172758 0.149277 -0.117973 0.044919,0.412900 0.028636 0.235140,-0.037913 0.152973 -0.987503,-0.069237 0.121870 -0.990128,-0.000003 -0.000001 0.000000,0.003062,0.187200,0.186800
6.08000,0.058262 0.073007 -0.179061 0.154752 -0.130608 0.051419,0.412739 0.028401 0.235515,-0.038853 0.152044 -0.987610,-0.073595 0.117538 -0.990338,-0.000003 -0.000001 0.000000,0.003542,0.186800,0.186400
6.09000,0.065208 0.078483 -0.185211 0.160107 -0.142839 0.057767,0.412560 0.028148 0.235888,-0.039896 0.151014 -0.987726,-0.077955 0.113204 -0.990509,-0.000004 -0.000001 -0.000000,0.004055,0.186400,0.186000
6.10000,0.071974 0.083844 -0.191210 0.165350 -0.154675 0.063969,0.412363 0.027877 0.236260,-0.041038 0.149885 -0.987851,-0.082316 0.108867 -0.990642,-0.000004 -0.000002 -0.000000,0.004599,0.186000,0.185600
6.11000,0.078564 0.089092 -0.197063 0.170486 -0.166126 0.070027,0.412149 0.027590 0.236630,-0.042278 0.148661 -0.987984,-0.086678 0.104529 -0.990737,-0.000005 -0.000002 -0.000000,0.005171,0.185600,0.185200
6.12000,0.084981 0.094233 -0.202773 0.175522 -0.177202 0.075947,0.411918 0.027286 0.237000,-0.043611 0.147345 -0.988123,-0.091041 0.100188 -0.990794,-0.000005 -0.000002 -0.000000,0.005767,0.185200,0.184800
6.13000,0.091228 0.099267 -0.208342 0.180463 -0.187914 0.081730,0.411672 0.026967 0.237368,-0.045035 0.145939 -0.988268,-0.095405 0.095846 -0.990814,-0.000006 -0.000003 -0.000000,0.006385,0.184800,0.184400
6.14000,0.097309 0.104199 -0.213775 0.185314 -0.198270 0.087383,0.411410 0.026633 0.237736,-0.046548 0.144446 -0.988417,-0.099768 0.091502 -0.990794,-0.000006 -0.000003 -0.000000,0.007022,0.184399,0.184000
6.15000,0.103228 0.109032 -0.219074 0.190081 -0.208281 0.092907,0.411134 0.026284 0.238104,-0.048146 0.142868 -0.988570,-0.104131 0.087156 -0.990737,-0.000007 -0.000004 -0.000000,0.007677,0.183999,0.183600
6.16000,0.108988 0.113768 -0.224243 0.194767 -0.217954 0.098306,0.410844 0.025922 0.238471,-0.049828 0.141209 -0.988725,-0.108493 0.082809 -0.990642,-0.000007 -0.000004 -0.000000,0.008347,0.183599,0.183200
6.17000,0.114592 0.118410 -0.229285 0.199377 -0.227300 0.103585,0.410541 0.025546 0.238838,-0.051591 0.139469 -0.988882,-0.112854 0.078460 -0.990509,-0.000008 -0.000005 -0.000000,0.009030,0.183199,0.182800
6.18000,0.120044 0.122961 -0.234202 0.203914 -0.236327 0.108746,0.410225 0.025157 0.239205,-0.053432 0.137652 -0.989038,-0.117214 0.074109 -0.990338,-0.000008 -0.000005 -0.000000,0.009723,0.182798,0.182400
6.19000,0.125347 0.127423 -0.238999 0.208384 -0.245043 0.113792,0.409896 0.024757 0.239573,-0.055349 0.135761 -0.989194,-0.121573 0.069757 -0.990128,-0.000009 -0.000006 -0.000000,0.010426,0.182398,0.182000
6.20000,0.121616 0.124785 -0.235802 0.205501 -0.237481 0.110595,0.409555 0.024344 0.239940,-0.057340 0.133796 -0.989349,-0.121573 0.069757 -0.990128,-0.000009 -0.000006 -0.000000,0.011137,0.181998,0.181600
6.21000,0.117995 0.122218 -0.232704 0.202681 -0.230155 0.107483,0.409227 0.023944 0.240311,-0.059271 0.131889 -0.989491,-0.121573 0.069757 -0.990128,-0.000010 -0.000007 -0.000000,0.011818,0.181597,0.181200
6.22000,0.114482 0.119720 -0.229700 0.199923 -0.223060 0.104454,0.408911 0.023555 0.240683,-0.061145 0.130038 -0.989622,-0.121573 0.069757 -0.990128,-0.000010 -0.000008 -0.000000,0.012469,0.181197,0.180800
6.23000,0.111073 0.117290 -0.226787 0.197227 -0.216187 0.101507,0.408606 0.023178 0.241057,-0.062962 0.128242 -0.989742,-0.121573 0.069757 -0.990128,-0.000010 -0.000008 -0.000000,0.013090,0.180797,0.180400
6.24000,0.107765 0.114926 -0.223965 0.194592 -0.209529 0.098638,0.408313 0.022811 0.241434,-0.064724 0.126498 -0.989853,-0.121573 0.069757 -0.990128,-0.000011 -0.000008 -0.000000,0.013682,0.180397,0.180000
6.25000,0.104556 0.112627 -0.221228 0.192017 -0.203079 0.095846,0.408031 0.022456 0.241811,-0.066433 0.124807 -0.989955,-0.121573 0.069757 -0.990128,-0.000011 -0.000009 -0.000000,0.014244,0.179996,0.179600
6.26000,0.101441 0.110391 -0.218576 0.189502 -0.196831 0.093129,0.407760 0.022111 0.242191,-0.068091 0.123165 -0.990047,-0.121573 0.069757 -0.990128,-0.000012 -0.000009 -0.000000,0.014777,0.179596,0.179200
6.27000,0.098419 0.108216 -0.216004 0.187046 -0.190779 0.090486,0.407498 0.021775 0.242572,-0.069700 0.121571 -0.990133,-0.121573 0.069757 -0.990128,-0.000012 -0.000010 -0.000000,0.015282,0.179196,0.178800
6.28000,0.095486 0.106102 -0.213512 0.184648 -0.184915 0.087914,0.407247 0.021450 0.242954,-0.071259 0.120025 -0.990210,-0.121573 0.069757 -0.990128,-0.000012 -0.000010 -0.000000,0.015760,0.178796,0.178400
6.29000,0.092640 0.104046 -0.211097 0.182308 -0.179235 0.085411,0.407005 0.021134 0.243338,-0.072772 0.118525 -0.990281,-0.121573 0.069757 -0.990128,-0.000013 -0.000010 -0.000000,0.016211,0.178396,0.178000
6.30000,0.089878 0.102048 -0.208756 0.180024 -0.173732 0.082976,0.406773 0.020827 0.243723,-0.074240 0.117069 -0.990345,-0.121573 0.069757 -0.990128,-0.000013 -0.000011 -0.000000,0.016636,0.177996,0.177600
6.31000,0.087198 0.100105 -0.206487 0.177796 -0.168400 0.080607,0.406550 0.020529 0.244109,-0.075663 0.115656 -0.990403,-0.121573 0.069757 -0.990128,-0.000013 -0.000011 -0.000000,0.017037,0.177596,0.177200
6.32000,0.084597 0.098218 -0.204287 0.175624 -0.163235 0.078302,0.406335 0.020240 0.244495,-0.077043 0.114285 -0.990456,-0.121573 0.069757 -0.990128,-0.000013 -0.000011 -0.000000,0.017412,0.177195,0.176800
6.33000,0.082073 0.096383 -0.202156 0.173505 -0.158231 0.076060,0.406129 0.019959 0.244883,-0.078382 0.112955 -0.990504,-0.121573 0.069757 -0.990128,-0.000014 -0.000011 -0.000000,0.017765,0.176795,0.176400
6.34000,0.079623 0.094600 -0.200091 0.171440 -0.153383 0.073879,0.405931 0.019686 0.245272,-0.079681 0.111665 -0.990546,-0.121573 0.069757 -0.990128,-0.000014 -0.000012 -0.000000,0.018095,0.176395,0.176000
6.35000,0.077246 0.092868 -0.198089 0.169426 -0.148685 0.071757,0.405741 0.019420 0.245662,-0.080940 0.110412 -0.990585,-0.121573 0.069757 -0.990128,-0.000014 -0.000012 -0.000000,0.018402,0.175995,0.175600
6.36000,0.074938 0.091185 -0.196150 0.167464 -0.144134 0.069693,0.405558 0.019163 0.246052,-0.082162 0.109197 -0.990619,-0.121573 0.069757 -0.990128,-0.000014 -0.000012 -0.000000,0.018689,0.175595,0.175200
6.37000,0.072699 0.089550 -0.194271 0.165553 -0.139724 0.067686,0.405383 0.018912 0.246443,-0.083347 0.108018 -0.990649,-0.121573 0.069757 -0.990128,-0.000015 -0.000012 -0.000000,0.018955,0.175195,0.174800
6.38000,0.070526 0.087962 -0.192450 0.163690 -0.135451 0.065733,0.405216 0.018669 0.246835,-0.084496 0.106874 -0.990676,-0.121573 0.069757 -0.990128,-0.000015 -0.000012 -0.000000,0.019202,0.174795,0.174400
6.39000,0.068416 0.086420 -0.190685 0.161876 -0.131311 0.063834,0.405055 0.018432 0.247227,-0.085610 0.105765 -0.990699,-0.121573 0.069757 -0.990128,-0.000015 -0.000012 -0.000000,0.019430,0.174395,0.174000
6.40000,0.066369 0.084922 -0.188976 0.160110 -0.127299 0.061987,0.404901 0.018203 0.247620,-0.086691 0.104688 -0.990719,-0.121573 0.069757 -0.990128,-0.000015 -0.000012 0.000000,0.019639,0.173995,0.173600
6.41000,0.064381 0.083467 -0.187320 0.158390 -0.123412 0.060190,0.404753 0.017979 0.248013,-0.087740 0.103643 -0.990737,-0.121573 0.069757 -0.990128,-0.000015 -0.000013 0.000000,0.019831,0.173595,0.173200
6.42000,0.062452 0.082055 -0.185715 0.156715 -0.119645 0.058443,0.404612 0.017762 0.248407,-0.088757 0.102629 -0.990752,-0.121573 0.069757 -0.990128,-0.000016 -0.000013 0.000000,0.020006,0.173195,0.172800
6.43000,0.060580 0.080684 -0.184161 0.155085 -0.115995 0.056744,0.404477 0.017551 0.248801,-0.089743 0.101646 -0.990765,-0.121573 0.069757 -0.990128,-0.000016 -0.000013 0.000000,0.020165,0.172795,0.172400
6.44000,0.058763 0.079353 -0.182656 0.153499 -0.112458 0.055092,0.404348 0.017346 0.249195,-0.090700 0.100692 -0.990775,-0.121573 0.069757 -0.990128,-0.000016 -0.000013 0.000000,0.020308,0.172395,0.172000
6.45000,0.056998 0.078061 -0.181197 0.151955 -0.109030 0.053485,0.404225 0.017147 0.249590,-0.091628 0.099766 -0.990783,-0.121573 0.069757 -0.990128,-0.000016 -0.000013 0.000000,0.020437,0.171995,0.171600
6.46000,0.055286 0.076807 -0.179785 0.150453 -0.105708 0.051923,0.404107 0.016952 0.249985,-0.092527 0.098868 -0.990789,-0.121573 0.069757 -0.990128,-0.000016 -0.000013 0.000000,0.020551,0.171595,0.171200
6.47000,0.053623 0.075589 -0.178417 0.148992 -0.102489 0.050403,0.403994 0.016764 0.250381,-0.093400 0.097997 -0.990794,-0.121573 0.069757 -0.990128,-0.000016 -0.000013 0.000000,0.020651,0.171195,0.170800
6.48000,0.052009 0.074408 -0.177093 0.147571 -0.099370 0.048926,0.403887 0.016580 0.250777,-0.094247 0.097151 -0.990797,-0.121573 0.069757 -0.990128,-0.000016 -0.000013 0.000000,0.020739,0.170796,0.170400
6.49000,0.050443 0.073262 -0.175810 0.146188 -0.096346 0.047489,0.403784 0.016402 0.251173,-0.095068 0.096331 -0.990799,-0.121573 0.069757 -0.990128,-0.000016 -0.000013 0.000000,0.020813,0.170396,0.170000
6.50000,0.048922 0.072151 -0.174568 0.144844 -0.093416 0.046092,0.403687 0.016228 0.251569,-0.095864 0.095536 -0.990799,-0.121573 0.069757 -0.990128,-0.000016 -0.000013 0.000000,0.020876,0.169996,0.169600
6.51000,0.047445 0.071072 -0.173366 0.143537 -0.090576 0.044734,0.403594 0.016059 0.251965,-0.096637 0.094764 -0.990798,-0.121573 0.069757 -0.990128,-0.000017 -0.000013 0.000000,0.020927,0.169596,0.169200
6.52000,0.046012 0.070026 -0.172202 0.142266 -0.087824 0.043413,0.403506 0.015894 0.252362,-0.097386 0.094015 -0.990796,-0.121573 0.069757 -0.990128,-0.000017 -0.000013 0.000000,0.020967,0.169196,0.168800
6.53000,0.044620 0.069011 -0.171075 0.141031 -0.085156 0.042130,0.403422 0.015734 0.252759,-0.098112 0.093289 -0.990793,-0.121573 0.069757 -0.990128,-0.000017 -0.000013 0.000000,0.020997,0.168796,0.168400
6.54000,0.043269 0.068027 -0.169984 0.139830 -0.082571 0.040881,0.403343 0.015578 0.253156,-0.098817 0.092584 -0.990789,-0.121573 0.069757 -0.990128,-0.000017 -0.000013 0.000000,0.021016,0.168396,0.168000
6.55000,0.041957 0.067073 -0.168928 0.138663 -0.080065 0.039668,0.403267 0.015426 0.253553,-0.099501 0.091901 -0.990784,-0.121573 0.069757 -0.990128,-0.000017 -0.000013 0.000001,0.021026,0.167996,0.167600
6.56000,0.040683 0.066147 -0.167907 0.137528 -0.077636 0.038488,0.403196 0.015278 0.253950,-0.100164 0.091237 -0.990779,-0.121573 0.069757 -0.990128,-0.000017 -0.000013 0.000001,0.021027,0.167596,0.167200
6.57000,0.039447 0.065250 -0.166918 0.136426 -0.075282 0.037341,0.403129 0.015134 0.254347,-0.100807 0.090594 -0.990773,-0.121573 0.069757 -0.990128,-0.000017 -0.000013 0.000001,0.021019,0.167196,0.166800
6.58000,0.038246 0.064381 -0.165961 0.135355 -0.073000 0.036225,0.403065 0.014994 0.254745,-0.101430 0.089970 -0.990766,-0.121573 0.069757 -0.990128,-0.000017 -0.000012 0.000001,0.021003,0.166796,0.166400
6.59000,0.037080 0.063538 -0.165036 0.134315 -0.070789 0.035141,0.403005 0.014858 0.255142,-0.102035 0.089364 -0.990759,-0.121573 0.069757 -0.990128,-0.000017 -0.000012 0.000001,0.020979,0.166396,0.166000
6.60000,0.035948 0.062721 -0.164141 0.133304 -0.068645 0.034087,0.402948 0.014724 0.255540,-0.102622 0.088777 -0.990751,-0.121573 0.069757 -0.990128,-0.000017 -0.000012 0.000001,0.020947,0.165996,0.165600
6.61000,0.034849 0.061930 -0.163275 0.132323 -0.066567 0.033063,0.402895 0.014595 0.255937,-0.103191 0.088207 -0.990743,-0.121573 0.069757 -0.990128,-0.000017 -0.000012 0.000001,0.020909,0.165597,0.165200
6.62000,0.033781 0.061163 -0.162438 0.131369 -0.064552 0.032067,0.402845 0.014468 0.256335,-0.103743 0.087654 -0.990734,-0.121573 0.069757 -0.990128,-0.000017 -0.000012 0.000001,0.020863,0.165197,0.164800
6.63000,0.032745 0.060420 -0.161628 0.130443 -0.062600 0.031098,0.402798 0.014345 0.256732,-0.104279 0.087118 -0.990725,-0.121573 0.069757 -0.990128,-0.000017 -0.000012 0.000001,0.020812,0.164797,0.164400
6.64000,0.031739 0.059701 -0.160846 0.129544 -0.060707 0.030157,0.402755 0.014224 0.257130,-0.104798 0.086598 -0.990716,-0.121573 0.069757 -0.990128,-0.000017 -0.000012 0.000001,0.020754,0.164397,0.164000
6.65000,0.030761 0.059004 -0.160089 0.128671 -0.058872 0.029242,0.402714 0.014107 0.257528,-0.105301 0.086093 -0.990707,-0.121573 0.069757 -0.990128,-0.000017 -0.000012 0.000001,0.020690,0.163997,0.163600
6.66000,0.029812 0.058329 -0.159358 0.127824 -0.057093 0.028353,0.402676 0.013993 0.257926,-0.105790 0.085604 -0.990697,-0.121573 0.069757 -0.990128,-0.000017 -0.000012 0.000001,0.020622,0.163597,0.163200
6.67000,0.028891 0.057676 -0.158651 0.127001 -0.055369 0.027489,0.402641 0.013881 0.258324,-0.106264 0.085129 -0.990687,-0.121573 0.069757 -0.990128,-0.000017 -0.000012 0.000001,0.020548,0.163197,0.162800
6.68000,0.027996 0.057044 -0.157968 0.126203 -0.053698 0.026648,0.402609 0.013772 0.258721,-0.106723 0.084668 -0.990677,-0.121573 0.069757 -0.990128,-0.000017 -0.000011 0.000001,0.020469,0.162797,0.162400
6.69000,0.027127 0.056432 -0.157309 0.125428 -0.052077 0.025832,0.402579 0.013666 0.259119,-0.107169 0.084221 -0.990667,-0.121573 0.069757 -0.990128,-0.000017 -0.000011 0.000001,0.020386,0.162397,0.162000
6.70000,0.026283 0.055839 -0.156672 0.124675 -0.050506 0.025038,0.402552 0.013562 0.259517,-0.107601 0.083788 -0.990657,-0.121573 0.069757 -0.990128,-0.000017 -0.000011 0.000001,0.020298,0.161997,0.161600
6.71000,0.025464 0.055266 -0.156057 0.123946 -0.048984 0.024266,0.402527 0.013461 0.259915,-0.108021 0.083367 -0.990647,-0.121573 0.069757 -0.990128,-0.000017 -0.000011 0.000001,0.020207,0.161598,0.161200
6.72000,0.024668 0.054712 -0.155463 0.123237 -0.047507 0.023516,0.402505 0.013362 0.260313,-0.108428 0.082959 -0.990637,-0.121573 0.069757 -0.990128,-0.000017 -0.000011 0.000001,0.020112,0.161198,0.160800
6.73000,0.023895 0.054176 -0.154890 0.122550 -0.046076 0.022787,0.402485 0.013265 0.260710,-0.108822 0.082563 -0.990627,-0.121573 0.069757 -0.990128,-0.000017 -0.000011 0.000001,0.020013,0.160798,0.160400
6.74000,0.023144 0.053657 -0.154336 0.121883 -0.044688 0.022079,0.402467 0.013171 0.261108,-0.109205 0.082179 -0.990616,-0.121573 0.069757 -0.990128,-0.000017 -0.000011 0.000001,0.019911,0.160398,0.160000
6.75000,0.026120 0.021574 -0.023112 0.022004 -0.042860 0.025065,0.402451 0.013078 0.261506,-0.109576 0.081807 -0.990606,-0.121573 0.069757 -0.990128,-0.000017 -0.000011 0.000001,0.019806,0.159998,0.160000
6.76000,0.025329 0.020931 -0.022416 0.021361 -0.041565 0.024313,0.402394 0.013021 0.261508,-0.109936 0.081446 -0.990596,-0.121573 0.069757 -0.990128,-0.000016 -0.000010 0.000001,0.019399,0.159998,0.160000
6.77000,0.024563 0.020306 -0.021741 0.020736 -0.040309 0.023584,0.402339 0.012965 0.261509,-0.110286 0.081096 -0.990586,-0.121573 0.069757 -0.990128,-0.000016 -0.000010 0.000001,0.019000,0.159998,0.160000
6.78000,0.023820 0.019700 -0.021087 0.020128 -0.039092 0.022877,0.402285 0.012911 0.261511,-0.110624 0.080756 -0.990576,-0.121573 0.069757 -0.990128,-0.000016 -0.000010 0.000001,0.018609,0.159998,0.160000
6.79000,0.023100 0.019111 -0.020452 0.019538 -0.037911 0.022192,0.402232 0.012858 0.261512,-0.110953 0.080426 -0.990566,-0.121573 0.069757 -0.990128,-0.000015 -0.000010 0.000001,0.018227,0.159998,0.160000
6.80000,0.022402 0.018541 -0.019837 0.018965 -0.036767 0.021527,0.402182 0.012807 0.261514,-0.111272 0.080106 -0.990556,-0.121573 0.069757 -0.990128,-0.000015 -0.000010 0.000001,0.017854,0.159998,0.160000
6.81000,0.021725 0.017987 -0.019240 0.018409 -0.035657 0.020881,0.402133 0.012758 0.261515,-0.111581 0.079796 -0.990546,-0.121573 0.069757 -0.990128,-0.000015 -0.000009 0.000001,0.017488,0.159998,0.160000
6.82000,0.021068 0.017450 -0.018661 0.017868 -0.034581 0.020255,0.402085 0.012710 0.261517,-0.111881 0.079495 -0.990537,-0.121573 0.069757 -0.990128,-0.000014 -0.000009 0.000001,0.017130,0.159998,0.160000
6.83000,0.020432 0.016929 -0.018100 0.017343 -0.033537 0.019648,0.402039 0.012663 0.261518,-0.112172 0.079203 -0.990527,-0.121573 0.069757 -0.990128,-0.000014 -0.000009 0.000001,0.016780,0.159998,0.160000
6.84000,0.019815 0.016423 -0.017555 0.016833 -0.032525 0.019059,0.401994 0.012618 0.261520,-0.112454 0.078920 -0.990518,-0.121573 0.069757 -0.990128,-0.000014 -0.000009 0.000001,0.016437,0.159998,0.160000
6.85000,0.019217 0.015933 -0.017027 0.016337 -0.031544 0.018488,0.401950 0.012574 0.261521,-0.112728 0.078645 -0.990509,-0.121573 0.069757 -0.990128,-0.000014 -0.000009 0.000001,0.016102,0.159998,0.160000
6.86000,0.018637 0.015457 -0.016515 0.015856 -0.030593 0.017934,0.401908 0.012532 0.261523,-0.112993 0.078379 -0.990500,-0.121573 0.069757 -0.990128,-0.000013 -0.000009 0.000001,0.015773,0.159998,0.160000
6.87000,0.018074 0.014995 -0.016019 0.015389 -0.029670 0.017397,0.401867 0.012491 0.261524,-0.113251 0.078120 -0.990491,-0.121573 0.069757 -0.990128,-0.000013 -0.000008 0.000001,0.015452,0.159998,0.160000
6.88000,0.017529 0.014547 -0.015537 0.014935 -0.028776 0.016875,0.401827 0.012451 0.261525,-0.113501 0.077869 -0.990482,-0.121573 0.069757 -0.990128,-0.000013 -0.000008 0.000001,0.015137,0.159998,0.160000
6.89000,0.017000 0.014112 -0.015070 0.014495 -0.027908 0.016370,0.401789 0.012412 0.261527,-0.113743 0.077626 -0.990473,-0.121573 0.069757 -0.990128,-0.000012 -0.000008 0.000001,0.014829,0.159998,0.160000
6.90000,0.016488 0.013690 -0.014617 0.014067 -0.027067 0.015879,0.401751 0.012374 0.261528,-0.113978 0.077390 -0.990464,-0.121573 0.069757 -0.990128,-0.000012 -0.000008 0.000001,0.014528,0.159998,0.160000
6.91000,0.015990 0.013281 -0.014178 0.013652 -0.026251 0.015403,0.401715 0.012338 0.261529,-0.114206 0.077161 -0.990456,-0.121573 0.069757 -0.990128,-0.000012 -0.000008 0.000001,0.014232,0.159999,0.160000
6.92000,0.015508 0.012884 -0.013752 0.013248 -0.025460 0.014942,0.401680 0.012303 0.261531,-0.114427 0.076939 -0.990448,-0.121573 0.069757 -0.990128,-0.000012 -0.000008 0.000001,0.013943,0.159999,0.160000
6.93000,0.015041 0.012499 -0.013338 0.012857 -0.024693 0.014494,0.401646 0.012268 0.261532,-0.114642 0.076724 -0.990440,-0.121573 0.069757 -0.990128,-0.000011 -0.000007 0.000001,0.013660,0.159999,0.160000
6.94000,0.014588 0.012126 -0.012938 0.012476 -0.023949 0.014060,0.401613 0.012235 0.261533,-0.114850 0.076515 -0.990432,-0.121573 0.069757 -0.990128,-0.000011 -0.000007 0.000001,0.013383,0.159999,0.160000
6.95000,0.014148 0.011763 -0.012549 0.012107 -0.023228 0.013638,0.401581 0.012203 0.261534,-0.115051 0.076312 -0.990424,-0.121573 0.069757 -0.990128,-0.000011 -0.000007 0.000001,0.013112,0.159999,0.160000
6.96000,0.013722 0.011412 -0.012172 0.011749 -0.022528 0.013230,0.401550 0.012171 0.261535,-0.115247 0.076116 -0.990416,-0.121573 0.069757 -0.990128,-0.000011 -0.000007 0.000001,0.012846,0.159999,0.160000
6.97000,0.013309 0.011071 -0.011806 0.011401 -0.021850 0.012833,0.401520 0.012141 0.261537,-0.115437 0.075925 -0.990409,-0.121573 0.069757 -0.990128,-0.000011 -0.000007 0.000001,0.012586,0.159999,0.160000
6.98000,0.012908 0.010740 -0.011451 0.011063 -0.021192 0.012449,0.401490 0.012112 0.261538,-0.115621 0.075740 -0.990402,-0.121573 0.069757 -0.990128,-0.000010 -0.000007 0.000001,0.012331,0.159999,0.160000
6.99000,0.012519 0.010418 -0.011107 0.010735 -0.020554 0.012076,0.401462 0.012083 0.261539,-0.115800 0.075561 -0.990394,-0.121573 0.069757 -0.990128,-0.000010 -0.000007 0.000001,0.012082,0.159999,0.160000
7.00000,0.012142 0.010107 -0.010774 0.010417 -0.019935 0.011714,0.401435 0.012055 0.261540,-0.115973 0.075387 -0.990387,-0.121573 0.069757 -0.990128,-0.000010 -0.000006 0.000001,0.011838,0.159999,0.160000
7.01000,0.011777 0.009805 -0.010450 0.010108 -0.019335 0.011363,0.401408 0.012028 0.261541,-0.116141 0.075218 -0.990381,-0.121573 0.069757 -0.990128,-0.000010 -0.000006 0.000001,0.011598,0.159999,0.160000
7.02000,0.011422 0.009512 -0.010136 0.009808 -0.018753 0.011022,0.401382 0.012002 0.261542,-0.116304 0.075054 -0.990374,-0.121573 0.069757 -0.990128,-0.000010 -0.000006 0.000001,0.011364,0.159999,0.160000
7.03000,0.011079 0.009227 -0.009832 0.009517 -0.018189 0.010692,0.401357 0.011977 0.261543,-0.116462 0.074895 -0.990367,-0.121573 0.069757 -0.990128,-0.000009 -0.000006 0.000001,0.011134,0.159999,0.160000
7.04000,0.010745 0.008951 -0.009537 0.009235 -0.017641 0.010372,0.401333 0.011953 0.261544,-0.116615 0.074741 -0.990361,-0.121573 0.069757 -0.990128,-0.000009 -0.000006 0.000001,0.010910,0.159999,0.160000
7.05000,0.010422 0.008684 -0.009250 0.008960 -0.017110 0.010061,0.401309 0.011929 0.261545,-0.116764 0.074592 -0.990355,-0.121573 0.069757 -0.990128,-0.000009 -0.000006 0.000001,0.010689,0.159999,0.160000
7.06000,0.010109 0.008424 -0.008973 0.008694 -0.016596 0.009760,0.401286 0.011906 0.261546,-0.116908 0.074447 -0.990348,-0.121573 0.069757 -0.990128,-0.000009 -0.000006 0.000001,0.010474,0.159999,0.160000
7.07000,0.009805 0.008172 -0.008703 0.008436 -0.016096 0.009467,0.401264 0.011883 0.261547,-0.117048 0.074306 -0.990342,-0.121573 0.069757 -0.990128,-0.000009 -0.000006 0.000001,0.010263,0.159999,0.160000
7.08000,0.009510 0.007928 -0.008442 0.008185 -0.015612 0.009184,0.401242 0.011862 0.261548,-0.117184 0.074170 -0.990337,-0.121573 0.069757 -0.990128,-0.000008 -0.000005 0.000001,0.010056,0.159999,0.160000
7.09000,0.009224 0.007691 -0.008189 0.007941 -0.015143 0.008909,0.401221 0.011841 0.261549,-0.117316 0.074037 -0.990331,-0.121573 0.069757 -0.990128,-0.000008 -0.000005 0.000001,0.009853,0.159999,0.160000
7.10000,0.008947 0.007460 -0.007943 0.007705 -0.014687 0.008642,0.401201 0.011820 0.261549,-0.117444 0.073909 -0.990325,-0.121573 0.069757 -0.990128,-0.000008 -0.000005 0.000001,0.009654,0.159999,0.160000
7.11000,0.008678 0.007237 -0.007705 0.007476 -0.014245 0.008383,0.401181 0.011800 0.261550,-0.117567 0.073784 -0.990320,-0.121573 0.069757 -0.990128,-0.000008 -0.000005 0.000001,0.009460,0.159999,0.160000
7.12000,0.008417 0.007021 -0.007473 0.007253 -0.013817 0.008132,0.401162 0.011781 0.261551,-0.117688 0.073664 -0.990315,-0.121573 0.069757 -0.990128,-0.000008 -0.000005 0.000001,0.009269,0.159999,0.160000
7.13000,0.008164 0.006811 -0.007249 0.007038 -0.013401 0.007888,0.401144 0.011762 0.261552,-0.117804 0.073547 -0.990310,-0.121573 0.069757 -0.990128,-0.000008 -0.000005 0.000001,0.009083,0.159999,0.160000
7.14000,0.007919 0.006607 -0.007031 0.006828 -0.012998 0.007652,0.401126 0.011744 0.261553,-0.117917 0.073433 -0.990305,-0.121573 0.069757 -0.990128,-0.000007 -0.000005 0.000001,0.008900,0.159999,0.160000
7.15000,0.007681 0.006410 -0.006820 0.006625 -0.012608 0.007423,0.401108 0.011727 0.261553,-0.118027 0.073323 -0.990300,-0.121573 0.069757 -0.990128,-0.000007 -0.000005 0.000001,0.008721,0.159999,0.160000
7.16000,0.007450 0.006218 -0.006616 0.006427 -0.012229 0.007200,0.401092 0.011710 0.261554,-0.118133 0.073216 -0.990295,-0.121573 0.069757 -0.990128,-0.000007 -0.000005 0.000001,0.008546,0.159999,0.160000
7.17000,0.007226 0.006032 -0.006417 0.006236 -0.011861 0.006985,0.401075 0.011693 0.261555,-0.118237 0.073112 -0.990290,-0.121573 0.069757 -0.990128,-0.000007 -0.000005 0.000001,0.008374,0.159999,0.160000
7.18000,0.007009 0.005851 -0.006225 0.006050 -0.011504 0.006775,0.401059 0.011677 0.261556,-0.118337 0.073011 -0.990286,-0.121573 0.069757 -0.990128,-0.000007 -0.000004 0.000000,0.008205,0.159999,0.160000
7.19000,0.006799 0.005676 -0.006038 0.005869 -0.011159 0.006572,0.401044 0.011662 0.261556,-0.118434 0.072914 -0.990281,-0.121573 0.069757 -0.990128,-0.000007 -0.000004 0.000000,0.008040,0.159999,0.160000
7.20000,0.006594 0.005507 -0.005857 0.005694 -0.010823 0.006376,0.401029 0.011647 0.261557,-0.118528 0.072819 -0.990277,-0.121573 0.069757 -0.990128,-0.000007 -0.000004 0.000000,0.007879,0.159999,0.160000
7.21000,0.006396 0.005342 -0.005681 0.005525 -0.010498 0.006185,0.401015 0.011632 0.261558,-0.118619 0.072727 -0.990273,-0.121573 0.069757 -0.990128,-0.000006 -0.000004 0.000000,0.007720,0.159999,0.160000
7.22000,0.006204 0.005182 -0.005511 0.005360 -0.010182 0.005999,0.401000 0.011618 0.261558,-0.118708 0.072638 -0.990269,-0.121573 0.069757 -0.990128,-0.000006 -0.000004 0.000000,0.007565,0.159999,0.160000
7.23000,0.006018 0.005027 -0.005345 0.005200 -0.009876 0.005820,0.400987 0.011604 0.261559,-0.118794 0.072552 -0.990265,-0.121573 0.069757 -0.990128,-0.000006 -0.000004 0.000000,0.007413,0.159999,0.160000
7.24000,0.005837 0.004877 -0.005185 0.005045 -0.009580 0.005645,0.400974 0.011591 0.261559,-0.118877 0.072468 -0.990261,-0.121573 0.069757 -0.990128,-0.000006 -0.000004 0.000000,0.007264,0.159999,0.160000
7.25000,0.005662 0.004731 -0.005030 0.004894 -0.009292 0.005476,0.400961 0.011578 0.261560,-0.118958 0.072387 -0.990257,-0.121573 0.069757 -0.990128,-0.000006 -0.000004 0.000000,0.007119,0.159999,0.160000
7.26000,0.005492 0.004589 -0.004879 0.004748 -0.009013 0.005312,0.400948 0.011565 0.261560,-0.119037 0.072308 -0.990253,-0.121573 0.069757 -0.990128,-0.000006 -0.000004 0.000000,0.006976,0.159999,0.160000
7.27000,0.005327 0.004452 -0.004732 0.004606 -0.008742 0.005153,0.400936 0.011553 0.261561,-0.119113 0.072231 -0.990250,-0.121573 0.069757 -0.990128,-0.000006 -0.000004 0.000000,0.006836,0.159999,0.160000
7.28000,0.005168 0.004319 -0.004590 0.004469 -0.008479 0.004999,0.400925 0.011541 0.261562,-0.119186 0.072157 -0.990246,-0.121573 0.069757 -0.990128,-0.000006 -0.000004 0.000000,0.006698,0.159999,0.160000
7.29000,0.005012 0.004190 -0.004453 0.004335 -0.008224 0.004849,0.400913 0.011530 0.261562,-0.119258 0.072085 -0.990243,-0.121573 0.069757 -0.990128,-0.000005 -0.000004 0.000000,0.006564,0.159999,0.160000
7.30000,0.004862 0.004064 -0.004319 0.004206 -0.007977 0.004704,0.400902 0.011519 0.261563,-0.119327 0.072015 -0.990240,-0.121573 0.069757 -0.990128,-0.000005 -0.000004 0.000000,0.006432,0.159999,0.160000
7.31000,0.004716 0.003943 -0.004190 0.004080 -0.007738 0.004563,0.400892 0.011508 0.261563,-0.119395 0.071947 -0.990237,-0.121573 0.069757 -0.990128,-0.000005 -0.000003 0.000000,0.006303,0.159999,0.160000
7.32000,0.004575 0.003825 -0.004064 0.003958 -0.007505 0.004426,0.400881 0.011498 0.261564,-0.119460 0.071882 -0.990233,-0.121573 0.069757 -0.990128,-0.000005 -0.000003 0.000000,0.006177,0.159999,0.160000
7.33000,0.004437 0.003710 -0.003942 0.003840 -0.007280 0.004294,0.400871 0.011488 0.261564,-0.119524 0.071818 -0.990230,-0.121573 0.069757 -0.990128,-0.000005 -0.000003 0.000000,0.006053,0.159999,0.160000
7.34000,0.004304 0.003599 -0.003824 0.003725 -0.007061 0.004165,0.400862 0.011478 0.261564,-0.119585 0.071756 -0.990227,-0.121573 0.069757 -0.990128,-0.000005 -0.000003 0.000000,0.005931,0.160000,0.160000
7.35000,0.004175 0.003492 -0.003709 0.003614 -0.006849 0.004041,0.400852 0.011468 0.261565,-0.119645 0.071696 -0.990225,-0.121573 0.069757 -0.990128,-0.000005 -0.000003 0.000000,0.005813,0.160000,0.160000
7.36000,0.004050 0.003387 -0.003598 0.003506 -0.006643 0.003920,0.400843 0.011459 0.261565,-0.119702 0.071638 -0.990222,-0.121573 0.069757 -0.990128,-0.000005 -0.000003 0.000000,0.005696,0.160000,0.160000
7.37000,0.003929 0.003286 -0.003490 0.003401 -0.006444 0.003802,0.400834 0.011450 0.261566,-0.119759 0.071582 -0.990219,-0.121573 0.069757 -0.990128,-0.000005 -0.000003 0.000000,0.005582,0.160000,0.160000
7.38000,0.003811 0.003188 -0.003386 0.003299 -0.006250 0.003688,0.400825 0.011441 0.261566,-0.119813 0.071527 -0.990217,-0.121573 0.069757 -0.990128,-0.000005 -0.000003 0.000000,0.005470,0.160000,0.160000
7.39000,0.003696 0.003092 -0.003284 0.003200 -0.006062 0.003578,0.400817 0.011433 0.261567,-0.119866 0.071474 -0.990214,-0.121573 0.069757 -0.990128,-0.000004 -0.000003 0.000000,0.005360,0.160000,0.160000
7.40000,0.003586 0.003000 -0.003186 0.003105 -0.005880 0.003471,0.400809 0.011425 0.261567,-0.119917 0.071422 -0.990211,-0.121573 0.069757 -0.990128,-0.000004 -0.000003 0.000000,0.005253,0.160000,0.160000
7.41000,0.003478 0.002910 -0.003090 0.003012 -0.005704 0.003367,0.400801 0.011417 0.261567,-0.119967 0.071372 -0.990209,-0.121573 0.069757 -0.990128,-0.000004 -0.000003 0.000000,0.005148,0.160000,0.160000
7.42000,0.003374 0.002823 -0.002998 0.002922 -0.005533 0.003266,0.400793 0.011409 0.261568,-0.120015 0.071324 -0.990207,-0.121573 0.069757 -0.990128,-0.000004 -0.000003 0.000000,0.005044,0.160000,0.160000
7.43000,0.003273 0.002738 -0.002908 0.002834 -0.005366 0.003168,0.400786 0.011402 0.261568,-0.120062 0.071277 -0.990204,-0.121573 0.069757 -0.990128,-0.000004 -0.000003 0.000000,0.004943,0.160000,0.160000
7.44000,0.003175 0.002657 -0.002821 0.002749 -0.005205 0.003073,0.400779 0.011394 0.261568,-0.120107 0.071231 -0.990202,-0.121573 0.069757 -0.990128,-0.000004 -0.000003 0.000000,0.004844,0.160000,0.160000
7.45000,0.003079 0.002577 -0.002736 0.002667 -0.005049 0.002981,0.400772 0.011387 0.261569,-0.120151 0.071187 -0.990200,-0.121573 0.069757 -0.990128,-0.000004 -0.000003 0.000000,0.004747,0.160000,0.160000
7.46000,0.002987 0.002500 -0.002654 0.002587 -0.004897 0.002892,0.400765 0.011381 0.261569,-0.120194 0.071144 -0.990198,-0.121573 0.069757 -0.990128,-0.000004 -0.000003 0.000000,0.004652,0.160000,0.160000
7.47000,0.002898 0.002425 -0.002574 0.002510 -0.004750 0.002806,0.400759 0.011374 0.261569,-0.120235 0.071103 -0.990196,-0.121573 0.069757 -0.990128,-0.000004 -0.000002 0.000000,0.004559,0.160000,0.160000
7.48000,0.002811 0.002353 -0.002497 0.002435 -0.004608 0.002722,0.400752 0.011368 0.261570,-0.120275 0.071062 -0.990194,-0.121573 0.069757 -0.990128,-0.000004 -0.000002 0.000000,0.004468,0.160000,0.160000
7.49000,0.002726 0.002282 -0.002422 0.002362 -0.004469 0.002640,0.400746 0.011361 0.261570,-0.120314 0.071023 -0.990192,-0.121573 0.069757 -0.990128,-0.000004 -0.000002 0.000000,0.004378,0.160000,0.160000
